"Kind","Agent_Id","Queue_Id","Stream_Id","Thread_Id","Dispatch_Id","Kernel_Id","Kernel_Name","Correlation_Id","Start_Timestamp","End_Timestamp","LDS_Block_Size","Scratch_Size","VGPR_Count","Accum_VGPR_Count","SGPR_Count","Workgroup_Size_X","Workgroup_Size_Y","Workgroup_Size_Z","Grid_Size_X","Grid_Size_Y","Grid_Size_Z"
"KERNEL_DISPATCH","Agent 4",1,0,5743,1,8,"void at::native::(anonymous namespace)::distribution_elementwise_grid_stride_kernel<float, 4, at::native::templates::cuda::normal_and_transform<c10::Half, float, at::CUDAGeneratorImpl*, at::native::templates::cuda::normal_kernel<at::CUDAGeneratorImpl*>(at::TensorBase const&, double, double, at::CUDAGeneratorImpl*)::{lambda()#1}::operator()() const::{lambda()#3}::operator()() const::{lambda(float)#1}>(at::TensorIteratorBase&, at::CUDAGeneratorImpl*, at::native::templates::cuda::normal_kernel<at::CUDAGeneratorImpl*>(at::TensorBase const&, double, double, at::CUDAGeneratorImpl*)::{lambda()#1}::operator()() const::{lambda()#3}::operator()() const::{lambda(float)#1})::{lambda(hiprandStatePhilox4_32_10*)#2}, at::native::(anonymous namespace)::distribution_nullary_kernel<c10::Half, float, HIP_vector_type<float, 4u>, at::CUDAGeneratorImpl*, at::native::templates::cuda::normal_and_transform<c10::Half, float, at::CUDAGeneratorImpl*, at::native::templates::cuda::normal_kernel<at::CUDAGeneratorImpl*>(at::TensorBase const&, double, double, at::CUDAGeneratorImpl*)::{lambda()#1}::operator()() const::{lambda()#3}::operator()() const::{lambda(float)#1}>(at::TensorIteratorBase&, at::CUDAGeneratorImpl*, at::native::templates::cuda::normal_kernel<at::CUDAGeneratorImpl*>(at::TensorBase const&, double, double, at::CUDAGeneratorImpl*)::{lambda()#1}::operator()() const::{lambda()#3}::operator()() const::{lambda(float)#1})::{lambda(hiprandStatePhilox4_32_10*)#2}, at::native::templates::cuda::normal_kernel<at::CUDAGeneratorImpl*>(at::TensorBase const&, double, double, at::CUDAGeneratorImpl*)::{lambda()#1}::operator()() const::{lambda()#3}::operator()() const::{lambda(float)#1}>(at::TensorIteratorBase&, at::CUDAGeneratorImpl*, at::native::templates::cuda::normal_and_transform<c10::Half, float, at::CUDAGeneratorImpl*, at::native::templates::cuda::normal_kernel<at::CUDAGeneratorImpl*>(at::TensorBase const&, double, double, at::CUDAGeneratorImpl*)::{lambda()#1}::operator()() const::{lambda()#3}::operator()() const::{lambda(float)#1}>(at::TensorIteratorBase&, at::CUDAGeneratorImpl*, at::native::templates::cuda::normal_kernel<at::CUDAGeneratorImpl*>(at::TensorBase const&, double, double, at::CUDAGeneratorImpl*)::{lambda()#1}::operator()() const::{lambda()#3}::operator()() const::{lambda(float)#1})::{lambda(hiprandStatePhilox4_32_10*)#2} const&, at::native::templates::cuda::normal_kernel<at::CUDAGeneratorImpl*>(at::TensorBase const&, double, double, at::CUDAGeneratorImpl*)::{lambda()#1}::operator()() const::{lambda()#3}::operator()() const::{lambda(float)#1})::{lambda(int, float)#1}>(long, at::PhiloxCudaState, at::native::templates::cuda::normal_and_transform<c10::Half, float, at::CUDAGeneratorImpl*, at::native::templates::cuda::normal_kernel<at::CUDAGeneratorImpl*>(at::TensorBase const&, double, double, at::CUDAGeneratorImpl*)::{lambda()#1}::operator()() const::{lambda()#3}::operator()() const::{lambda(float)#1}>(at::TensorIteratorBase&, at::CUDAGeneratorImpl*, at::native::templates::cuda::normal_kernel<at::CUDAGeneratorImpl*>(at::TensorBase const&, double, double, at::CUDAGeneratorImpl*)::{lambda()#1}::operator()() const::{lambda()#3}::operator()() const::{lambda(float)#1})::{lambda(hiprandStatePhilox4_32_10*)#2}, at::native::(anonymous namespace)::distribution_nullary_kernel<c10::Half, float, HIP_vector_type<float, 4u>, at::CUDAGeneratorImpl*, at::native::templates::cuda::normal_and_transform<c10::Half, float, at::CUDAGeneratorImpl*, at::native::templates::cuda::normal_kernel<at::CUDAGeneratorImpl*>(at::TensorBase const&, double, double, at::CUDAGeneratorImpl*)::{lambda()#1}::operator()() const::{lambda()#3}::operator()() const::{lambda(float)#1}>(at::TensorIteratorBase&, at::CUDAGeneratorImpl*, at::native::templates::cuda::normal_kernel<at::CUDAGeneratorImpl*>(at::TensorBase const&, double, double, at::CUDAGeneratorImpl*)::{lambda()#1}::operator()() const::{lambda()#3}::operator()() const::{lambda(float)#1})::{lambda(hiprandStatePhilox4_32_10*)#2}, at::native::templates::cuda::normal_kernel<at::CUDAGeneratorImpl*>(at::TensorBase const&, double, double, at::CUDAGeneratorImpl*)::{lambda()#1}::operator()() const::{lambda()#3}::operator()() const::{lambda(float)#1}>(at::TensorIteratorBase&, at::CUDAGeneratorImpl*, at::native::templates::cuda::normal_and_transform<c10::Half, float, at::CUDAGeneratorImpl*, at::native::templates::cuda::normal_kernel<at::CUDAGeneratorImpl*>(at::TensorBase const&, double, double, at::CUDAGeneratorImpl*)::{lambda()#1}::operator()() const::{lambda()#3}::operator()() const::{lambda(float)#1}>(at::TensorIteratorBase&, at::CUDAGeneratorImpl*, at::native::templates::cuda::normal_kernel<at::CUDAGeneratorImpl*>(at::TensorBase const&, double, double, at::CUDAGeneratorImpl*)::{lambda()#1}::operator()() const::{lambda()#3}::operator()() const::{lambda(float)#1})::{lambda(hiprandStatePhilox4_32_10*)#2} const&, at::native::templates::cuda::normal_kernel<at::CUDAGeneratorImpl*>(at::TensorBase const&, double, double, at::CUDAGeneratorImpl*)::{lambda()#1}::operator()() const::{lambda()#3}::operator()() const::{lambda(float)#1})::{lambda(int, float)#1})",1,2850329099581817,2850329099692538,0,0,52,4,48,256,1,1,225280,1,1
"KERNEL_DISPATCH","Agent 4",1,0,5743,2,8,"void at::native::(anonymous namespace)::distribution_elementwise_grid_stride_kernel<float, 4, at::native::templates::cuda::normal_and_transform<c10::Half, float, at::CUDAGeneratorImpl*, at::native::templates::cuda::normal_kernel<at::CUDAGeneratorImpl*>(at::TensorBase const&, double, double, at::CUDAGeneratorImpl*)::{lambda()#1}::operator()() const::{lambda()#3}::operator()() const::{lambda(float)#1}>(at::TensorIteratorBase&, at::CUDAGeneratorImpl*, at::native::templates::cuda::normal_kernel<at::CUDAGeneratorImpl*>(at::TensorBase const&, double, double, at::CUDAGeneratorImpl*)::{lambda()#1}::operator()() const::{lambda()#3}::operator()() const::{lambda(float)#1})::{lambda(hiprandStatePhilox4_32_10*)#2}, at::native::(anonymous namespace)::distribution_nullary_kernel<c10::Half, float, HIP_vector_type<float, 4u>, at::CUDAGeneratorImpl*, at::native::templates::cuda::normal_and_transform<c10::Half, float, at::CUDAGeneratorImpl*, at::native::templates::cuda::normal_kernel<at::CUDAGeneratorImpl*>(at::TensorBase const&, double, double, at::CUDAGeneratorImpl*)::{lambda()#1}::operator()() const::{lambda()#3}::operator()() const::{lambda(float)#1}>(at::TensorIteratorBase&, at::CUDAGeneratorImpl*, at::native::templates::cuda::normal_kernel<at::CUDAGeneratorImpl*>(at::TensorBase const&, double, double, at::CUDAGeneratorImpl*)::{lambda()#1}::operator()() const::{lambda()#3}::operator()() const::{lambda(float)#1})::{lambda(hiprandStatePhilox4_32_10*)#2}, at::native::templates::cuda::normal_kernel<at::CUDAGeneratorImpl*>(at::TensorBase const&, double, double, at::CUDAGeneratorImpl*)::{lambda()#1}::operator()() const::{lambda()#3}::operator()() const::{lambda(float)#1}>(at::TensorIteratorBase&, at::CUDAGeneratorImpl*, at::native::templates::cuda::normal_and_transform<c10::Half, float, at::CUDAGeneratorImpl*, at::native::templates::cuda::normal_kernel<at::CUDAGeneratorImpl*>(at::TensorBase const&, double, double, at::CUDAGeneratorImpl*)::{lambda()#1}::operator()() const::{lambda()#3}::operator()() const::{lambda(float)#1}>(at::TensorIteratorBase&, at::CUDAGeneratorImpl*, at::native::templates::cuda::normal_kernel<at::CUDAGeneratorImpl*>(at::TensorBase const&, double, double, at::CUDAGeneratorImpl*)::{lambda()#1}::operator()() const::{lambda()#3}::operator()() const::{lambda(float)#1})::{lambda(hiprandStatePhilox4_32_10*)#2} const&, at::native::templates::cuda::normal_kernel<at::CUDAGeneratorImpl*>(at::TensorBase const&, double, double, at::CUDAGeneratorImpl*)::{lambda()#1}::operator()() const::{lambda()#3}::operator()() const::{lambda(float)#1})::{lambda(int, float)#1}>(long, at::PhiloxCudaState, at::native::templates::cuda::normal_and_transform<c10::Half, float, at::CUDAGeneratorImpl*, at::native::templates::cuda::normal_kernel<at::CUDAGeneratorImpl*>(at::TensorBase const&, double, double, at::CUDAGeneratorImpl*)::{lambda()#1}::operator()() const::{lambda()#3}::operator()() const::{lambda(float)#1}>(at::TensorIteratorBase&, at::CUDAGeneratorImpl*, at::native::templates::cuda::normal_kernel<at::CUDAGeneratorImpl*>(at::TensorBase const&, double, double, at::CUDAGeneratorImpl*)::{lambda()#1}::operator()() const::{lambda()#3}::operator()() const::{lambda(float)#1})::{lambda(hiprandStatePhilox4_32_10*)#2}, at::native::(anonymous namespace)::distribution_nullary_kernel<c10::Half, float, HIP_vector_type<float, 4u>, at::CUDAGeneratorImpl*, at::native::templates::cuda::normal_and_transform<c10::Half, float, at::CUDAGeneratorImpl*, at::native::templates::cuda::normal_kernel<at::CUDAGeneratorImpl*>(at::TensorBase const&, double, double, at::CUDAGeneratorImpl*)::{lambda()#1}::operator()() const::{lambda()#3}::operator()() const::{lambda(float)#1}>(at::TensorIteratorBase&, at::CUDAGeneratorImpl*, at::native::templates::cuda::normal_kernel<at::CUDAGeneratorImpl*>(at::TensorBase const&, double, double, at::CUDAGeneratorImpl*)::{lambda()#1}::operator()() const::{lambda()#3}::operator()() const::{lambda(float)#1})::{lambda(hiprandStatePhilox4_32_10*)#2}, at::native::templates::cuda::normal_kernel<at::CUDAGeneratorImpl*>(at::TensorBase const&, double, double, at::CUDAGeneratorImpl*)::{lambda()#1}::operator()() const::{lambda()#3}::operator()() const::{lambda(float)#1}>(at::TensorIteratorBase&, at::CUDAGeneratorImpl*, at::native::templates::cuda::normal_and_transform<c10::Half, float, at::CUDAGeneratorImpl*, at::native::templates::cuda::normal_kernel<at::CUDAGeneratorImpl*>(at::TensorBase const&, double, double, at::CUDAGeneratorImpl*)::{lambda()#1}::operator()() const::{lambda()#3}::operator()() const::{lambda(float)#1}>(at::TensorIteratorBase&, at::CUDAGeneratorImpl*, at::native::templates::cuda::normal_kernel<at::CUDAGeneratorImpl*>(at::TensorBase const&, double, double, at::CUDAGeneratorImpl*)::{lambda()#1}::operator()() const::{lambda()#3}::operator()() const::{lambda(float)#1})::{lambda(hiprandStatePhilox4_32_10*)#2} const&, at::native::templates::cuda::normal_kernel<at::CUDAGeneratorImpl*>(at::TensorBase const&, double, double, at::CUDAGeneratorImpl*)::{lambda()#1}::operator()() const::{lambda()#3}::operator()() const::{lambda(float)#1})::{lambda(int, float)#1})",2,2850329099786778,2850329099893499,0,0,52,4,48,256,1,1,225280,1,1
"KERNEL_DISPATCH","Agent 4",1,0,5743,3,33,"gemm_kernel_v2",3,2850331628266222,2850331631360017,0,0,32,16,32,256,1,1,2097152,1,1
"KERNEL_DISPATCH","Agent 4",1,0,5743,4,117,"void at::native::vectorized_elementwise_kernel<4, at::native::FillFunctor<int>, std::array<char*, 1ul> >(int, at::native::FillFunctor<int>, std::array<char*, 1ul>)",4,2850331660676516,2850331660882439,0,0,8,0,16,256,1,1,16777216,1,1
"KERNEL_DISPATCH","Agent 4",1,0,5743,5,33,"gemm_kernel_v2",5,2850331660882439,2850331663972874,0,0,32,16,32,256,1,1,2097152,1,1
"KERNEL_DISPATCH","Agent 4",1,0,5743,6,117,"void at::native::vectorized_elementwise_kernel<4, at::native::FillFunctor<int>, std::array<char*, 1ul> >(int, at::native::FillFunctor<int>, std::array<char*, 1ul>)",6,2850331663972874,2850331664171917,0,0,8,0,16,256,1,1,16777216,1,1
"KERNEL_DISPATCH","Agent 4",1,0,5743,7,33,"gemm_kernel_v2",7,2850331664171917,2850331666950829,0,0,32,16,32,256,1,1,2097152,1,1
"KERNEL_DISPATCH","Agent 4",1,0,5743,8,117,"void at::native::vectorized_elementwise_kernel<4, at::native::FillFunctor<int>, std::array<char*, 1ul> >(int, at::native::FillFunctor<int>, std::array<char*, 1ul>)",8,2850331666950829,2850331667150831,0,0,8,0,16,256,1,1,16777216,1,1
"KERNEL_DISPATCH","Agent 4",1,0,5743,9,33,"gemm_kernel_v2",9,2850331667150831,2850331670306068,0,0,32,16,32,256,1,1,2097152,1,1
"KERNEL_DISPATCH","Agent 4",1,0,5743,10,117,"void at::native::vectorized_elementwise_kernel<4, at::native::FillFunctor<int>, std::array<char*, 1ul> >(int, at::native::FillFunctor<int>, std::array<char*, 1ul>)",10,2850331670306068,2850331670509110,0,0,8,0,16,256,1,1,16777216,1,1
"KERNEL_DISPATCH","Agent 4",1,0,5743,11,33,"gemm_kernel_v2",11,2850331670509110,2850331673509945,0,0,32,16,32,256,1,1,2097152,1,1
"KERNEL_DISPATCH","Agent 4",1,0,5743,12,117,"void at::native::vectorized_elementwise_kernel<4, at::native::FillFunctor<int>, std::array<char*, 1ul> >(int, at::native::FillFunctor<int>, std::array<char*, 1ul>)",12,2850331673509945,2850331673713787,0,0,8,0,16,256,1,1,16777216,1,1
"KERNEL_DISPATCH","Agent 4",1,0,5743,13,33,"gemm_kernel_v2",13,2850331673713787,2850331677005826,0,0,32,16,32,256,1,1,2097152,1,1
"KERNEL_DISPATCH","Agent 4",1,0,5743,14,33,"gemm_kernel_v2",14,2850331677119587,2850331680089221,0,0,32,16,32,256,1,1,2097152,1,1
"KERNEL_DISPATCH","Agent 4",1,0,5743,15,33,"gemm_kernel_v2",15,2850331680089221,2850331683331659,0,0,32,16,32,256,1,1,2097152,1,1
"KERNEL_DISPATCH","Agent 4",1,0,5743,16,117,"void at::native::vectorized_elementwise_kernel<4, at::native::FillFunctor<int>, std::array<char*, 1ul> >(int, at::native::FillFunctor<int>, std::array<char*, 1ul>)",16,2850331683331659,2850331683530541,0,0,8,0,16,256,1,1,16777216,1,1
"KERNEL_DISPATCH","Agent 4",1,0,5743,17,33,"gemm_kernel_v2",17,2850331683541741,2850331686671698,0,0,32,16,32,256,1,1,2097152,1,1
"KERNEL_DISPATCH","Agent 4",1,0,5743,18,117,"void at::native::vectorized_elementwise_kernel<4, at::native::FillFunctor<int>, std::array<char*, 1ul> >(int, at::native::FillFunctor<int>, std::array<char*, 1ul>)",18,2850331686679538,2850331686879220,0,0,8,0,16,256,1,1,16777216,1,1
"KERNEL_DISPATCH","Agent 4",1,0,5743,19,33,"gemm_kernel_v2",19,2850331686888660,2850331689697013,0,0,32,16,32,256,1,1,2097152,1,1
"KERNEL_DISPATCH","Agent 4",1,0,5743,20,117,"void at::native::vectorized_elementwise_kernel<4, at::native::FillFunctor<int>, std::array<char*, 1ul> >(int, at::native::FillFunctor<int>, std::array<char*, 1ul>)",20,2850331689704853,2850331689902135,0,0,8,0,16,256,1,1,16777216,1,1
"KERNEL_DISPATCH","Agent 4",1,0,5743,21,33,"gemm_kernel_v2",21,2850331689911895,2850331692737848,0,0,32,16,32,256,1,1,2097152,1,1
"KERNEL_DISPATCH","Agent 4",1,0,5743,22,117,"void at::native::vectorized_elementwise_kernel<4, at::native::FillFunctor<int>, std::array<char*, 1ul> >(int, at::native::FillFunctor<int>, std::array<char*, 1ul>)",22,2850331692746008,2850331692948570,0,0,8,0,16,256,1,1,16777216,1,1
"KERNEL_DISPATCH","Agent 4",1,0,5743,23,33,"gemm_kernel_v2",23,2850331692958292,2850331695875445,0,0,32,16,32,256,1,1,2097152,1,1
"KERNEL_DISPATCH","Agent 4",1,0,5743,24,117,"void at::native::vectorized_elementwise_kernel<4, at::native::FillFunctor<int>, std::array<char*, 1ul> >(int, at::native::FillFunctor<int>, std::array<char*, 1ul>)",24,2850331695883125,2850331696082647,0,0,8,0,16,256,1,1,16777216,1,1
"KERNEL_DISPATCH","Agent 4",1,0,5743,25,33,"gemm_kernel_v2",25,2850331696092087,2850331699262684,0,0,32,16,32,256,1,1,2097152,1,1
"KERNEL_DISPATCH","Agent 4",1,0,5743,26,117,"void at::native::vectorized_elementwise_kernel<4, at::native::FillFunctor<int>, std::array<char*, 1ul> >(int, at::native::FillFunctor<int>, std::array<char*, 1ul>)",26,2850331699270844,2850331699474526,0,0,8,0,16,256,1,1,16777216,1,1
"KERNEL_DISPATCH","Agent 4",1,0,5743,27,33,"gemm_kernel_v2",27,2850331699484286,2850331702325919,0,0,32,16,32,256,1,1,2097152,1,1
"KERNEL_DISPATCH","Agent 4",1,0,5743,28,117,"void at::native::vectorized_elementwise_kernel<4, at::native::FillFunctor<int>, std::array<char*, 1ul> >(int, at::native::FillFunctor<int>, std::array<char*, 1ul>)",28,2850331702333599,2850331702532802,0,0,8,0,16,256,1,1,16777216,1,1
"KERNEL_DISPATCH","Agent 4",1,0,5743,29,33,"gemm_kernel_v2",29,2850331702542402,2850331705671398,0,0,32,16,32,256,1,1,2097152,1,1
"KERNEL_DISPATCH","Agent 4",1,0,5743,30,117,"void at::native::vectorized_elementwise_kernel<4, at::native::FillFunctor<int>, std::array<char*, 1ul> >(int, at::native::FillFunctor<int>, std::array<char*, 1ul>)",30,2850331705679718,2850331705882280,0,0,8,0,16,256,1,1,16777216,1,1
"KERNEL_DISPATCH","Agent 4",1,0,5743,31,33,"gemm_kernel_v2",31,2850331705891880,2850331708750954,0,0,32,16,32,256,1,1,2097152,1,1
"KERNEL_DISPATCH","Agent 4",1,0,5743,32,117,"void at::native::vectorized_elementwise_kernel<4, at::native::FillFunctor<int>, std::array<char*, 1ul> >(int, at::native::FillFunctor<int>, std::array<char*, 1ul>)",32,2850331708758794,2850331708964076,0,0,8,0,16,256,1,1,16777216,1,1
"KERNEL_DISPATCH","Agent 4",1,0,5743,33,33,"gemm_kernel_v2",33,2850331708973676,2850331712033552,0,0,32,16,32,256,1,1,2097152,1,1
"KERNEL_DISPATCH","Agent 4",1,0,5743,34,117,"void at::native::vectorized_elementwise_kernel<4, at::native::FillFunctor<int>, std::array<char*, 1ul> >(int, at::native::FillFunctor<int>, std::array<char*, 1ul>)",34,2850331712041712,2850331712244114,0,0,8,0,16,256,1,1,16777216,1,1
"KERNEL_DISPATCH","Agent 4",1,0,5743,35,33,"gemm_kernel_v2",35,2850331712253874,2850331715163828,0,0,32,16,32,256,1,1,2097152,1,1
"KERNEL_DISPATCH","Agent 4",1,0,5743,36,117,"void at::native::vectorized_elementwise_kernel<4, at::native::FillFunctor<int>, std::array<char*, 1ul> >(int, at::native::FillFunctor<int>, std::array<char*, 1ul>)",36,2850331715171668,2850331715371830,0,0,8,0,16,256,1,1,16777216,1,1
"KERNEL_DISPATCH","Agent 4",1,0,5743,37,33,"gemm_kernel_v2",37,2850331715381590,2850331718535387,0,0,32,16,32,256,1,1,2097152,1,1
"KERNEL_DISPATCH","Agent 4",1,0,5743,38,202,"gemm_kernel_v2",38,2850331809937564,2850331812838077,0,0,36,4,32,512,1,1,4194304,1,1
"KERNEL_DISPATCH","Agent 4",1,0,5743,39,117,"void at::native::vectorized_elementwise_kernel<4, at::native::FillFunctor<int>, std::array<char*, 1ul> >(int, at::native::FillFunctor<int>, std::array<char*, 1ul>)",39,2850331812931358,2850331813130240,0,0,8,0,16,256,1,1,16777216,1,1
"KERNEL_DISPATCH","Agent 4",1,0,5743,40,202,"gemm_kernel_v2",40,2850331813130240,2850331816034593,0,0,36,4,32,512,1,1,4194304,1,1
"KERNEL_DISPATCH","Agent 4",1,0,5743,41,117,"void at::native::vectorized_elementwise_kernel<4, at::native::FillFunctor<int>, std::array<char*, 1ul> >(int, at::native::FillFunctor<int>, std::array<char*, 1ul>)",41,2850331816034593,2850331816234276,0,0,8,0,16,256,1,1,16777216,1,1
"KERNEL_DISPATCH","Agent 4",1,0,5743,42,202,"gemm_kernel_v2",42,2850331816234276,2850331819135589,0,0,36,4,32,512,1,1,4194304,1,1
"KERNEL_DISPATCH","Agent 4",1,0,5743,43,117,"void at::native::vectorized_elementwise_kernel<4, at::native::FillFunctor<int>, std::array<char*, 1ul> >(int, at::native::FillFunctor<int>, std::array<char*, 1ul>)",43,2850331819135589,2850331819332072,0,0,8,0,16,256,1,1,16777216,1,1
"KERNEL_DISPATCH","Agent 4",1,0,5743,44,202,"gemm_kernel_v2",44,2850331819332072,2850331822232105,0,0,36,4,32,512,1,1,4194304,1,1
"KERNEL_DISPATCH","Agent 4",1,0,5743,45,117,"void at::native::vectorized_elementwise_kernel<4, at::native::FillFunctor<int>, std::array<char*, 1ul> >(int, at::native::FillFunctor<int>, std::array<char*, 1ul>)",45,2850331822232105,2850331822431468,0,0,8,0,16,256,1,1,16777216,1,1
"KERNEL_DISPATCH","Agent 4",1,0,5743,46,202,"gemm_kernel_v2",46,2850331822431468,2850331825328461,0,0,36,4,32,512,1,1,4194304,1,1
"KERNEL_DISPATCH","Agent 4",1,0,5743,47,117,"void at::native::vectorized_elementwise_kernel<4, at::native::FillFunctor<int>, std::array<char*, 1ul> >(int, at::native::FillFunctor<int>, std::array<char*, 1ul>)",47,2850331825328461,2850331825527183,0,0,8,0,16,256,1,1,16777216,1,1
"KERNEL_DISPATCH","Agent 4",1,0,5743,48,202,"gemm_kernel_v2",48,2850331825527183,2850331828425617,0,0,36,4,32,512,1,1,4194304,1,1
"KERNEL_DISPATCH","Agent 4",1,0,5743,49,202,"gemm_kernel_v2",49,2850331828566259,2850331831467092,0,0,36,4,32,512,1,1,4194304,1,1
"KERNEL_DISPATCH","Agent 4",1,0,5743,50,202,"gemm_kernel_v2",50,2850331831467092,2850331834367286,0,0,36,4,32,512,1,1,4194304,1,1
"KERNEL_DISPATCH","Agent 4",1,0,5743,51,202,"gemm_kernel_v2",51,2850331834367286,2850331837269879,0,0,36,4,32,512,1,1,4194304,1,1
"KERNEL_DISPATCH","Agent 4",1,0,5743,52,202,"gemm_kernel_v2",52,2850331837269879,2850331840167193,0,0,36,4,32,512,1,1,4194304,1,1
"KERNEL_DISPATCH","Agent 4",1,0,5743,53,202,"gemm_kernel_v2",53,2850331840167193,2850331843071226,0,0,36,4,32,512,1,1,4194304,1,1
"KERNEL_DISPATCH","Agent 4",1,0,5743,54,202,"gemm_kernel_v2",54,2850331843071226,2850331845975100,0,0,36,4,32,512,1,1,4194304,1,1
"KERNEL_DISPATCH","Agent 4",1,0,5743,55,202,"gemm_kernel_v2",55,2850331845975100,2850331848876094,0,0,36,4,32,512,1,1,4194304,1,1
"KERNEL_DISPATCH","Agent 4",1,0,5743,56,202,"gemm_kernel_v2",56,2850331848876094,2850331851778047,0,0,36,4,32,512,1,1,4194304,1,1
"KERNEL_DISPATCH","Agent 4",1,0,5743,57,117,"void at::native::vectorized_elementwise_kernel<4, at::native::FillFunctor<int>, std::array<char*, 1ul> >(int, at::native::FillFunctor<int>, std::array<char*, 1ul>)",57,2850331851778047,2850331851977570,0,0,8,0,16,256,1,1,16777216,1,1
"KERNEL_DISPATCH","Agent 4",1,0,5743,58,202,"gemm_kernel_v2",58,2850331851988930,2850331854891043,0,0,36,4,32,512,1,1,4194304,1,1
"KERNEL_DISPATCH","Agent 4",1,0,5743,59,117,"void at::native::vectorized_elementwise_kernel<4, at::native::FillFunctor<int>, std::array<char*, 1ul> >(int, at::native::FillFunctor<int>, std::array<char*, 1ul>)",59,2850331854899363,2850331855102086,0,0,8,0,16,256,1,1,16777216,1,1
"KERNEL_DISPATCH","Agent 4",1,0,5743,60,202,"gemm_kernel_v2",60,2850331855111526,2850331858016839,0,0,36,4,32,512,1,1,4194304,1,1
"KERNEL_DISPATCH","Agent 4",1,0,5743,61,117,"void at::native::vectorized_elementwise_kernel<4, at::native::FillFunctor<int>, std::array<char*, 1ul> >(int, at::native::FillFunctor<int>, std::array<char*, 1ul>)",61,2850331858025160,2850331858229802,0,0,8,0,16,256,1,1,16777216,1,1
"KERNEL_DISPATCH","Agent 4",1,0,5743,62,202,"gemm_kernel_v2",62,2850331858239562,2850331861143916,0,0,36,4,32,512,1,1,4194304,1,1
"KERNEL_DISPATCH","Agent 4",1,0,5743,63,117,"void at::native::vectorized_elementwise_kernel<4, at::native::FillFunctor<int>, std::array<char*, 1ul> >(int, at::native::FillFunctor<int>, std::array<char*, 1ul>)",63,2850331861152236,2850331861349678,0,0,8,0,16,256,1,1,16777216,1,1
"KERNEL_DISPATCH","Agent 4",1,0,5743,64,202,"gemm_kernel_v2",64,2850331861359438,2850331864262832,0,0,36,4,32,512,1,1,4194304,1,1
"KERNEL_DISPATCH","Agent 4",1,0,5743,65,117,"void at::native::vectorized_elementwise_kernel<4, at::native::FillFunctor<int>, std::array<char*, 1ul> >(int, at::native::FillFunctor<int>, std::array<char*, 1ul>)",65,2850331864271152,2850331864471794,0,0,8,0,16,256,1,1,16777216,1,1
"KERNEL_DISPATCH","Agent 4",1,0,5743,66,202,"gemm_kernel_v2",66,2850331864481234,2850331867388948,0,0,36,4,32,512,1,1,4194304,1,1
"KERNEL_DISPATCH","Agent 4",1,0,5743,67,117,"void at::native::vectorized_elementwise_kernel<4, at::native::FillFunctor<int>, std::array<char*, 1ul> >(int, at::native::FillFunctor<int>, std::array<char*, 1ul>)",67,2850331867397268,2850331867600310,0,0,8,0,16,256,1,1,16777216,1,1
"KERNEL_DISPATCH","Agent 4",1,0,5743,68,202,"gemm_kernel_v2",68,2850331867609911,2850331870517624,0,0,36,4,32,512,1,1,4194304,1,1
"KERNEL_DISPATCH","Agent 4",1,0,5743,69,117,"void at::native::vectorized_elementwise_kernel<4, at::native::FillFunctor<int>, std::array<char*, 1ul> >(int, at::native::FillFunctor<int>, std::array<char*, 1ul>)",69,2850331870525944,2850331870724667,0,0,8,0,16,256,1,1,16777216,1,1
"KERNEL_DISPATCH","Agent 4",1,0,5743,70,202,"gemm_kernel_v2",70,2850331870734427,2850331873637980,0,0,36,4,32,512,1,1,4194304,1,1
"KERNEL_DISPATCH","Agent 4",1,0,5743,71,117,"void at::native::vectorized_elementwise_kernel<4, at::native::FillFunctor<int>, std::array<char*, 1ul> >(int, at::native::FillFunctor<int>, std::array<char*, 1ul>)",71,2850331873646620,2850331873851103,0,0,8,0,16,256,1,1,16777216,1,1
"KERNEL_DISPATCH","Agent 4",1,0,5743,72,202,"gemm_kernel_v2",72,2850331873860381,2850331876765854,0,0,36,4,32,512,1,1,4194304,1,1
"KERNEL_DISPATCH","Agent 4",1,0,5743,73,117,"void at::native::vectorized_elementwise_kernel<4, at::native::FillFunctor<int>, std::array<char*, 1ul> >(int, at::native::FillFunctor<int>, std::array<char*, 1ul>)",73,2850331876774014,2850331876975616,0,0,8,0,16,256,1,1,16777216,1,1
"KERNEL_DISPATCH","Agent 4",1,0,5743,74,202,"gemm_kernel_v2",74,2850331876985056,2850331879889570,0,0,36,4,32,512,1,1,4194304,1,1
"KERNEL_DISPATCH","Agent 4",1,0,5743,75,117,"void at::native::vectorized_elementwise_kernel<4, at::native::FillFunctor<int>, std::array<char*, 1ul> >(int, at::native::FillFunctor<int>, std::array<char*, 1ul>)",75,2850331879897890,2850331880097892,0,0,8,0,16,256,1,1,16777216,1,1
"KERNEL_DISPATCH","Agent 4",1,0,5743,76,202,"gemm_kernel_v2",76,2850331880107332,2850331883009286,0,0,36,4,32,512,1,1,4194304,1,1
"KERNEL_DISPATCH","Agent 4",1,0,5743,77,117,"void at::native::vectorized_elementwise_kernel<4, at::native::FillFunctor<int>, std::array<char*, 1ul> >(int, at::native::FillFunctor<int>, std::array<char*, 1ul>)",77,2850331883017606,2850331883220648,0,0,8,0,16,256,1,1,16777216,1,1
"KERNEL_DISPATCH","Agent 4",1,0,5743,78,202,"gemm_kernel_v2",78,2850331883230248,2850331886132842,0,0,36,4,32,512,1,1,4194304,1,1
"KERNEL_DISPATCH","Agent 4",1,0,5743,79,117,"void at::native::vectorized_elementwise_kernel<4, at::native::FillFunctor<int>, std::array<char*, 1ul> >(int, at::native::FillFunctor<int>, std::array<char*, 1ul>)",79,2850331886141162,2850331886345164,0,0,8,0,16,256,1,1,16777216,1,1
"KERNEL_DISPATCH","Agent 4",1,0,5743,80,202,"gemm_kernel_v2",80,2850331886354764,2850331889261678,0,0,36,4,32,512,1,1,4194304,1,1
"KERNEL_DISPATCH","Agent 4",1,0,5743,81,117,"void at::native::vectorized_elementwise_kernel<4, at::native::FillFunctor<int>, std::array<char*, 1ul> >(int, at::native::FillFunctor<int>, std::array<char*, 1ul>)",81,2850331889269838,2850331889469681,0,0,8,0,16,256,1,1,16777216,1,1
"KERNEL_DISPATCH","Agent 4",1,0,5743,82,202,"gemm_kernel_v2",82,2850331889479281,2850331892381394,0,0,36,4,32,512,1,1,4194304,1,1
"KERNEL_DISPATCH","Agent 4",1,0,5743,83,117,"void at::native::vectorized_elementwise_kernel<4, at::native::FillFunctor<int>, std::array<char*, 1ul> >(int, at::native::FillFunctor<int>, std::array<char*, 1ul>)",83,2850331892389554,2850331892591637,0,0,8,0,16,256,1,1,16777216,1,1
"KERNEL_DISPATCH","Agent 4",1,0,5743,84,202,"gemm_kernel_v2",84,2850331892601397,2850331895505910,0,0,36,4,32,512,1,1,4194304,1,1
"KERNEL_DISPATCH","Agent 4",1,0,5743,85,117,"void at::native::vectorized_elementwise_kernel<4, at::native::FillFunctor<int>, std::array<char*, 1ul> >(int, at::native::FillFunctor<int>, std::array<char*, 1ul>)",85,2850331895514390,2850331895718393,0,0,8,0,16,256,1,1,16777216,1,1
"KERNEL_DISPATCH","Agent 4",1,0,5743,86,202,"gemm_kernel_v2",86,2850331895728473,2850331898634107,0,0,36,4,32,512,1,1,4194304,1,1
"KERNEL_DISPATCH","Agent 4",1,0,5743,87,117,"void at::native::vectorized_elementwise_kernel<4, at::native::FillFunctor<int>, std::array<char*, 1ul> >(int, at::native::FillFunctor<int>, std::array<char*, 1ul>)",87,2850331898642587,2850331898850269,0,0,8,0,16,256,1,1,16777216,1,1
"KERNEL_DISPATCH","Agent 4",1,0,5743,88,202,"gemm_kernel_v2",88,2850331898859709,2850331901761983,0,0,36,4,32,512,1,1,4194304,1,1
"KERNEL_DISPATCH","Agent 4",1,0,5743,89,117,"void at::native::vectorized_elementwise_kernel<4, at::native::FillFunctor<int>, std::array<char*, 1ul> >(int, at::native::FillFunctor<int>, std::array<char*, 1ul>)",89,2850331901770303,2850331901973025,0,0,8,0,16,256,1,1,16777216,1,1
"KERNEL_DISPATCH","Agent 4",1,0,5743,90,202,"gemm_kernel_v2",90,2850331901982785,2850331904884419,0,0,36,4,32,512,1,1,4194304,1,1
"KERNEL_DISPATCH","Agent 4",1,0,5743,91,117,"void at::native::vectorized_elementwise_kernel<4, at::native::FillFunctor<int>, std::array<char*, 1ul> >(int, at::native::FillFunctor<int>, std::array<char*, 1ul>)",91,2850331904892579,2850331905090181,0,0,8,0,16,256,1,1,16777216,1,1
"KERNEL_DISPATCH","Agent 4",1,0,5743,92,202,"gemm_kernel_v2",92,2850331905100261,2850331908004775,0,0,36,4,32,512,1,1,4194304,1,1
"KERNEL_DISPATCH","Agent 4",1,0,5743,93,117,"void at::native::vectorized_elementwise_kernel<4, at::native::FillFunctor<int>, std::array<char*, 1ul> >(int, at::native::FillFunctor<int>, std::array<char*, 1ul>)",93,2850331908013255,2850331908210697,0,0,8,0,16,256,1,1,16777216,1,1
"KERNEL_DISPATCH","Agent 4",1,0,5743,94,202,"gemm_kernel_v2",94,2850331908220618,2850331911122571,0,0,36,4,32,512,1,1,4194304,1,1
"KERNEL_DISPATCH","Agent 4",1,0,5743,95,117,"void at::native::vectorized_elementwise_kernel<4, at::native::FillFunctor<int>, std::array<char*, 1ul> >(int, at::native::FillFunctor<int>, std::array<char*, 1ul>)",95,2850331911130571,2850331911329294,0,0,8,0,16,256,1,1,16777216,1,1
"KERNEL_DISPATCH","Agent 4",1,0,5743,96,202,"gemm_kernel_v2",96,2850331911339054,2850331914245487,0,0,36,4,32,512,1,1,4194304,1,1
"KERNEL_DISPATCH","Agent 4",1,0,5743,97,117,"void at::native::vectorized_elementwise_kernel<4, at::native::FillFunctor<int>, std::array<char*, 1ul> >(int, at::native::FillFunctor<int>, std::array<char*, 1ul>)",97,2850331914253967,2850331914450450,0,0,8,0,16,256,1,1,16777216,1,1
"KERNEL_DISPATCH","Agent 4",1,0,5743,98,202,"gemm_kernel_v2",98,2850331914460050,2850331917363763,0,0,36,4,32,512,1,1,4194304,1,1
"KERNEL_DISPATCH","Agent 4",1,0,5743,99,117,"void at::native::vectorized_elementwise_kernel<4, at::native::FillFunctor<int>, std::array<char*, 1ul> >(int, at::native::FillFunctor<int>, std::array<char*, 1ul>)",99,2850331917371923,2850331917570166,0,0,8,0,16,256,1,1,16777216,1,1
"KERNEL_DISPATCH","Agent 4",1,0,5743,100,202,"gemm_kernel_v2",100,2850331917580086,2850331920487160,0,0,36,4,32,512,1,1,4194304,1,1
"KERNEL_DISPATCH","Agent 4",1,0,5743,101,117,"void at::native::vectorized_elementwise_kernel<4, at::native::FillFunctor<int>, std::array<char*, 1ul> >(int, at::native::FillFunctor<int>, std::array<char*, 1ul>)",101,2850331920495640,2850331920695162,0,0,8,0,16,256,1,1,16777216,1,1
"KERNEL_DISPATCH","Agent 4",1,0,5743,102,202,"gemm_kernel_v2",102,2850331920704762,2850331923608156,0,0,36,4,32,512,1,1,4194304,1,1
"KERNEL_DISPATCH","Agent 4",1,0,5743,103,117,"void at::native::vectorized_elementwise_kernel<4, at::native::FillFunctor<int>, std::array<char*, 1ul> >(int, at::native::FillFunctor<int>, std::array<char*, 1ul>)",103,2850331923616316,2850331923816958,0,0,8,0,16,256,1,1,16777216,1,1
"KERNEL_DISPATCH","Agent 4",1,0,5743,104,202,"gemm_kernel_v2",104,2850331923826558,2850331926732352,0,0,36,4,32,512,1,1,4194304,1,1
"KERNEL_DISPATCH","Agent 4",1,0,5743,105,117,"void at::native::vectorized_elementwise_kernel<4, at::native::FillFunctor<int>, std::array<char*, 1ul> >(int, at::native::FillFunctor<int>, std::array<char*, 1ul>)",105,2850331926740672,2850331926940194,0,0,8,0,16,256,1,1,16777216,1,1
"KERNEL_DISPATCH","Agent 4",1,0,5743,106,202,"gemm_kernel_v2",106,2850331926949794,2850331929854948,0,0,36,4,32,512,1,1,4194304,1,1
"KERNEL_DISPATCH","Agent 4",1,0,5743,107,117,"void at::native::vectorized_elementwise_kernel<4, at::native::FillFunctor<int>, std::array<char*, 1ul> >(int, at::native::FillFunctor<int>, std::array<char*, 1ul>)",107,2850331929862948,2850331930061190,0,0,8,0,16,256,1,1,16777216,1,1
"KERNEL_DISPATCH","Agent 4",1,0,5743,108,202,"gemm_kernel_v2",108,2850331930070790,2850331932974984,0,0,36,4,32,512,1,1,4194304,1,1
"KERNEL_DISPATCH","Agent 4",1,0,5743,109,117,"void at::native::vectorized_elementwise_kernel<4, at::native::FillFunctor<int>, std::array<char*, 1ul> >(int, at::native::FillFunctor<int>, std::array<char*, 1ul>)",109,2850331932983464,2850331933185707,0,0,8,0,16,256,1,1,16777216,1,1
"KERNEL_DISPATCH","Agent 4",1,0,5743,110,202,"gemm_kernel_v2",110,2850331933195947,2850331936101580,0,0,36,4,32,512,1,1,4194304,1,1
"KERNEL_DISPATCH","Agent 4",1,0,5743,111,117,"void at::native::vectorized_elementwise_kernel<4, at::native::FillFunctor<int>, std::array<char*, 1ul> >(int, at::native::FillFunctor<int>, std::array<char*, 1ul>)",111,2850331936109580,2850331936308463,0,0,8,0,16,256,1,1,16777216,1,1
"KERNEL_DISPATCH","Agent 4",1,0,5743,112,202,"gemm_kernel_v2",112,2850331936318223,2850331939223376,0,0,36,4,32,512,1,1,4194304,1,1
"KERNEL_DISPATCH","Agent 4",1,0,5743,113,117,"void at::native::vectorized_elementwise_kernel<4, at::native::FillFunctor<int>, std::array<char*, 1ul> >(int, at::native::FillFunctor<int>, std::array<char*, 1ul>)",113,2850331939231733,2850331939430295,0,0,8,0,16,256,1,1,16777216,1,1
"KERNEL_DISPATCH","Agent 4",1,0,5743,114,202,"gemm_kernel_v2",114,2850331939440055,2850331942343928,0,0,36,4,32,512,1,1,4194304,1,1
"KERNEL_DISPATCH","Agent 4",1,0,5743,115,117,"void at::native::vectorized_elementwise_kernel<4, at::native::FillFunctor<int>, std::array<char*, 1ul> >(int, at::native::FillFunctor<int>, std::array<char*, 1ul>)",115,2850331942352088,2850331942553371,0,0,8,0,16,256,1,1,16777216,1,1
"KERNEL_DISPATCH","Agent 4",1,0,5743,116,202,"gemm_kernel_v2",116,2850331942563451,2850331945466524,0,0,36,4,32,512,1,1,4194304,1,1
"KERNEL_DISPATCH","Agent 4",1,0,5743,117,117,"void at::native::vectorized_elementwise_kernel<4, at::native::FillFunctor<int>, std::array<char*, 1ul> >(int, at::native::FillFunctor<int>, std::array<char*, 1ul>)",117,2850331945474844,2850331945676927,0,0,8,0,16,256,1,1,16777216,1,1
"KERNEL_DISPATCH","Agent 4",1,0,5743,118,202,"gemm_kernel_v2",118,2850331945686687,2850331948589441,0,0,36,4,32,512,1,1,4194304,1,1
"KERNEL_DISPATCH","Agent 4",1,0,5743,119,117,"void at::native::vectorized_elementwise_kernel<4, at::native::FillFunctor<int>, std::array<char*, 1ul> >(int, at::native::FillFunctor<int>, std::array<char*, 1ul>)",119,2850331948597761,2850331948799043,0,0,8,0,16,256,1,1,16777216,1,1
"KERNEL_DISPATCH","Agent 4",1,0,5743,120,202,"gemm_kernel_v2",120,2850331948808803,2850331951713317,0,0,36,4,32,512,1,1,4194304,1,1
"KERNEL_DISPATCH","Agent 4",1,0,5743,121,203,"gemm_kernel_v2",121,2850332037781292,2850332039949317,0,0,44,12,48,256,1,1,2097152,1,1
"KERNEL_DISPATCH","Agent 4",1,0,5743,122,117,"void at::native::vectorized_elementwise_kernel<4, at::native::FillFunctor<int>, std::array<char*, 1ul> >(int, at::native::FillFunctor<int>, std::array<char*, 1ul>)",122,2850332040050758,2850332040253800,0,0,8,0,16,256,1,1,16777216,1,1
"KERNEL_DISPATCH","Agent 4",1,0,5743,123,203,"gemm_kernel_v2",123,2850332040253800,2850332042425665,0,0,44,12,48,256,1,1,2097152,1,1
"KERNEL_DISPATCH","Agent 4",1,0,5743,124,117,"void at::native::vectorized_elementwise_kernel<4, at::native::FillFunctor<int>, std::array<char*, 1ul> >(int, at::native::FillFunctor<int>, std::array<char*, 1ul>)",124,2850332042425665,2850332042625508,0,0,8,0,16,256,1,1,16777216,1,1
"KERNEL_DISPATCH","Agent 4",1,0,5743,125,203,"gemm_kernel_v2",125,2850332042625508,2850332044794333,0,0,44,12,48,256,1,1,2097152,1,1
"KERNEL_DISPATCH","Agent 4",1,0,5743,126,117,"void at::native::vectorized_elementwise_kernel<4, at::native::FillFunctor<int>, std::array<char*, 1ul> >(int, at::native::FillFunctor<int>, std::array<char*, 1ul>)",126,2850332044794333,2850332044997055,0,0,8,0,16,256,1,1,16777216,1,1
"KERNEL_DISPATCH","Agent 4",1,0,5743,127,203,"gemm_kernel_v2",127,2850332044997055,2850332047165560,0,0,44,12,48,256,1,1,2097152,1,1
"KERNEL_DISPATCH","Agent 4",1,0,5743,128,117,"void at::native::vectorized_elementwise_kernel<4, at::native::FillFunctor<int>, std::array<char*, 1ul> >(int, at::native::FillFunctor<int>, std::array<char*, 1ul>)",128,2850332047165560,2850332047364763,0,0,8,0,16,256,1,1,16777216,1,1
"KERNEL_DISPATCH","Agent 4",1,0,5743,129,203,"gemm_kernel_v2",129,2850332047364763,2850332049537748,0,0,44,12,48,256,1,1,2097152,1,1
"KERNEL_DISPATCH","Agent 4",1,0,5743,130,117,"void at::native::vectorized_elementwise_kernel<4, at::native::FillFunctor<int>, std::array<char*, 1ul> >(int, at::native::FillFunctor<int>, std::array<char*, 1ul>)",130,2850332049537748,2850332049743350,0,0,8,0,16,256,1,1,16777216,1,1
"KERNEL_DISPATCH","Agent 4",1,0,5743,131,203,"gemm_kernel_v2",131,2850332049743350,2850332051909775,0,0,44,12,48,256,1,1,2097152,1,1
"KERNEL_DISPATCH","Agent 4",1,0,5743,132,203,"gemm_kernel_v2",132,2850332052070097,2850332054233642,0,0,44,12,48,256,1,1,2097152,1,1
"KERNEL_DISPATCH","Agent 4",1,0,5743,133,203,"gemm_kernel_v2",133,2850332054233642,2850332056399748,0,0,44,12,48,256,1,1,2097152,1,1
"KERNEL_DISPATCH","Agent 4",1,0,5743,134,203,"gemm_kernel_v2",134,2850332056399748,2850332058569533,0,0,44,12,48,256,1,1,2097152,1,1
"KERNEL_DISPATCH","Agent 4",1,0,5743,135,203,"gemm_kernel_v2",135,2850332058569533,2850332060739158,0,0,44,12,48,256,1,1,2097152,1,1
"KERNEL_DISPATCH","Agent 4",1,0,5743,136,203,"gemm_kernel_v2",136,2850332060739158,2850332062908303,0,0,44,12,48,256,1,1,2097152,1,1
"KERNEL_DISPATCH","Agent 4",1,0,5743,137,203,"gemm_kernel_v2",137,2850332062908303,2850332065076168,0,0,44,12,48,256,1,1,2097152,1,1
"KERNEL_DISPATCH","Agent 4",1,0,5743,138,203,"gemm_kernel_v2",138,2850332065076168,2850332067245954,0,0,44,12,48,256,1,1,2097152,1,1
"KERNEL_DISPATCH","Agent 4",1,0,5743,139,203,"gemm_kernel_v2",139,2850332067245954,2850332069415419,0,0,44,12,48,256,1,1,2097152,1,1
"KERNEL_DISPATCH","Agent 4",1,0,5743,140,203,"gemm_kernel_v2",140,2850332069415419,2850332071586804,0,0,44,12,48,256,1,1,2097152,1,1
"KERNEL_DISPATCH","Agent 4",1,0,5743,141,203,"gemm_kernel_v2",141,2850332071586804,2850332073755949,0,0,44,12,48,256,1,1,2097152,1,1
"KERNEL_DISPATCH","Agent 4",1,0,5743,142,117,"void at::native::vectorized_elementwise_kernel<4, at::native::FillFunctor<int>, std::array<char*, 1ul> >(int, at::native::FillFunctor<int>, std::array<char*, 1ul>)",142,2850332073755949,2850332073952271,0,0,8,0,16,256,1,1,16777216,1,1
"KERNEL_DISPATCH","Agent 4",1,0,5743,143,203,"gemm_kernel_v2",143,2850332073963952,2850332076132457,0,0,44,12,48,256,1,1,2097152,1,1
"KERNEL_DISPATCH","Agent 4",1,0,5743,144,117,"void at::native::vectorized_elementwise_kernel<4, at::native::FillFunctor<int>, std::array<char*, 1ul> >(int, at::native::FillFunctor<int>, std::array<char*, 1ul>)",144,2850332076140777,2850332076342219,0,0,8,0,16,256,1,1,16777216,1,1
"KERNEL_DISPATCH","Agent 4",1,0,5743,145,203,"gemm_kernel_v2",145,2850332076351819,2850332078525445,0,0,44,12,48,256,1,1,2097152,1,1
"KERNEL_DISPATCH","Agent 4",1,0,5743,146,117,"void at::native::vectorized_elementwise_kernel<4, at::native::FillFunctor<int>, std::array<char*, 1ul> >(int, at::native::FillFunctor<int>, std::array<char*, 1ul>)",146,2850332078533765,2850332078735847,0,0,8,0,16,256,1,1,16777216,1,1
"KERNEL_DISPATCH","Agent 4",1,0,5743,147,203,"gemm_kernel_v2",147,2850332078745447,2850332080917152,0,0,44,12,48,256,1,1,2097152,1,1
"KERNEL_DISPATCH","Agent 4",1,0,5743,148,117,"void at::native::vectorized_elementwise_kernel<4, at::native::FillFunctor<int>, std::array<char*, 1ul> >(int, at::native::FillFunctor<int>, std::array<char*, 1ul>)",148,2850332080925312,2850332081127715,0,0,8,0,16,256,1,1,16777216,1,1
"KERNEL_DISPATCH","Agent 4",1,0,5743,149,203,"gemm_kernel_v2",149,2850332081137315,2850332083310140,0,0,44,12,48,256,1,1,2097152,1,1
"KERNEL_DISPATCH","Agent 4",1,0,5743,150,117,"void at::native::vectorized_elementwise_kernel<4, at::native::FillFunctor<int>, std::array<char*, 1ul> >(int, at::native::FillFunctor<int>, std::array<char*, 1ul>)",150,2850332083318620,2850332083517983,0,0,8,0,16,256,1,1,16777216,1,1
"KERNEL_DISPATCH","Agent 4",1,0,5743,151,203,"gemm_kernel_v2",151,2850332083527903,2850332085699928,0,0,44,12,48,256,1,1,2097152,1,1
"KERNEL_DISPATCH","Agent 4",1,0,5743,152,117,"void at::native::vectorized_elementwise_kernel<4, at::native::FillFunctor<int>, std::array<char*, 1ul> >(int, at::native::FillFunctor<int>, std::array<char*, 1ul>)",152,2850332085708248,2850332085910810,0,0,8,0,16,256,1,1,16777216,1,1
"KERNEL_DISPATCH","Agent 4",1,0,5743,153,203,"gemm_kernel_v2",153,2850332085920731,2850332088092916,0,0,44,12,48,256,1,1,2097152,1,1
"KERNEL_DISPATCH","Agent 4",1,0,5743,154,117,"void at::native::vectorized_elementwise_kernel<4, at::native::FillFunctor<int>, std::array<char*, 1ul> >(int, at::native::FillFunctor<int>, std::array<char*, 1ul>)",154,2850332088101076,2850332088297398,0,0,8,0,16,256,1,1,16777216,1,1
"KERNEL_DISPATCH","Agent 4",1,0,5743,155,203,"gemm_kernel_v2",155,2850332088306838,2850332090481424,0,0,44,12,48,256,1,1,2097152,1,1
"KERNEL_DISPATCH","Agent 4",1,0,5743,156,117,"void at::native::vectorized_elementwise_kernel<4, at::native::FillFunctor<int>, std::array<char*, 1ul> >(int, at::native::FillFunctor<int>, std::array<char*, 1ul>)",156,2850332090489904,2850332090691506,0,0,8,0,16,256,1,1,16777216,1,1
"KERNEL_DISPATCH","Agent 4",1,0,5743,157,203,"gemm_kernel_v2",157,2850332090701266,2850332092872331,0,0,44,12,48,256,1,1,2097152,1,1
"KERNEL_DISPATCH","Agent 4",1,0,5743,158,117,"void at::native::vectorized_elementwise_kernel<4, at::native::FillFunctor<int>, std::array<char*, 1ul> >(int, at::native::FillFunctor<int>, std::array<char*, 1ul>)",158,2850332092880491,2850332093082414,0,0,8,0,16,256,1,1,16777216,1,1
"KERNEL_DISPATCH","Agent 4",1,0,5743,159,203,"gemm_kernel_v2",159,2850332093091854,2850332095263879,0,0,44,12,48,256,1,1,2097152,1,1
"KERNEL_DISPATCH","Agent 4",1,0,5743,160,117,"void at::native::vectorized_elementwise_kernel<4, at::native::FillFunctor<int>, std::array<char*, 1ul> >(int, at::native::FillFunctor<int>, std::array<char*, 1ul>)",160,2850332095272359,2850332095469641,0,0,8,0,16,256,1,1,16777216,1,1
"KERNEL_DISPATCH","Agent 4",1,0,5743,161,203,"gemm_kernel_v2",161,2850332095479722,2850332097648707,0,0,44,12,48,256,1,1,2097152,1,1
"KERNEL_DISPATCH","Agent 4",1,0,5743,162,117,"void at::native::vectorized_elementwise_kernel<4, at::native::FillFunctor<int>, std::array<char*, 1ul> >(int, at::native::FillFunctor<int>, std::array<char*, 1ul>)",162,2850332097656707,2850332097858949,0,0,8,0,16,256,1,1,16777216,1,1
"KERNEL_DISPATCH","Agent 4",1,0,5743,163,203,"gemm_kernel_v2",163,2850332097868229,2850332100038015,0,0,44,12,48,256,1,1,2097152,1,1
"KERNEL_DISPATCH","Agent 4",1,0,5743,164,117,"void at::native::vectorized_elementwise_kernel<4, at::native::FillFunctor<int>, std::array<char*, 1ul> >(int, at::native::FillFunctor<int>, std::array<char*, 1ul>)",164,2850332100047135,2850332100247137,0,0,8,0,16,256,1,1,16777216,1,1
"KERNEL_DISPATCH","Agent 4",1,0,5743,165,203,"gemm_kernel_v2",165,2850332100257217,2850332102429242,0,0,44,12,48,256,1,1,2097152,1,1
"KERNEL_DISPATCH","Agent 4",1,0,5743,166,117,"void at::native::vectorized_elementwise_kernel<4, at::native::FillFunctor<int>, std::array<char*, 1ul> >(int, at::native::FillFunctor<int>, std::array<char*, 1ul>)",166,2850332102437547,2850332102641709,0,0,8,0,16,256,1,1,16777216,1,1
"KERNEL_DISPATCH","Agent 4",1,0,5743,167,203,"gemm_kernel_v2",167,2850332102651149,2850332104823014,0,0,44,12,48,256,1,1,2097152,1,1
"KERNEL_DISPATCH","Agent 4",1,0,5743,168,117,"void at::native::vectorized_elementwise_kernel<4, at::native::FillFunctor<int>, std::array<char*, 1ul> >(int, at::native::FillFunctor<int>, std::array<char*, 1ul>)",168,2850332104831334,2850332105028616,0,0,8,0,16,256,1,1,16777216,1,1
"KERNEL_DISPATCH","Agent 4",1,0,5743,169,203,"gemm_kernel_v2",169,2850332105038216,2850332107208641,0,0,44,12,48,256,1,1,2097152,1,1
"KERNEL_DISPATCH","Agent 4",1,0,5743,170,117,"void at::native::vectorized_elementwise_kernel<4, at::native::FillFunctor<int>, std::array<char*, 1ul> >(int, at::native::FillFunctor<int>, std::array<char*, 1ul>)",170,2850332107216962,2850332107420804,0,0,8,0,16,256,1,1,16777216,1,1
"KERNEL_DISPATCH","Agent 4",1,0,5743,171,203,"gemm_kernel_v2",171,2850332107430724,2850332109599069,0,0,44,12,48,256,1,1,2097152,1,1
"KERNEL_DISPATCH","Agent 4",1,0,5743,172,117,"void at::native::vectorized_elementwise_kernel<4, at::native::FillFunctor<int>, std::array<char*, 1ul> >(int, at::native::FillFunctor<int>, std::array<char*, 1ul>)",172,2850332109607229,2850332109807392,0,0,8,0,16,256,1,1,16777216,1,1
"KERNEL_DISPATCH","Agent 4",1,0,5743,173,203,"gemm_kernel_v2",173,2850332109816832,2850332111984377,0,0,44,12,48,256,1,1,2097152,1,1
"KERNEL_DISPATCH","Agent 4",1,0,5743,174,117,"void at::native::vectorized_elementwise_kernel<4, at::native::FillFunctor<int>, std::array<char*, 1ul> >(int, at::native::FillFunctor<int>, std::array<char*, 1ul>)",174,2850332111992697,2850332112191099,0,0,8,0,16,256,1,1,16777216,1,1
"KERNEL_DISPATCH","Agent 4",1,0,5743,175,203,"gemm_kernel_v2",175,2850332112200699,2850332114370645,0,0,44,12,48,256,1,1,2097152,1,1
"KERNEL_DISPATCH","Agent 4",1,0,5743,176,117,"void at::native::vectorized_elementwise_kernel<4, at::native::FillFunctor<int>, std::array<char*, 1ul> >(int, at::native::FillFunctor<int>, std::array<char*, 1ul>)",176,2850332114378965,2850332114581047,0,0,8,0,16,256,1,1,16777216,1,1
"KERNEL_DISPATCH","Agent 4",1,0,5743,177,203,"gemm_kernel_v2",177,2850332114590647,2850332116764272,0,0,44,12,48,256,1,1,2097152,1,1
"KERNEL_DISPATCH","Agent 4",1,0,5743,178,117,"void at::native::vectorized_elementwise_kernel<4, at::native::FillFunctor<int>, std::array<char*, 1ul> >(int, at::native::FillFunctor<int>, std::array<char*, 1ul>)",178,2850332116772753,2850332116977075,0,0,8,0,16,256,1,1,16777216,1,1
"KERNEL_DISPATCH","Agent 4",1,0,5743,179,203,"gemm_kernel_v2",179,2850332116986995,2850332119161420,0,0,44,12,48,256,1,1,2097152,1,1
"KERNEL_DISPATCH","Agent 4",1,0,5743,180,117,"void at::native::vectorized_elementwise_kernel<4, at::native::FillFunctor<int>, std::array<char*, 1ul> >(int, at::native::FillFunctor<int>, std::array<char*, 1ul>)",180,2850332119169580,2850332119375023,0,0,8,0,16,256,1,1,16777216,1,1
"KERNEL_DISPATCH","Agent 4",1,0,5743,181,203,"gemm_kernel_v2",181,2850332119384463,2850332121555048,0,0,44,12,48,256,1,1,2097152,1,1
"KERNEL_DISPATCH","Agent 4",1,0,5743,182,117,"void at::native::vectorized_elementwise_kernel<4, at::native::FillFunctor<int>, std::array<char*, 1ul> >(int, at::native::FillFunctor<int>, std::array<char*, 1ul>)",182,2850332121563368,2850332121761930,0,0,8,0,16,256,1,1,16777216,1,1
"KERNEL_DISPATCH","Agent 4",1,0,5743,183,203,"gemm_kernel_v2",183,2850332121771531,2850332123942116,0,0,44,12,48,256,1,1,2097152,1,1
"KERNEL_DISPATCH","Agent 4",1,0,5743,184,117,"void at::native::vectorized_elementwise_kernel<4, at::native::FillFunctor<int>, std::array<char*, 1ul> >(int, at::native::FillFunctor<int>, std::array<char*, 1ul>)",184,2850332123950436,2850332124150918,0,0,8,0,16,256,1,1,16777216,1,1
"KERNEL_DISPATCH","Agent 4",1,0,5743,185,203,"gemm_kernel_v2",185,2850332124160678,2850332126333664,0,0,44,12,48,256,1,1,2097152,1,1
"KERNEL_DISPATCH","Agent 4",1,0,5743,186,117,"void at::native::vectorized_elementwise_kernel<4, at::native::FillFunctor<int>, std::array<char*, 1ul> >(int, at::native::FillFunctor<int>, std::array<char*, 1ul>)",186,2850332126341984,2850332126542146,0,0,8,0,16,256,1,1,16777216,1,1
"KERNEL_DISPATCH","Agent 4",1,0,5743,187,203,"gemm_kernel_v2",187,2850332126552226,2850332128726971,0,0,44,12,48,256,1,1,2097152,1,1
"KERNEL_DISPATCH","Agent 4",1,0,5743,188,117,"void at::native::vectorized_elementwise_kernel<4, at::native::FillFunctor<int>, std::array<char*, 1ul> >(int, at::native::FillFunctor<int>, std::array<char*, 1ul>)",188,2850332128735131,2850332128934494,0,0,8,0,16,256,1,1,16777216,1,1
"KERNEL_DISPATCH","Agent 4",1,0,5743,189,203,"gemm_kernel_v2",189,2850332128944094,2850332131118999,0,0,44,12,48,256,1,1,2097152,1,1
"KERNEL_DISPATCH","Agent 4",1,0,5743,190,117,"void at::native::vectorized_elementwise_kernel<4, at::native::FillFunctor<int>, std::array<char*, 1ul> >(int, at::native::FillFunctor<int>, std::array<char*, 1ul>)",190,2850332131127319,2850332131325402,0,0,8,0,16,256,1,1,16777216,1,1
"KERNEL_DISPATCH","Agent 4",1,0,5743,191,203,"gemm_kernel_v2",191,2850332131334842,2850332133509907,0,0,44,12,48,256,1,1,2097152,1,1
"KERNEL_DISPATCH","Agent 4",1,0,5743,192,117,"void at::native::vectorized_elementwise_kernel<4, at::native::FillFunctor<int>, std::array<char*, 1ul> >(int, at::native::FillFunctor<int>, std::array<char*, 1ul>)",192,2850332133518067,2850332133722709,0,0,8,0,16,256,1,1,16777216,1,1
"KERNEL_DISPATCH","Agent 4",1,0,5743,193,203,"gemm_kernel_v2",193,2850332133732149,2850332135908015,0,0,44,12,48,256,1,1,2097152,1,1
"KERNEL_DISPATCH","Agent 4",1,0,5743,194,117,"void at::native::vectorized_elementwise_kernel<4, at::native::FillFunctor<int>, std::array<char*, 1ul> >(int, at::native::FillFunctor<int>, std::array<char*, 1ul>)",194,2850332135916335,2850332136121617,0,0,8,0,16,256,1,1,16777216,1,1
"KERNEL_DISPATCH","Agent 4",1,0,5743,195,203,"gemm_kernel_v2",195,2850332136131057,2850332138302603,0,0,44,12,48,256,1,1,2097152,1,1
"KERNEL_DISPATCH","Agent 4",1,0,5743,196,117,"void at::native::vectorized_elementwise_kernel<4, at::native::FillFunctor<int>, std::array<char*, 1ul> >(int, at::native::FillFunctor<int>, std::array<char*, 1ul>)",196,2850332138310763,2850332138517485,0,0,8,0,16,256,1,1,16777216,1,1
"KERNEL_DISPATCH","Agent 4",1,0,5743,197,203,"gemm_kernel_v2",197,2850332138526765,2850332140699910,0,0,44,12,48,256,1,1,2097152,1,1
"KERNEL_DISPATCH","Agent 4",1,0,5743,198,117,"void at::native::vectorized_elementwise_kernel<4, at::native::FillFunctor<int>, std::array<char*, 1ul> >(int, at::native::FillFunctor<int>, std::array<char*, 1ul>)",198,2850332140708550,2850332140910473,0,0,8,0,16,256,1,1,16777216,1,1
"KERNEL_DISPATCH","Agent 4",1,0,5743,199,203,"gemm_kernel_v2",199,2850332140920393,2850332143096738,0,0,44,12,48,256,1,1,2097152,1,1
"KERNEL_DISPATCH","Agent 4",1,0,5743,200,117,"void at::native::vectorized_elementwise_kernel<4, at::native::FillFunctor<int>, std::array<char*, 1ul> >(int, at::native::FillFunctor<int>, std::array<char*, 1ul>)",200,2850332143104898,2850332143309061,0,0,8,0,16,256,1,1,16777216,1,1
"KERNEL_DISPATCH","Agent 4",1,0,5743,201,203,"gemm_kernel_v2",201,2850332143318981,2850332145495006,0,0,44,12,48,256,1,1,2097152,1,1
"KERNEL_DISPATCH","Agent 4",1,0,5743,202,117,"void at::native::vectorized_elementwise_kernel<4, at::native::FillFunctor<int>, std::array<char*, 1ul> >(int, at::native::FillFunctor<int>, std::array<char*, 1ul>)",202,2850332145503326,2850332145708449,0,0,8,0,16,256,1,1,16777216,1,1
"KERNEL_DISPATCH","Agent 4",1,0,5743,203,203,"gemm_kernel_v2",203,2850332145718209,2850332147893114,0,0,44,12,48,256,1,1,2097152,1,1
"KERNEL_DISPATCH","Agent 4",1,0,5743,204,117,"void at::native::vectorized_elementwise_kernel<4, at::native::FillFunctor<int>, std::array<char*, 1ul> >(int, at::native::FillFunctor<int>, std::array<char*, 1ul>)",204,2850332147901594,2850332148098236,0,0,8,0,16,256,1,1,16777216,1,1
"KERNEL_DISPATCH","Agent 4",1,0,5743,205,203,"gemm_kernel_v2",205,2850332148107676,2850332150283542,0,0,44,12,48,256,1,1,2097152,1,1
"KERNEL_DISPATCH","Agent 4",1,0,5743,206,117,"void at::native::vectorized_elementwise_kernel<4, at::native::FillFunctor<int>, std::array<char*, 1ul> >(int, at::native::FillFunctor<int>, std::array<char*, 1ul>)",206,2850332150291702,2850332150494104,0,0,8,0,16,256,1,1,16777216,1,1
"KERNEL_DISPATCH","Agent 4",1,0,5743,207,203,"gemm_kernel_v2",207,2850332150503544,2850332152677809,0,0,44,12,48,256,1,1,2097152,1,1
"KERNEL_DISPATCH","Agent 4",1,0,5743,208,117,"void at::native::vectorized_elementwise_kernel<4, at::native::FillFunctor<int>, std::array<char*, 1ul> >(int, at::native::FillFunctor<int>, std::array<char*, 1ul>)",208,2850332152686130,2850332152890452,0,0,8,0,16,256,1,1,16777216,1,1
"KERNEL_DISPATCH","Agent 4",1,0,5743,209,203,"gemm_kernel_v2",209,2850332152899732,2850332155076717,0,0,44,12,48,256,1,1,2097152,1,1
"KERNEL_DISPATCH","Agent 4",1,0,5743,210,117,"void at::native::vectorized_elementwise_kernel<4, at::native::FillFunctor<int>, std::array<char*, 1ul> >(int, at::native::FillFunctor<int>, std::array<char*, 1ul>)",210,2850332155085357,2850332155288080,0,0,8,0,16,256,1,1,16777216,1,1
"KERNEL_DISPATCH","Agent 4",1,0,5743,211,203,"gemm_kernel_v2",211,2850332155297520,2850332157472265,0,0,44,12,48,256,1,1,2097152,1,1
"KERNEL_DISPATCH","Agent 4",1,0,5743,212,117,"void at::native::vectorized_elementwise_kernel<4, at::native::FillFunctor<int>, std::array<char*, 1ul> >(int, at::native::FillFunctor<int>, std::array<char*, 1ul>)",212,2850332157480745,2850332157682188,0,0,8,0,16,256,1,1,16777216,1,1
"KERNEL_DISPATCH","Agent 4",1,0,5743,213,203,"gemm_kernel_v2",213,2850332157691468,2850332159864933,0,0,44,12,48,256,1,1,2097152,1,1
"KERNEL_DISPATCH","Agent 4",1,0,5743,214,117,"void at::native::vectorized_elementwise_kernel<4, at::native::FillFunctor<int>, std::array<char*, 1ul> >(int, at::native::FillFunctor<int>, std::array<char*, 1ul>)",214,2850332159873253,2850332160074855,0,0,8,0,16,256,1,1,16777216,1,1
"KERNEL_DISPATCH","Agent 4",1,0,5743,215,203,"gemm_kernel_v2",215,2850332160084135,2850332162257921,0,0,44,12,48,256,1,1,2097152,1,1
"KERNEL_DISPATCH","Agent 4",1,0,5743,216,117,"void at::native::vectorized_elementwise_kernel<4, at::native::FillFunctor<int>, std::array<char*, 1ul> >(int, at::native::FillFunctor<int>, std::array<char*, 1ul>)",216,2850332162266561,2850332162464323,0,0,8,0,16,256,1,1,16777216,1,1
"KERNEL_DISPATCH","Agent 4",1,0,5743,217,203,"gemm_kernel_v2",217,2850332162473763,2850332164652669,0,0,44,12,48,256,1,1,2097152,1,1
"KERNEL_DISPATCH","Agent 4",1,0,5743,218,117,"void at::native::vectorized_elementwise_kernel<4, at::native::FillFunctor<int>, std::array<char*, 1ul> >(int, at::native::FillFunctor<int>, std::array<char*, 1ul>)",218,2850332164661309,2850332164861311,0,0,8,0,16,256,1,1,16777216,1,1
"KERNEL_DISPATCH","Agent 4",1,0,5743,219,203,"gemm_kernel_v2",219,2850332164870529,2850332167047354,0,0,44,12,48,256,1,1,2097152,1,1
"KERNEL_DISPATCH","Agent 4",1,0,5743,220,117,"void at::native::vectorized_elementwise_kernel<4, at::native::FillFunctor<int>, std::array<char*, 1ul> >(int, at::native::FillFunctor<int>, std::array<char*, 1ul>)",220,2850332167056314,2850332167256956,0,0,8,0,16,256,1,1,16777216,1,1
"KERNEL_DISPATCH","Agent 4",1,0,5743,221,203,"gemm_kernel_v2",221,2850332167267196,2850332169439861,0,0,44,12,48,256,1,1,2097152,1,1
"KERNEL_DISPATCH","Agent 4",1,0,5743,222,117,"void at::native::vectorized_elementwise_kernel<4, at::native::FillFunctor<int>, std::array<char*, 1ul> >(int, at::native::FillFunctor<int>, std::array<char*, 1ul>)",222,2850332169448181,2850332169651704,0,0,8,0,16,256,1,1,16777216,1,1
"KERNEL_DISPATCH","Agent 4",1,0,5743,223,203,"gemm_kernel_v2",223,2850332169661304,2850332171830769,0,0,44,12,48,256,1,1,2097152,1,1
"KERNEL_DISPATCH","Agent 4",1,0,5743,224,117,"void at::native::vectorized_elementwise_kernel<4, at::native::FillFunctor<int>, std::array<char*, 1ul> >(int, at::native::FillFunctor<int>, std::array<char*, 1ul>)",224,2850332171839089,2850332172042931,0,0,8,0,16,256,1,1,16777216,1,1
"KERNEL_DISPATCH","Agent 4",1,0,5743,225,203,"gemm_kernel_v2",225,2850332172052851,2850332174228557,0,0,44,12,48,256,1,1,2097152,1,1
"KERNEL_DISPATCH","Agent 4",1,0,5743,226,204,"gemm_kernel_v2",226,2850332289458853,2850332292187364,0,0,48,0,32,512,1,1,4194304,1,1
"KERNEL_DISPATCH","Agent 4",1,0,5743,227,117,"void at::native::vectorized_elementwise_kernel<4, at::native::FillFunctor<int>, std::array<char*, 1ul> >(int, at::native::FillFunctor<int>, std::array<char*, 1ul>)",227,2850332292274244,2850332292473287,0,0,8,0,16,256,1,1,16777216,1,1
"KERNEL_DISPATCH","Agent 4",1,0,5743,228,204,"gemm_kernel_v2",228,2850332292473287,2850332295200838,0,0,48,0,32,512,1,1,4194304,1,1
"KERNEL_DISPATCH","Agent 4",1,0,5743,229,117,"void at::native::vectorized_elementwise_kernel<4, at::native::FillFunctor<int>, std::array<char*, 1ul> >(int, at::native::FillFunctor<int>, std::array<char*, 1ul>)",229,2850332295200838,2850332295406761,0,0,8,0,16,256,1,1,16777216,1,1
"KERNEL_DISPATCH","Agent 4",1,0,5743,230,204,"gemm_kernel_v2",230,2850332295406761,2850332298133192,0,0,48,0,32,512,1,1,4194304,1,1
"KERNEL_DISPATCH","Agent 4",1,0,5743,231,117,"void at::native::vectorized_elementwise_kernel<4, at::native::FillFunctor<int>, std::array<char*, 1ul> >(int, at::native::FillFunctor<int>, std::array<char*, 1ul>)",231,2850332298133192,2850332298336875,0,0,8,0,16,256,1,1,16777216,1,1
"KERNEL_DISPATCH","Agent 4",1,0,5743,232,204,"gemm_kernel_v2",232,2850332298336875,2850332301062826,0,0,48,0,32,512,1,1,4194304,1,1
"KERNEL_DISPATCH","Agent 4",1,0,5743,233,117,"void at::native::vectorized_elementwise_kernel<4, at::native::FillFunctor<int>, std::array<char*, 1ul> >(int, at::native::FillFunctor<int>, std::array<char*, 1ul>)",233,2850332301062826,2850332301263629,0,0,8,0,16,256,1,1,16777216,1,1
"KERNEL_DISPATCH","Agent 4",1,0,5743,234,204,"gemm_kernel_v2",234,2850332301263629,2850332303989420,0,0,48,0,32,512,1,1,4194304,1,1
"KERNEL_DISPATCH","Agent 4",1,0,5743,235,117,"void at::native::vectorized_elementwise_kernel<4, at::native::FillFunctor<int>, std::array<char*, 1ul> >(int, at::native::FillFunctor<int>, std::array<char*, 1ul>)",235,2850332303989420,2850332304191663,0,0,8,0,16,256,1,1,16777216,1,1
"KERNEL_DISPATCH","Agent 4",1,0,5743,236,204,"gemm_kernel_v2",236,2850332304191663,2850332306918894,0,0,48,0,32,512,1,1,4194304,1,1
"KERNEL_DISPATCH","Agent 4",1,0,5743,237,204,"gemm_kernel_v2",237,2850332307064816,2850332309792208,0,0,48,0,32,512,1,1,4194304,1,1
"KERNEL_DISPATCH","Agent 4",1,0,5743,238,204,"gemm_kernel_v2",238,2850332309792208,2850332312520079,0,0,48,0,32,512,1,1,4194304,1,1
"KERNEL_DISPATCH","Agent 4",1,0,5743,239,204,"gemm_kernel_v2",239,2850332312520079,2850332315247311,0,0,48,0,32,512,1,1,4194304,1,1
"KERNEL_DISPATCH","Agent 4",1,0,5743,240,204,"gemm_kernel_v2",240,2850332315247311,2850332317976302,0,0,48,0,32,512,1,1,4194304,1,1
"KERNEL_DISPATCH","Agent 4",1,0,5743,241,204,"gemm_kernel_v2",241,2850332317976302,2850332320703694,0,0,48,0,32,512,1,1,4194304,1,1
"KERNEL_DISPATCH","Agent 4",1,0,5743,242,204,"gemm_kernel_v2",242,2850332320703694,2850332323430766,0,0,48,0,32,512,1,1,4194304,1,1
"KERNEL_DISPATCH","Agent 4",1,0,5743,243,204,"gemm_kernel_v2",243,2850332323430766,2850332326159597,0,0,48,0,32,512,1,1,4194304,1,1
"KERNEL_DISPATCH","Agent 4",1,0,5743,244,204,"gemm_kernel_v2",244,2850332326159597,2850332328887629,0,0,48,0,32,512,1,1,4194304,1,1
"KERNEL_DISPATCH","Agent 4",1,0,5743,245,117,"void at::native::vectorized_elementwise_kernel<4, at::native::FillFunctor<int>, std::array<char*, 1ul> >(int, at::native::FillFunctor<int>, std::array<char*, 1ul>)",245,2850332328887629,2850332329087951,0,0,8,0,16,256,1,1,16777216,1,1
"KERNEL_DISPATCH","Agent 4",1,0,5743,246,204,"gemm_kernel_v2",246,2850332329099311,2850332331827823,0,0,48,0,32,512,1,1,4194304,1,1
"KERNEL_DISPATCH","Agent 4",1,0,5743,247,117,"void at::native::vectorized_elementwise_kernel<4, at::native::FillFunctor<int>, std::array<char*, 1ul> >(int, at::native::FillFunctor<int>, std::array<char*, 1ul>)",247,2850332331836143,2850332332039025,0,0,8,0,16,256,1,1,16777216,1,1
"KERNEL_DISPATCH","Agent 4",1,0,5743,248,204,"gemm_kernel_v2",248,2850332332049106,2850332334777937,0,0,48,0,32,512,1,1,4194304,1,1
"KERNEL_DISPATCH","Agent 4",1,0,5743,249,117,"void at::native::vectorized_elementwise_kernel<4, at::native::FillFunctor<int>, std::array<char*, 1ul> >(int, at::native::FillFunctor<int>, std::array<char*, 1ul>)",249,2850332334785777,2850332334991700,0,0,8,0,16,256,1,1,16777216,1,1
"KERNEL_DISPATCH","Agent 4",1,0,5743,250,204,"gemm_kernel_v2",250,2850332335001300,2850332337731571,0,0,48,0,32,512,1,1,4194304,1,1
"KERNEL_DISPATCH","Agent 4",1,0,5743,251,117,"void at::native::vectorized_elementwise_kernel<4, at::native::FillFunctor<int>, std::array<char*, 1ul> >(int, at::native::FillFunctor<int>, std::array<char*, 1ul>)",251,2850332337739732,2850332337941974,0,0,8,0,16,256,1,1,16777216,1,1
"KERNEL_DISPATCH","Agent 4",1,0,5743,252,204,"gemm_kernel_v2",252,2850332337951894,2850332340682166,0,0,48,0,32,512,1,1,4194304,1,1
"KERNEL_DISPATCH","Agent 4",1,0,5743,253,117,"void at::native::vectorized_elementwise_kernel<4, at::native::FillFunctor<int>, std::array<char*, 1ul> >(int, at::native::FillFunctor<int>, std::array<char*, 1ul>)",253,2850332340690166,2850332340891608,0,0,8,0,16,256,1,1,16777216,1,1
"KERNEL_DISPATCH","Agent 4",1,0,5743,254,204,"gemm_kernel_v2",254,2850332340901368,2850332343631160,0,0,48,0,32,512,1,1,4194304,1,1
"KERNEL_DISPATCH","Agent 4",1,0,5743,255,117,"void at::native::vectorized_elementwise_kernel<4, at::native::FillFunctor<int>, std::array<char*, 1ul> >(int, at::native::FillFunctor<int>, std::array<char*, 1ul>)",255,2850332343639160,2850332343843162,0,0,8,0,16,256,1,1,16777216,1,1
"KERNEL_DISPATCH","Agent 4",1,0,5743,256,204,"gemm_kernel_v2",256,2850332343852922,2850332346583834,0,0,48,0,32,512,1,1,4194304,1,1
"KERNEL_DISPATCH","Agent 4",1,0,5743,257,117,"void at::native::vectorized_elementwise_kernel<4, at::native::FillFunctor<int>, std::array<char*, 1ul> >(int, at::native::FillFunctor<int>, std::array<char*, 1ul>)",257,2850332346591994,2850332346796637,0,0,8,0,16,256,1,1,16777216,1,1
"KERNEL_DISPATCH","Agent 4",1,0,5743,258,204,"gemm_kernel_v2",258,2850332346805757,2850332349536668,0,0,48,0,32,512,1,1,4194304,1,1
"KERNEL_DISPATCH","Agent 4",1,0,5743,259,117,"void at::native::vectorized_elementwise_kernel<4, at::native::FillFunctor<int>, std::array<char*, 1ul> >(int, at::native::FillFunctor<int>, std::array<char*, 1ul>)",259,2850332349544668,2850332349745631,0,0,8,0,16,256,1,1,16777216,1,1
"KERNEL_DISPATCH","Agent 4",1,0,5743,260,204,"gemm_kernel_v2",260,2850332349755871,2850332352485663,0,0,48,0,32,512,1,1,4194304,1,1
"KERNEL_DISPATCH","Agent 4",1,0,5743,261,117,"void at::native::vectorized_elementwise_kernel<4, at::native::FillFunctor<int>, std::array<char*, 1ul> >(int, at::native::FillFunctor<int>, std::array<char*, 1ul>)",261,2850332352493983,2850332352694625,0,0,8,0,16,256,1,1,16777216,1,1
"KERNEL_DISPATCH","Agent 4",1,0,5743,262,204,"gemm_kernel_v2",262,2850332352704144,2850332355434095,0,0,48,0,32,512,1,1,4194304,1,1
"KERNEL_DISPATCH","Agent 4",1,0,5743,263,117,"void at::native::vectorized_elementwise_kernel<4, at::native::FillFunctor<int>, std::array<char*, 1ul> >(int, at::native::FillFunctor<int>, std::array<char*, 1ul>)",263,2850332355442575,2850332355647537,0,0,8,0,16,256,1,1,16777216,1,1
"KERNEL_DISPATCH","Agent 4",1,0,5743,264,204,"gemm_kernel_v2",264,2850332355657137,2850332358386929,0,0,48,0,32,512,1,1,4194304,1,1
"KERNEL_DISPATCH","Agent 4",1,0,5743,265,117,"void at::native::vectorized_elementwise_kernel<4, at::native::FillFunctor<int>, std::array<char*, 1ul> >(int, at::native::FillFunctor<int>, std::array<char*, 1ul>)",265,2850332358395089,2850332358595091,0,0,8,0,16,256,1,1,16777216,1,1
"KERNEL_DISPATCH","Agent 4",1,0,5743,266,204,"gemm_kernel_v2",266,2850332358604691,2850332361335283,0,0,48,0,32,512,1,1,4194304,1,1
"KERNEL_DISPATCH","Agent 4",1,0,5743,267,117,"void at::native::vectorized_elementwise_kernel<4, at::native::FillFunctor<int>, std::array<char*, 1ul> >(int, at::native::FillFunctor<int>, std::array<char*, 1ul>)",267,2850332361343603,2850332361545845,0,0,8,0,16,256,1,1,16777216,1,1
"KERNEL_DISPATCH","Agent 4",1,0,5743,268,204,"gemm_kernel_v2",268,2850332361555766,2850332364287637,0,0,48,0,32,512,1,1,4194304,1,1
"KERNEL_DISPATCH","Agent 4",1,0,5743,269,117,"void at::native::vectorized_elementwise_kernel<4, at::native::FillFunctor<int>, std::array<char*, 1ul> >(int, at::native::FillFunctor<int>, std::array<char*, 1ul>)",269,2850332364295797,2850332364500440,0,0,8,0,16,256,1,1,16777216,1,1
"KERNEL_DISPATCH","Agent 4",1,0,5743,270,204,"gemm_kernel_v2",270,2850332364510360,2850332367240152,0,0,48,0,32,512,1,1,4194304,1,1
"KERNEL_DISPATCH","Agent 4",1,0,5743,271,117,"void at::native::vectorized_elementwise_kernel<4, at::native::FillFunctor<int>, std::array<char*, 1ul> >(int, at::native::FillFunctor<int>, std::array<char*, 1ul>)",271,2850332367248312,2850332367447834,0,0,8,0,16,256,1,1,16777216,1,1
"KERNEL_DISPATCH","Agent 4",1,0,5743,272,204,"gemm_kernel_v2",272,2850332367457274,2850332370188506,0,0,48,0,32,512,1,1,4194304,1,1
"KERNEL_DISPATCH","Agent 4",1,0,5743,273,117,"void at::native::vectorized_elementwise_kernel<4, at::native::FillFunctor<int>, std::array<char*, 1ul> >(int, at::native::FillFunctor<int>, std::array<char*, 1ul>)",273,2850332370196666,2850332370394748,0,0,8,0,16,256,1,1,16777216,1,1
"KERNEL_DISPATCH","Agent 4",1,0,5743,274,204,"gemm_kernel_v2",274,2850332370404508,2850332373135260,0,0,48,0,32,512,1,1,4194304,1,1
"KERNEL_DISPATCH","Agent 4",1,0,5743,275,117,"void at::native::vectorized_elementwise_kernel<4, at::native::FillFunctor<int>, std::array<char*, 1ul> >(int, at::native::FillFunctor<int>, std::array<char*, 1ul>)",275,2850332373143740,2850332373345023,0,0,8,0,16,256,1,1,16777216,1,1
"KERNEL_DISPATCH","Agent 4",1,0,5743,276,204,"gemm_kernel_v2",276,2850332373354783,2850332376084734,0,0,48,0,32,512,1,1,4194304,1,1
"KERNEL_DISPATCH","Agent 4",1,0,5743,277,117,"void at::native::vectorized_elementwise_kernel<4, at::native::FillFunctor<int>, std::array<char*, 1ul> >(int, at::native::FillFunctor<int>, std::array<char*, 1ul>)",277,2850332376092734,2850332376295617,0,0,8,0,16,256,1,1,16777216,1,1
"KERNEL_DISPATCH","Agent 4",1,0,5743,278,204,"gemm_kernel_v2",278,2850332376305217,2850332379034369,0,0,48,0,32,512,1,1,4194304,1,1
"KERNEL_DISPATCH","Agent 4",1,0,5743,279,117,"void at::native::vectorized_elementwise_kernel<4, at::native::FillFunctor<int>, std::array<char*, 1ul> >(int, at::native::FillFunctor<int>, std::array<char*, 1ul>)",279,2850332379042529,2850332379243811,0,0,8,0,16,256,1,1,16777216,1,1
"KERNEL_DISPATCH","Agent 4",1,0,5743,280,204,"gemm_kernel_v2",280,2850332379253411,2850332381983203,0,0,48,0,32,512,1,1,4194304,1,1
"KERNEL_DISPATCH","Agent 4",1,0,5743,281,117,"void at::native::vectorized_elementwise_kernel<4, at::native::FillFunctor<int>, std::array<char*, 1ul> >(int, at::native::FillFunctor<int>, std::array<char*, 1ul>)",281,2850332381991203,2850332382189925,0,0,8,0,16,256,1,1,16777216,1,1
"KERNEL_DISPATCH","Agent 4",1,0,5743,282,204,"gemm_kernel_v2",282,2850332382199685,2850332384928517,0,0,48,0,32,512,1,1,4194304,1,1
"KERNEL_DISPATCH","Agent 4",1,0,5743,283,117,"void at::native::vectorized_elementwise_kernel<4, at::native::FillFunctor<int>, std::array<char*, 1ul> >(int, at::native::FillFunctor<int>, std::array<char*, 1ul>)",283,2850332384936677,2850332385139880,0,0,8,0,16,256,1,1,16777216,1,1
"KERNEL_DISPATCH","Agent 4",1,0,5743,284,204,"gemm_kernel_v2",284,2850332385149320,2850332387880391,0,0,48,0,32,512,1,1,4194304,1,1
"KERNEL_DISPATCH","Agent 4",1,0,5743,285,117,"void at::native::vectorized_elementwise_kernel<4, at::native::FillFunctor<int>, std::array<char*, 1ul> >(int, at::native::FillFunctor<int>, std::array<char*, 1ul>)",285,2850332387888391,2850332388090154,0,0,8,0,16,256,1,1,16777216,1,1
"KERNEL_DISPATCH","Agent 4",1,0,5743,286,204,"gemm_kernel_v2",286,2850332388100074,2850332390830026,0,0,48,0,32,512,1,1,4194304,1,1
"KERNEL_DISPATCH","Agent 4",1,0,5743,287,117,"void at::native::vectorized_elementwise_kernel<4, at::native::FillFunctor<int>, std::array<char*, 1ul> >(int, at::native::FillFunctor<int>, std::array<char*, 1ul>)",287,2850332390838666,2850332391042188,0,0,8,0,16,256,1,1,16777216,1,1
"KERNEL_DISPATCH","Agent 4",1,0,5743,288,204,"gemm_kernel_v2",288,2850332391051628,2850332393782860,0,0,48,0,32,512,1,1,4194304,1,1
"KERNEL_DISPATCH","Agent 4",1,0,5743,289,117,"void at::native::vectorized_elementwise_kernel<4, at::native::FillFunctor<int>, std::array<char*, 1ul> >(int, at::native::FillFunctor<int>, std::array<char*, 1ul>)",289,2850332393791020,2850332393990222,0,0,8,0,16,256,1,1,16777216,1,1
"KERNEL_DISPATCH","Agent 4",1,0,5743,290,204,"gemm_kernel_v2",290,2850332393999822,2850332396730734,0,0,48,0,32,512,1,1,4194304,1,1
"KERNEL_DISPATCH","Agent 4",1,0,5743,291,117,"void at::native::vectorized_elementwise_kernel<4, at::native::FillFunctor<int>, std::array<char*, 1ul> >(int, at::native::FillFunctor<int>, std::array<char*, 1ul>)",291,2850332396739214,2850332396942257,0,0,8,0,16,256,1,1,16777216,1,1
"KERNEL_DISPATCH","Agent 4",1,0,5743,292,204,"gemm_kernel_v2",292,2850332396951857,2850332399682928,0,0,48,0,32,512,1,1,4194304,1,1
"KERNEL_DISPATCH","Agent 4",1,0,5743,293,117,"void at::native::vectorized_elementwise_kernel<4, at::native::FillFunctor<int>, std::array<char*, 1ul> >(int, at::native::FillFunctor<int>, std::array<char*, 1ul>)",293,2850332399690929,2850332399893171,0,0,8,0,16,256,1,1,16777216,1,1
"KERNEL_DISPATCH","Agent 4",1,0,5743,294,204,"gemm_kernel_v2",294,2850332399902931,2850332402633523,0,0,48,0,32,512,1,1,4194304,1,1
"KERNEL_DISPATCH","Agent 4",1,0,5743,295,117,"void at::native::vectorized_elementwise_kernel<4, at::native::FillFunctor<int>, std::array<char*, 1ul> >(int, at::native::FillFunctor<int>, std::array<char*, 1ul>)",295,2850332402641843,2850332402846325,0,0,8,0,16,256,1,1,16777216,1,1
"KERNEL_DISPATCH","Agent 4",1,0,5743,296,204,"gemm_kernel_v2",296,2850332402855925,2850332405586837,0,0,48,0,32,512,1,1,4194304,1,1
"KERNEL_DISPATCH","Agent 4",1,0,5743,297,117,"void at::native::vectorized_elementwise_kernel<4, at::native::FillFunctor<int>, std::array<char*, 1ul> >(int, at::native::FillFunctor<int>, std::array<char*, 1ul>)",297,2850332405594837,2850332405794999,0,0,8,0,16,256,1,1,16777216,1,1
"KERNEL_DISPATCH","Agent 4",1,0,5743,298,204,"gemm_kernel_v2",298,2850332405804760,2850332408536951,0,0,48,0,32,512,1,1,4194304,1,1
"KERNEL_DISPATCH","Agent 4",1,0,5743,299,117,"void at::native::vectorized_elementwise_kernel<4, at::native::FillFunctor<int>, std::array<char*, 1ul> >(int, at::native::FillFunctor<int>, std::array<char*, 1ul>)",299,2850332408545431,2850332408748634,0,0,8,0,16,256,1,1,16777216,1,1
"KERNEL_DISPATCH","Agent 4",1,0,5743,300,204,"gemm_kernel_v2",300,2850332408758714,2850332411491226,0,0,48,0,32,512,1,1,4194304,1,1
"KERNEL_DISPATCH","Agent 4",1,0,5743,301,117,"void at::native::vectorized_elementwise_kernel<4, at::native::FillFunctor<int>, std::array<char*, 1ul> >(int, at::native::FillFunctor<int>, std::array<char*, 1ul>)",301,2850332411499866,2850332411698268,0,0,8,0,16,256,1,1,16777216,1,1
"KERNEL_DISPATCH","Agent 4",1,0,5743,302,204,"gemm_kernel_v2",302,2850332411707868,2850332414439420,0,0,48,0,32,512,1,1,4194304,1,1
"KERNEL_DISPATCH","Agent 4",1,0,5743,303,117,"void at::native::vectorized_elementwise_kernel<4, at::native::FillFunctor<int>, std::array<char*, 1ul> >(int, at::native::FillFunctor<int>, std::array<char*, 1ul>)",303,2850332414447900,2850332414651262,0,0,8,0,16,256,1,1,16777216,1,1
"KERNEL_DISPATCH","Agent 4",1,0,5743,304,204,"gemm_kernel_v2",304,2850332414661022,2850332417392894,0,0,48,0,32,512,1,1,4194304,1,1
"KERNEL_DISPATCH","Agent 4",1,0,5743,305,117,"void at::native::vectorized_elementwise_kernel<4, at::native::FillFunctor<int>, std::array<char*, 1ul> >(int, at::native::FillFunctor<int>, std::array<char*, 1ul>)",305,2850332417401374,2850332417600257,0,0,8,0,16,256,1,1,16777216,1,1
"KERNEL_DISPATCH","Agent 4",1,0,5743,306,204,"gemm_kernel_v2",306,2850332417609780,2850332420341491,0,0,48,0,32,512,1,1,4194304,1,1
"KERNEL_DISPATCH","Agent 4",1,0,5743,307,117,"void at::native::vectorized_elementwise_kernel<4, at::native::FillFunctor<int>, std::array<char*, 1ul> >(int, at::native::FillFunctor<int>, std::array<char*, 1ul>)",307,2850332420349491,2850332420547413,0,0,8,0,16,256,1,1,16777216,1,1
"KERNEL_DISPATCH","Agent 4",1,0,5743,308,204,"gemm_kernel_v2",308,2850332420557173,2850332423288565,0,0,48,0,32,512,1,1,4194304,1,1
"KERNEL_DISPATCH","Agent 4",1,0,5743,309,117,"void at::native::vectorized_elementwise_kernel<4, at::native::FillFunctor<int>, std::array<char*, 1ul> >(int, at::native::FillFunctor<int>, std::array<char*, 1ul>)",309,2850332423296725,2850332423496247,0,0,8,0,16,256,1,1,16777216,1,1
"KERNEL_DISPATCH","Agent 4",1,0,5743,310,204,"gemm_kernel_v2",310,2850332423506007,2850332426236759,0,0,48,0,32,512,1,1,4194304,1,1
"KERNEL_DISPATCH","Agent 4",1,0,5743,311,117,"void at::native::vectorized_elementwise_kernel<4, at::native::FillFunctor<int>, std::array<char*, 1ul> >(int, at::native::FillFunctor<int>, std::array<char*, 1ul>)",311,2850332426244919,2850332426445881,0,0,8,0,16,256,1,1,16777216,1,1
"KERNEL_DISPATCH","Agent 4",1,0,5743,312,204,"gemm_kernel_v2",312,2850332426455321,2850332429187513,0,0,48,0,32,512,1,1,4194304,1,1
"KERNEL_DISPATCH","Agent 4",1,0,5743,313,205,"gemm_kernel_v2",313,2850332525896503,2850332528313651,0,0,44,20,32,256,1,1,1048576,1,1
"KERNEL_DISPATCH","Agent 4",1,0,5743,314,117,"void at::native::vectorized_elementwise_kernel<4, at::native::FillFunctor<int>, std::array<char*, 1ul> >(int, at::native::FillFunctor<int>, std::array<char*, 1ul>)",314,2850332528399411,2850332528603894,0,0,8,0,16,256,1,1,16777216,1,1
"KERNEL_DISPATCH","Agent 4",1,0,5743,315,205,"gemm_kernel_v2",315,2850332528603894,2850332531066322,0,0,44,20,32,256,1,1,1048576,1,1
"KERNEL_DISPATCH","Agent 4",1,0,5743,316,117,"void at::native::vectorized_elementwise_kernel<4, at::native::FillFunctor<int>, std::array<char*, 1ul> >(int, at::native::FillFunctor<int>, std::array<char*, 1ul>)",316,2850332531066322,2850332531267125,0,0,8,0,16,256,1,1,16777216,1,1
"KERNEL_DISPATCH","Agent 4",1,0,5743,317,205,"gemm_kernel_v2",317,2850332531267125,2850332533646832,0,0,44,20,32,256,1,1,1048576,1,1
"KERNEL_DISPATCH","Agent 4",1,0,5743,318,117,"void at::native::vectorized_elementwise_kernel<4, at::native::FillFunctor<int>, std::array<char*, 1ul> >(int, at::native::FillFunctor<int>, std::array<char*, 1ul>)",318,2850332533646832,2850332533847635,0,0,8,0,16,256,1,1,16777216,1,1
"KERNEL_DISPATCH","Agent 4",1,0,5743,319,205,"gemm_kernel_v2",319,2850332533847635,2850332536303023,0,0,44,20,32,256,1,1,1048576,1,1
"KERNEL_DISPATCH","Agent 4",1,0,5743,320,117,"void at::native::vectorized_elementwise_kernel<4, at::native::FillFunctor<int>, std::array<char*, 1ul> >(int, at::native::FillFunctor<int>, std::array<char*, 1ul>)",320,2850332536303023,2850332536504625,0,0,8,0,16,256,1,1,16777216,1,1
"KERNEL_DISPATCH","Agent 4",1,0,5743,321,205,"gemm_kernel_v2",321,2850332536504625,2850332539045615,0,0,44,20,32,256,1,1,1048576,1,1
"KERNEL_DISPATCH","Agent 4",1,0,5743,322,117,"void at::native::vectorized_elementwise_kernel<4, at::native::FillFunctor<int>, std::array<char*, 1ul> >(int, at::native::FillFunctor<int>, std::array<char*, 1ul>)",322,2850332539045615,2850332539242097,0,0,8,0,16,256,1,1,16777216,1,1
"KERNEL_DISPATCH","Agent 4",1,0,5743,323,205,"gemm_kernel_v2",323,2850332539242097,2850332541783247,0,0,44,20,32,256,1,1,1048576,1,1
"KERNEL_DISPATCH","Agent 4",1,0,5743,324,205,"gemm_kernel_v2",324,2850332541937169,2850332544357197,0,0,44,20,32,256,1,1,1048576,1,1
"KERNEL_DISPATCH","Agent 4",1,0,5743,325,205,"gemm_kernel_v2",325,2850332544357197,2850332546770345,0,0,44,20,32,256,1,1,1048576,1,1
"KERNEL_DISPATCH","Agent 4",1,0,5743,326,205,"gemm_kernel_v2",326,2850332546770345,2850332549305734,0,0,44,20,32,256,1,1,1048576,1,1
"KERNEL_DISPATCH","Agent 4",1,0,5743,327,205,"gemm_kernel_v2",327,2850332549305734,2850332551786403,0,0,44,20,32,256,1,1,1048576,1,1
"KERNEL_DISPATCH","Agent 4",1,0,5743,328,205,"gemm_kernel_v2",328,2850332551786403,2850332554294912,0,0,44,20,32,256,1,1,1048576,1,1
"KERNEL_DISPATCH","Agent 4",1,0,5743,329,205,"gemm_kernel_v2",329,2850332554294912,2850332556788701,0,0,44,20,32,256,1,1,1048576,1,1
"KERNEL_DISPATCH","Agent 4",1,0,5743,330,205,"gemm_kernel_v2",330,2850332556788701,2850332559286810,0,0,44,20,32,256,1,1,1048576,1,1
"KERNEL_DISPATCH","Agent 4",1,0,5743,331,205,"gemm_kernel_v2",331,2850332559286810,2850332561709398,0,0,44,20,32,256,1,1,1048576,1,1
"KERNEL_DISPATCH","Agent 4",1,0,5743,332,205,"gemm_kernel_v2",332,2850332561709398,2850332564300308,0,0,44,20,32,256,1,1,1048576,1,1
"KERNEL_DISPATCH","Agent 4",1,0,5743,333,117,"void at::native::vectorized_elementwise_kernel<4, at::native::FillFunctor<int>, std::array<char*, 1ul> >(int, at::native::FillFunctor<int>, std::array<char*, 1ul>)",333,2850332564300308,2850332564501110,0,0,8,0,16,256,1,1,16777216,1,1
"KERNEL_DISPATCH","Agent 4",1,0,5743,334,205,"gemm_kernel_v2",334,2850332564511990,2850332567139061,0,0,44,20,32,256,1,1,1048576,1,1
"KERNEL_DISPATCH","Agent 4",1,0,5743,335,117,"void at::native::vectorized_elementwise_kernel<4, at::native::FillFunctor<int>, std::array<char*, 1ul> >(int, at::native::FillFunctor<int>, std::array<char*, 1ul>)",335,2850332567147221,2850332567351223,0,0,8,0,16,256,1,1,16777216,1,1
"KERNEL_DISPATCH","Agent 4",1,0,5743,336,205,"gemm_kernel_v2",336,2850332567360503,2850332569765171,0,0,44,20,32,256,1,1,1048576,1,1
"KERNEL_DISPATCH","Agent 4",1,0,5743,337,117,"void at::native::vectorized_elementwise_kernel<4, at::native::FillFunctor<int>, std::array<char*, 1ul> >(int, at::native::FillFunctor<int>, std::array<char*, 1ul>)",337,2850332569773331,2850332569970454,0,0,8,0,16,256,1,1,16777216,1,1
"KERNEL_DISPATCH","Agent 4",1,0,5743,338,205,"gemm_kernel_v2",338,2850332569980374,2850332572440562,0,0,44,20,32,256,1,1,1048576,1,1
"KERNEL_DISPATCH","Agent 4",1,0,5743,339,117,"void at::native::vectorized_elementwise_kernel<4, at::native::FillFunctor<int>, std::array<char*, 1ul> >(int, at::native::FillFunctor<int>, std::array<char*, 1ul>)",339,2850332572448562,2850332572648885,0,0,8,0,16,256,1,1,16777216,1,1
"KERNEL_DISPATCH","Agent 4",1,0,5743,340,205,"gemm_kernel_v2",340,2850332572658645,2850332575176114,0,0,44,20,32,256,1,1,1048576,1,1
"KERNEL_DISPATCH","Agent 4",1,0,5743,341,117,"void at::native::vectorized_elementwise_kernel<4, at::native::FillFunctor<int>, std::array<char*, 1ul> >(int, at::native::FillFunctor<int>, std::array<char*, 1ul>)",341,2850332575183954,2850332575382197,0,0,8,0,16,256,1,1,16777216,1,1
"KERNEL_DISPATCH","Agent 4",1,0,5743,342,205,"gemm_kernel_v2",342,2850332575391957,2850332577838705,0,0,44,20,32,256,1,1,1048576,1,1
"KERNEL_DISPATCH","Agent 4",1,0,5743,343,117,"void at::native::vectorized_elementwise_kernel<4, at::native::FillFunctor<int>, std::array<char*, 1ul> >(int, at::native::FillFunctor<int>, std::array<char*, 1ul>)",343,2850332577847025,2850332578044787,0,0,8,0,16,256,1,1,16777216,1,1
"KERNEL_DISPATCH","Agent 4",1,0,5743,344,205,"gemm_kernel_v2",344,2850332578054388,2850332580510096,0,0,44,20,32,256,1,1,1048576,1,1
"KERNEL_DISPATCH","Agent 4",1,0,5743,345,117,"void at::native::vectorized_elementwise_kernel<4, at::native::FillFunctor<int>, std::array<char*, 1ul> >(int, at::native::FillFunctor<int>, std::array<char*, 1ul>)",345,2850332580518096,2850332580714578,0,0,8,0,16,256,1,1,16777216,1,1
"KERNEL_DISPATCH","Agent 4",1,0,5743,346,205,"gemm_kernel_v2",346,2850332580724179,2850332583139407,0,0,44,20,32,256,1,1,1048576,1,1
"KERNEL_DISPATCH","Agent 4",1,0,5743,347,117,"void at::native::vectorized_elementwise_kernel<4, at::native::FillFunctor<int>, std::array<char*, 1ul> >(int, at::native::FillFunctor<int>, std::array<char*, 1ul>)",347,2850332583148047,2850332583345969,0,0,8,0,16,256,1,1,16777216,1,1
"KERNEL_DISPATCH","Agent 4",1,0,5743,348,205,"gemm_kernel_v2",348,2850332583355569,2850332585781517,0,0,44,20,32,256,1,1,1048576,1,1
"KERNEL_DISPATCH","Agent 4",1,0,5743,349,117,"void at::native::vectorized_elementwise_kernel<4, at::native::FillFunctor<int>, std::array<char*, 1ul> >(int, at::native::FillFunctor<int>, std::array<char*, 1ul>)",349,2850332585789517,2850332585990960,0,0,8,0,16,256,1,1,16777216,1,1
"KERNEL_DISPATCH","Agent 4",1,0,5743,350,205,"gemm_kernel_v2",350,2850332586000560,2850332588495949,0,0,44,20,32,256,1,1,1048576,1,1
"KERNEL_DISPATCH","Agent 4",1,0,5743,351,117,"void at::native::vectorized_elementwise_kernel<4, at::native::FillFunctor<int>, std::array<char*, 1ul> >(int, at::native::FillFunctor<int>, std::array<char*, 1ul>)",351,2850332588504429,2850332588703311,0,0,8,0,16,256,1,1,16777216,1,1
"KERNEL_DISPATCH","Agent 4",1,0,5743,352,205,"gemm_kernel_v2",352,2850332588712908,2850332591112135,0,0,44,20,32,256,1,1,1048576,1,1
"KERNEL_DISPATCH","Agent 4",1,0,5743,353,117,"void at::native::vectorized_elementwise_kernel<4, at::native::FillFunctor<int>, std::array<char*, 1ul> >(int, at::native::FillFunctor<int>, std::array<char*, 1ul>)",353,2850332591120295,2850332591320937,0,0,8,0,16,256,1,1,16777216,1,1
"KERNEL_DISPATCH","Agent 4",1,0,5743,354,205,"gemm_kernel_v2",354,2850332591330537,2850332593742405,0,0,44,20,32,256,1,1,1048576,1,1
"KERNEL_DISPATCH","Agent 4",1,0,5743,355,117,"void at::native::vectorized_elementwise_kernel<4, at::native::FillFunctor<int>, std::array<char*, 1ul> >(int, at::native::FillFunctor<int>, std::array<char*, 1ul>)",355,2850332593750405,2850332593950887,0,0,8,0,16,256,1,1,16777216,1,1
"KERNEL_DISPATCH","Agent 4",1,0,5743,356,205,"gemm_kernel_v2",356,2850332593960487,2850332596521317,0,0,44,20,32,256,1,1,1048576,1,1
"KERNEL_DISPATCH","Agent 4",1,0,5743,357,117,"void at::native::vectorized_elementwise_kernel<4, at::native::FillFunctor<int>, std::array<char*, 1ul> >(int, at::native::FillFunctor<int>, std::array<char*, 1ul>)",357,2850332596529637,2850332596727720,0,0,8,0,16,256,1,1,16777216,1,1
"KERNEL_DISPATCH","Agent 4",1,0,5743,358,205,"gemm_kernel_v2",358,2850332596737320,2850332599155748,0,0,44,20,32,256,1,1,1048576,1,1
"KERNEL_DISPATCH","Agent 4",1,0,5743,359,117,"void at::native::vectorized_elementwise_kernel<4, at::native::FillFunctor<int>, std::array<char*, 1ul> >(int, at::native::FillFunctor<int>, std::array<char*, 1ul>)",359,2850332599163908,2850332599362310,0,0,8,0,16,256,1,1,16777216,1,1
"KERNEL_DISPATCH","Agent 4",1,0,5743,360,205,"gemm_kernel_v2",360,2850332599371590,2850332601851139,0,0,44,20,32,256,1,1,1048576,1,1
"KERNEL_DISPATCH","Agent 4",1,0,5743,361,117,"void at::native::vectorized_elementwise_kernel<4, at::native::FillFunctor<int>, std::array<char*, 1ul> >(int, at::native::FillFunctor<int>, std::array<char*, 1ul>)",361,2850332601859459,2850332602056101,0,0,8,0,16,256,1,1,16777216,1,1
"KERNEL_DISPATCH","Agent 4",1,0,5743,362,205,"gemm_kernel_v2",362,2850332602065861,2850332604479969,0,0,44,20,32,256,1,1,1048576,1,1
"KERNEL_DISPATCH","Agent 4",1,0,5743,363,117,"void at::native::vectorized_elementwise_kernel<4, at::native::FillFunctor<int>, std::array<char*, 1ul> >(int, at::native::FillFunctor<int>, std::array<char*, 1ul>)",363,2850332604487970,2850332604684772,0,0,8,0,16,256,1,1,16777216,1,1
"KERNEL_DISPATCH","Agent 4",1,0,5743,364,205,"gemm_kernel_v2",364,2850332604694212,2850332607160001,0,0,44,20,32,256,1,1,1048576,1,1
"KERNEL_DISPATCH","Agent 4",1,0,5743,365,117,"void at::native::vectorized_elementwise_kernel<4, at::native::FillFunctor<int>, std::array<char*, 1ul> >(int, at::native::FillFunctor<int>, std::array<char*, 1ul>)",365,2850332607168161,2850332607369123,0,0,8,0,16,256,1,1,16777216,1,1
"KERNEL_DISPATCH","Agent 4",1,0,5743,366,205,"gemm_kernel_v2",366,2850332607378723,2850332609939393,0,0,44,20,32,256,1,1,1048576,1,1
"KERNEL_DISPATCH","Agent 4",1,0,5743,367,117,"void at::native::vectorized_elementwise_kernel<4, at::native::FillFunctor<int>, std::array<char*, 1ul> >(int, at::native::FillFunctor<int>, std::array<char*, 1ul>)",367,2850332609947233,2850332610147235,0,0,8,0,16,256,1,1,16777216,1,1
"KERNEL_DISPATCH","Agent 4",1,0,5743,368,205,"gemm_kernel_v2",368,2850332610156835,2850332612585984,0,0,44,20,32,256,1,1,1048576,1,1
"KERNEL_DISPATCH","Agent 4",1,0,5743,369,117,"void at::native::vectorized_elementwise_kernel<4, at::native::FillFunctor<int>, std::array<char*, 1ul> >(int, at::native::FillFunctor<int>, std::array<char*, 1ul>)",369,2850332612594304,2850332612793026,0,0,8,0,16,256,1,1,16777216,1,1
"KERNEL_DISPATCH","Agent 4",1,0,5743,370,205,"gemm_kernel_v2",370,2850332612802786,2850332615180734,0,0,44,20,32,256,1,1,1048576,1,1
"KERNEL_DISPATCH","Agent 4",1,0,5743,371,117,"void at::native::vectorized_elementwise_kernel<4, at::native::FillFunctor<int>, std::array<char*, 1ul> >(int, at::native::FillFunctor<int>, std::array<char*, 1ul>)",371,2850332615188734,2850332615386816,0,0,8,0,16,256,1,1,16777216,1,1
"KERNEL_DISPATCH","Agent 4",1,0,5743,372,205,"gemm_kernel_v2",372,2850332615396256,2850332617931806,0,0,44,20,32,256,1,1,1048576,1,1
"KERNEL_DISPATCH","Agent 4",1,0,5743,373,117,"void at::native::vectorized_elementwise_kernel<4, at::native::FillFunctor<int>, std::array<char*, 1ul> >(int, at::native::FillFunctor<int>, std::array<char*, 1ul>)",373,2850332617939966,2850332618139168,0,0,8,0,16,256,1,1,16777216,1,1
"KERNEL_DISPATCH","Agent 4",1,0,5743,374,205,"gemm_kernel_v2",374,2850332618148608,2850332620619837,0,0,44,20,32,256,1,1,1048576,1,1
"KERNEL_DISPATCH","Agent 4",1,0,5743,375,117,"void at::native::vectorized_elementwise_kernel<4, at::native::FillFunctor<int>, std::array<char*, 1ul> >(int, at::native::FillFunctor<int>, std::array<char*, 1ul>)",375,2850332620628317,2850332620829919,0,0,8,0,16,256,1,1,16777216,1,1
"KERNEL_DISPATCH","Agent 4",1,0,5743,376,205,"gemm_kernel_v2",376,2850332620839679,2850332623334748,0,0,44,20,32,256,1,1,1048576,1,1
"KERNEL_DISPATCH","Agent 4",1,0,5743,377,117,"void at::native::vectorized_elementwise_kernel<4, at::native::FillFunctor<int>, std::array<char*, 1ul> >(int, at::native::FillFunctor<int>, std::array<char*, 1ul>)",377,2850332623342908,2850332623541311,0,0,8,0,16,256,1,1,16777216,1,1
"KERNEL_DISPATCH","Agent 4",1,0,5743,378,205,"gemm_kernel_v2",378,2850332623550751,2850332625993819,0,0,44,20,32,256,1,1,1048576,1,1
"KERNEL_DISPATCH","Agent 4",1,0,5743,379,117,"void at::native::vectorized_elementwise_kernel<4, at::native::FillFunctor<int>, std::array<char*, 1ul> >(int, at::native::FillFunctor<int>, std::array<char*, 1ul>)",379,2850332626002299,2850332626202301,0,0,8,0,16,256,1,1,16777216,1,1
"KERNEL_DISPATCH","Agent 4",1,0,5743,380,205,"gemm_kernel_v2",380,2850332626212222,2850332628664570,0,0,44,20,32,256,1,1,1048576,1,1
"KERNEL_DISPATCH","Agent 4",1,0,5743,381,117,"void at::native::vectorized_elementwise_kernel<4, at::native::FillFunctor<int>, std::array<char*, 1ul> >(int, at::native::FillFunctor<int>, std::array<char*, 1ul>)",381,2850332628672730,2850332628870812,0,0,8,0,16,256,1,1,16777216,1,1
"KERNEL_DISPATCH","Agent 4",1,0,5743,382,205,"gemm_kernel_v2",382,2850332628880093,2850332631300761,0,0,44,20,32,256,1,1,1048576,1,1
"KERNEL_DISPATCH","Agent 4",1,0,5743,383,117,"void at::native::vectorized_elementwise_kernel<4, at::native::FillFunctor<int>, std::array<char*, 1ul> >(int, at::native::FillFunctor<int>, std::array<char*, 1ul>)",383,2850332631308921,2850332631508603,0,0,8,0,16,256,1,1,16777216,1,1
"KERNEL_DISPATCH","Agent 4",1,0,5743,384,205,"gemm_kernel_v2",384,2850332631518363,2850332634016472,0,0,44,20,32,256,1,1,1048576,1,1
"KERNEL_DISPATCH","Agent 4",1,0,5743,385,117,"void at::native::vectorized_elementwise_kernel<4, at::native::FillFunctor<int>, std::array<char*, 1ul> >(int, at::native::FillFunctor<int>, std::array<char*, 1ul>)",385,2850332634024312,2850332634223995,0,0,8,0,16,256,1,1,16777216,1,1
"KERNEL_DISPATCH","Agent 4",1,0,5743,386,205,"gemm_kernel_v2",386,2850332634233595,2850332636752824,0,0,44,20,32,256,1,1,1048576,1,1
"KERNEL_DISPATCH","Agent 4",1,0,5743,387,117,"void at::native::vectorized_elementwise_kernel<4, at::native::FillFunctor<int>, std::array<char*, 1ul> >(int, at::native::FillFunctor<int>, std::array<char*, 1ul>)",387,2850332636760824,2850332636958426,0,0,8,0,16,256,1,1,16777216,1,1
"KERNEL_DISPATCH","Agent 4",1,0,5743,388,205,"gemm_kernel_v2",388,2850332636968186,2850332639461175,0,0,44,20,32,256,1,1,1048576,1,1
"KERNEL_DISPATCH","Agent 4",1,0,5743,389,117,"void at::native::vectorized_elementwise_kernel<4, at::native::FillFunctor<int>, std::array<char*, 1ul> >(int, at::native::FillFunctor<int>, std::array<char*, 1ul>)",389,2850332639469175,2850332639670938,0,0,8,0,16,256,1,1,16777216,1,1
"KERNEL_DISPATCH","Agent 4",1,0,5743,390,205,"gemm_kernel_v2",390,2850332639680538,2850332642085526,0,0,44,20,32,256,1,1,1048576,1,1
"KERNEL_DISPATCH","Agent 4",1,0,5743,391,117,"void at::native::vectorized_elementwise_kernel<4, at::native::FillFunctor<int>, std::array<char*, 1ul> >(int, at::native::FillFunctor<int>, std::array<char*, 1ul>)",391,2850332642093686,2850332642291928,0,0,8,0,16,256,1,1,16777216,1,1
"KERNEL_DISPATCH","Agent 4",1,0,5743,392,205,"gemm_kernel_v2",392,2850332642301688,2850332644722356,0,0,44,20,32,256,1,1,1048576,1,1
"KERNEL_DISPATCH","Agent 4",1,0,5743,393,117,"void at::native::vectorized_elementwise_kernel<4, at::native::FillFunctor<int>, std::array<char*, 1ul> >(int, at::native::FillFunctor<int>, std::array<char*, 1ul>)",393,2850332644730676,2850332644934039,0,0,8,0,16,256,1,1,16777216,1,1
"KERNEL_DISPATCH","Agent 4",1,0,5743,394,205,"gemm_kernel_v2",394,2850332644943159,2850332647374387,0,0,44,20,32,256,1,1,1048576,1,1
"KERNEL_DISPATCH","Agent 4",1,0,5743,395,117,"void at::native::vectorized_elementwise_kernel<4, at::native::FillFunctor<int>, std::array<char*, 1ul> >(int, at::native::FillFunctor<int>, std::array<char*, 1ul>)",395,2850332647382867,2850332647582709,0,0,8,0,16,256,1,1,16777216,1,1
"KERNEL_DISPATCH","Agent 4",1,0,5743,396,205,"gemm_kernel_v2",396,2850332647592150,2850332650006898,0,0,44,20,32,256,1,1,1048576,1,1
"KERNEL_DISPATCH","Agent 4",1,0,5743,397,117,"void at::native::vectorized_elementwise_kernel<4, at::native::FillFunctor<int>, std::array<char*, 1ul> >(int, at::native::FillFunctor<int>, std::array<char*, 1ul>)",397,2850332650015058,2850332650212660,0,0,8,0,16,256,1,1,16777216,1,1
"KERNEL_DISPATCH","Agent 4",1,0,5743,398,205,"gemm_kernel_v2",398,2850332650221780,2850332652758130,0,0,44,20,32,256,1,1,1048576,1,1
"KERNEL_DISPATCH","Agent 4",1,0,5743,399,117,"void at::native::vectorized_elementwise_kernel<4, at::native::FillFunctor<int>, std::array<char*, 1ul> >(int, at::native::FillFunctor<int>, std::array<char*, 1ul>)",399,2850332652766450,2850332652964372,0,0,8,0,16,256,1,1,16777216,1,1
"KERNEL_DISPATCH","Agent 4",1,0,5743,400,205,"gemm_kernel_v2",400,2850332652973872,2850332655457420,0,0,44,20,32,256,1,1,1048576,1,1
"KERNEL_DISPATCH","Agent 4",1,0,5743,401,117,"void at::native::vectorized_elementwise_kernel<4, at::native::FillFunctor<int>, std::array<char*, 1ul> >(int, at::native::FillFunctor<int>, std::array<char*, 1ul>)",401,2850332655465580,2850332655664782,0,0,8,0,16,256,1,1,16777216,1,1
"KERNEL_DISPATCH","Agent 4",1,0,5743,402,205,"gemm_kernel_v2",402,2850332655674382,2850332658082090,0,0,44,20,32,256,1,1,1048576,1,1
"KERNEL_DISPATCH","Agent 4",1,0,5743,403,117,"void at::native::vectorized_elementwise_kernel<4, at::native::FillFunctor<int>, std::array<char*, 1ul> >(int, at::native::FillFunctor<int>, std::array<char*, 1ul>)",403,2850332658090410,2850332658286252,0,0,8,0,16,256,1,1,16777216,1,1
"KERNEL_DISPATCH","Agent 4",1,0,5743,404,205,"gemm_kernel_v2",404,2850332658295852,2850332660755561,0,0,44,20,32,256,1,1,1048576,1,1
"KERNEL_DISPATCH","Agent 4",1,0,5743,405,117,"void at::native::vectorized_elementwise_kernel<4, at::native::FillFunctor<int>, std::array<char*, 1ul> >(int, at::native::FillFunctor<int>, std::array<char*, 1ul>)",405,2850332660763721,2850332660962123,0,0,8,0,16,256,1,1,16777216,1,1
"KERNEL_DISPATCH","Agent 4",1,0,5743,406,205,"gemm_kernel_v2",406,2850332660971724,2850332663387912,0,0,44,20,32,256,1,1,1048576,1,1
"KERNEL_DISPATCH","Agent 4",1,0,5743,407,206,"gemm_kernel_v2",407,2850332788917476,2850332790997980,0,0,40,0,32,512,1,1,2097152,1,1
"KERNEL_DISPATCH","Agent 4",1,0,5743,408,117,"void at::native::vectorized_elementwise_kernel<4, at::native::FillFunctor<int>, std::array<char*, 1ul> >(int, at::native::FillFunctor<int>, std::array<char*, 1ul>)",408,2850332791077820,2850332791278783,0,0,8,0,16,256,1,1,16777216,1,1
"KERNEL_DISPATCH","Agent 4",1,0,5743,409,206,"gemm_kernel_v2",409,2850332791278783,2850332793361047,0,0,40,0,32,512,1,1,2097152,1,1
"KERNEL_DISPATCH","Agent 4",1,0,5743,410,117,"void at::native::vectorized_elementwise_kernel<4, at::native::FillFunctor<int>, std::array<char*, 1ul> >(int, at::native::FillFunctor<int>, std::array<char*, 1ul>)",410,2850332793361047,2850332793563769,0,0,8,0,16,256,1,1,16777216,1,1
"KERNEL_DISPATCH","Agent 4",1,0,5743,411,206,"gemm_kernel_v2",411,2850332793563769,2850332795647633,0,0,40,0,32,512,1,1,2097152,1,1
"KERNEL_DISPATCH","Agent 4",1,0,5743,412,117,"void at::native::vectorized_elementwise_kernel<4, at::native::FillFunctor<int>, std::array<char*, 1ul> >(int, at::native::FillFunctor<int>, std::array<char*, 1ul>)",412,2850332795647633,2850332795849396,0,0,8,0,16,256,1,1,16777216,1,1
"KERNEL_DISPATCH","Agent 4",1,0,5743,413,206,"gemm_kernel_v2",413,2850332795849396,2850332797929260,0,0,40,0,32,512,1,1,2097152,1,1
"KERNEL_DISPATCH","Agent 4",1,0,5743,414,117,"void at::native::vectorized_elementwise_kernel<4, at::native::FillFunctor<int>, std::array<char*, 1ul> >(int, at::native::FillFunctor<int>, std::array<char*, 1ul>)",414,2850332797929260,2850332798135022,0,0,8,0,16,256,1,1,16777216,1,1
"KERNEL_DISPATCH","Agent 4",1,0,5743,415,206,"gemm_kernel_v2",415,2850332798135022,2850332800219046,0,0,40,0,32,512,1,1,2097152,1,1
"KERNEL_DISPATCH","Agent 4",1,0,5743,416,117,"void at::native::vectorized_elementwise_kernel<4, at::native::FillFunctor<int>, std::array<char*, 1ul> >(int, at::native::FillFunctor<int>, std::array<char*, 1ul>)",416,2850332800219046,2850332800422409,0,0,8,0,16,256,1,1,16777216,1,1
"KERNEL_DISPATCH","Agent 4",1,0,5743,417,206,"gemm_kernel_v2",417,2850332800422409,2850332802506433,0,0,40,0,32,512,1,1,2097152,1,1
"KERNEL_DISPATCH","Agent 4",1,0,5743,418,206,"gemm_kernel_v2",418,2850332802662595,2850332804740219,0,0,40,0,32,512,1,1,2097152,1,1
"KERNEL_DISPATCH","Agent 4",1,0,5743,419,206,"gemm_kernel_v2",419,2850332804740219,2850332806818643,0,0,40,0,32,512,1,1,2097152,1,1
"KERNEL_DISPATCH","Agent 4",1,0,5743,420,206,"gemm_kernel_v2",420,2850332806818643,2850332808897547,0,0,40,0,32,512,1,1,2097152,1,1
"KERNEL_DISPATCH","Agent 4",1,0,5743,421,206,"gemm_kernel_v2",421,2850332808897547,2850332810979171,0,0,40,0,32,512,1,1,2097152,1,1
"KERNEL_DISPATCH","Agent 4",1,0,5743,422,206,"gemm_kernel_v2",422,2850332810979171,2850332813059995,0,0,40,0,32,512,1,1,2097152,1,1
"KERNEL_DISPATCH","Agent 4",1,0,5743,423,206,"gemm_kernel_v2",423,2850332813059995,2850332815141300,0,0,40,0,32,512,1,1,2097152,1,1
"KERNEL_DISPATCH","Agent 4",1,0,5743,424,206,"gemm_kernel_v2",424,2850332815141300,2850332817223724,0,0,40,0,32,512,1,1,2097152,1,1
"KERNEL_DISPATCH","Agent 4",1,0,5743,425,206,"gemm_kernel_v2",425,2850332817223724,2850332819309028,0,0,40,0,32,512,1,1,2097152,1,1
"KERNEL_DISPATCH","Agent 4",1,0,5743,426,206,"gemm_kernel_v2",426,2850332819309028,2850332821387612,0,0,40,0,32,512,1,1,2097152,1,1
"KERNEL_DISPATCH","Agent 4",1,0,5743,427,206,"gemm_kernel_v2",427,2850332821387612,2850332823470356,0,0,40,0,32,512,1,1,2097152,1,1
"KERNEL_DISPATCH","Agent 4",1,0,5743,428,117,"void at::native::vectorized_elementwise_kernel<4, at::native::FillFunctor<int>, std::array<char*, 1ul> >(int, at::native::FillFunctor<int>, std::array<char*, 1ul>)",428,2850332823470356,2850332823673559,0,0,8,0,16,256,1,1,16777216,1,1
"KERNEL_DISPATCH","Agent 4",1,0,5743,429,206,"gemm_kernel_v2",429,2850332823685239,2850332825767183,0,0,40,0,32,512,1,1,2097152,1,1
"KERNEL_DISPATCH","Agent 4",1,0,5743,430,117,"void at::native::vectorized_elementwise_kernel<4, at::native::FillFunctor<int>, std::array<char*, 1ul> >(int, at::native::FillFunctor<int>, std::array<char*, 1ul>)",430,2850332825775503,2850332825972305,0,0,8,0,16,256,1,1,16777216,1,1
"KERNEL_DISPATCH","Agent 4",1,0,5743,431,206,"gemm_kernel_v2",431,2850332825981905,2850332828065450,0,0,40,0,32,512,1,1,2097152,1,1
"KERNEL_DISPATCH","Agent 4",1,0,5743,432,117,"void at::native::vectorized_elementwise_kernel<4, at::native::FillFunctor<int>, std::array<char*, 1ul> >(int, at::native::FillFunctor<int>, std::array<char*, 1ul>)",432,2850332828074090,2850332828273772,0,0,8,0,16,256,1,1,16777216,1,1
"KERNEL_DISPATCH","Agent 4",1,0,5743,433,206,"gemm_kernel_v2",433,2850332828283532,2850332830366436,0,0,40,0,32,512,1,1,2097152,1,1
"KERNEL_DISPATCH","Agent 4",1,0,5743,434,117,"void at::native::vectorized_elementwise_kernel<4, at::native::FillFunctor<int>, std::array<char*, 1ul> >(int, at::native::FillFunctor<int>, std::array<char*, 1ul>)",434,2850332830375076,2850332830572999,0,0,8,0,16,256,1,1,16777216,1,1
"KERNEL_DISPATCH","Agent 4",1,0,5743,435,206,"gemm_kernel_v2",435,2850332830582119,2850332832661183,0,0,40,0,32,512,1,1,2097152,1,1
"KERNEL_DISPATCH","Agent 4",1,0,5743,436,117,"void at::native::vectorized_elementwise_kernel<4, at::native::FillFunctor<int>, std::array<char*, 1ul> >(int, at::native::FillFunctor<int>, std::array<char*, 1ul>)",436,2850332832669503,2850332832870145,0,0,8,0,16,256,1,1,16777216,1,1
"KERNEL_DISPATCH","Agent 4",1,0,5743,437,206,"gemm_kernel_v2",437,2850332832879585,2850332834961370,0,0,40,0,32,512,1,1,2097152,1,1
"KERNEL_DISPATCH","Agent 4",1,0,5743,438,117,"void at::native::vectorized_elementwise_kernel<4, at::native::FillFunctor<int>, std::array<char*, 1ul> >(int, at::native::FillFunctor<int>, std::array<char*, 1ul>)",438,2850332834970010,2850332835170492,0,0,8,0,16,256,1,1,16777216,1,1
"KERNEL_DISPATCH","Agent 4",1,0,5743,439,206,"gemm_kernel_v2",439,2850332835180092,2850332837261716,0,0,40,0,32,512,1,1,2097152,1,1
"KERNEL_DISPATCH","Agent 4",1,0,5743,440,117,"void at::native::vectorized_elementwise_kernel<4, at::native::FillFunctor<int>, std::array<char*, 1ul> >(int, at::native::FillFunctor<int>, std::array<char*, 1ul>)",440,2850332837270196,2850332837472119,0,0,8,0,16,256,1,1,16777216,1,1
"KERNEL_DISPATCH","Agent 4",1,0,5743,441,206,"gemm_kernel_v2",441,2850332837481559,2850332839563663,0,0,40,0,32,512,1,1,2097152,1,1
"KERNEL_DISPATCH","Agent 4",1,0,5743,442,117,"void at::native::vectorized_elementwise_kernel<4, at::native::FillFunctor<int>, std::array<char*, 1ul> >(int, at::native::FillFunctor<int>, std::array<char*, 1ul>)",442,2850332839572623,2850332839780145,0,0,8,0,16,256,1,1,16777216,1,1
"KERNEL_DISPATCH","Agent 4",1,0,5743,443,206,"gemm_kernel_v2",443,2850332839789266,2850332841872010,0,0,40,0,32,512,1,1,2097152,1,1
"KERNEL_DISPATCH","Agent 4",1,0,5743,444,117,"void at::native::vectorized_elementwise_kernel<4, at::native::FillFunctor<int>, std::array<char*, 1ul> >(int, at::native::FillFunctor<int>, std::array<char*, 1ul>)",444,2850332841880490,2850332842079852,0,0,8,0,16,256,1,1,16777216,1,1
"KERNEL_DISPATCH","Agent 4",1,0,5743,445,206,"gemm_kernel_v2",445,2850332842089292,2850332844169476,0,0,40,0,32,512,1,1,2097152,1,1
"KERNEL_DISPATCH","Agent 4",1,0,5743,446,117,"void at::native::vectorized_elementwise_kernel<4, at::native::FillFunctor<int>, std::array<char*, 1ul> >(int, at::native::FillFunctor<int>, std::array<char*, 1ul>)",446,2850332844178276,2850332844378919,0,0,8,0,16,256,1,1,16777216,1,1
"KERNEL_DISPATCH","Agent 4",1,0,5743,447,206,"gemm_kernel_v2",447,2850332844388519,2850332846471743,0,0,40,0,32,512,1,1,2097152,1,1
"KERNEL_DISPATCH","Agent 4",1,0,5743,448,117,"void at::native::vectorized_elementwise_kernel<4, at::native::FillFunctor<int>, std::array<char*, 1ul> >(int, at::native::FillFunctor<int>, std::array<char*, 1ul>)",448,2850332846480383,2850332846681825,0,0,8,0,16,256,1,1,16777216,1,1
"KERNEL_DISPATCH","Agent 4",1,0,5743,449,206,"gemm_kernel_v2",449,2850332846691746,2850332848780090,0,0,40,0,32,512,1,1,2097152,1,1
"KERNEL_DISPATCH","Agent 4",1,0,5743,450,117,"void at::native::vectorized_elementwise_kernel<4, at::native::FillFunctor<int>, std::array<char*, 1ul> >(int, at::native::FillFunctor<int>, std::array<char*, 1ul>)",450,2850332848788730,2850332848988252,0,0,8,0,16,256,1,1,16777216,1,1
"KERNEL_DISPATCH","Agent 4",1,0,5743,451,206,"gemm_kernel_v2",451,2850332848997692,2850332851074356,0,0,40,0,32,512,1,1,2097152,1,1
"KERNEL_DISPATCH","Agent 4",1,0,5743,452,117,"void at::native::vectorized_elementwise_kernel<4, at::native::FillFunctor<int>, std::array<char*, 1ul> >(int, at::native::FillFunctor<int>, std::array<char*, 1ul>)",452,2850332851083317,2850332851280759,0,0,8,0,16,256,1,1,16777216,1,1
"KERNEL_DISPATCH","Agent 4",1,0,5743,453,206,"gemm_kernel_v2",453,2850332851290359,2850332853373743,0,0,40,0,32,512,1,1,2097152,1,1
"KERNEL_DISPATCH","Agent 4",1,0,5743,454,117,"void at::native::vectorized_elementwise_kernel<4, at::native::FillFunctor<int>, std::array<char*, 1ul> >(int, at::native::FillFunctor<int>, std::array<char*, 1ul>)",454,2850332853382433,2850332853583235,0,0,8,0,16,256,1,1,16777216,1,1
"KERNEL_DISPATCH","Agent 4",1,0,5743,455,206,"gemm_kernel_v2",455,2850332853592995,2850332855676539,0,0,40,0,32,512,1,1,2097152,1,1
"KERNEL_DISPATCH","Agent 4",1,0,5743,456,117,"void at::native::vectorized_elementwise_kernel<4, at::native::FillFunctor<int>, std::array<char*, 1ul> >(int, at::native::FillFunctor<int>, std::array<char*, 1ul>)",456,2850332855685019,2850332855883581,0,0,8,0,16,256,1,1,16777216,1,1
"KERNEL_DISPATCH","Agent 4",1,0,5743,457,206,"gemm_kernel_v2",457,2850332855893021,2850332857977045,0,0,40,0,32,512,1,1,2097152,1,1
"KERNEL_DISPATCH","Agent 4",1,0,5743,458,117,"void at::native::vectorized_elementwise_kernel<4, at::native::FillFunctor<int>, std::array<char*, 1ul> >(int, at::native::FillFunctor<int>, std::array<char*, 1ul>)",458,2850332857985366,2850332858187448,0,0,8,0,16,256,1,1,16777216,1,1
"KERNEL_DISPATCH","Agent 4",1,0,5743,459,206,"gemm_kernel_v2",459,2850332858197208,2850332860283312,0,0,40,0,32,512,1,1,2097152,1,1
"KERNEL_DISPATCH","Agent 4",1,0,5743,460,117,"void at::native::vectorized_elementwise_kernel<4, at::native::FillFunctor<int>, std::array<char*, 1ul> >(int, at::native::FillFunctor<int>, std::array<char*, 1ul>)",460,2850332860291952,2850332860495315,0,0,8,0,16,256,1,1,16777216,1,1
"KERNEL_DISPATCH","Agent 4",1,0,5743,461,206,"gemm_kernel_v2",461,2850332860504755,2850332862588939,0,0,40,0,32,512,1,1,2097152,1,1
"KERNEL_DISPATCH","Agent 4",1,0,5743,462,117,"void at::native::vectorized_elementwise_kernel<4, at::native::FillFunctor<int>, std::array<char*, 1ul> >(int, at::native::FillFunctor<int>, std::array<char*, 1ul>)",462,2850332862597099,2850332862800941,0,0,8,0,16,256,1,1,16777216,1,1
"KERNEL_DISPATCH","Agent 4",1,0,5743,463,206,"gemm_kernel_v2",463,2850332862810702,2850332864897926,0,0,40,0,32,512,1,1,2097152,1,1
"KERNEL_DISPATCH","Agent 4",1,0,5743,464,117,"void at::native::vectorized_elementwise_kernel<4, at::native::FillFunctor<int>, std::array<char*, 1ul> >(int, at::native::FillFunctor<int>, std::array<char*, 1ul>)",464,2850332864906566,2850332865106408,0,0,8,0,16,256,1,1,16777216,1,1
"KERNEL_DISPATCH","Agent 4",1,0,5743,465,206,"gemm_kernel_v2",465,2850332865115688,2850332867199713,0,0,40,0,32,512,1,1,2097152,1,1
"KERNEL_DISPATCH","Agent 4",1,0,5743,466,117,"void at::native::vectorized_elementwise_kernel<4, at::native::FillFunctor<int>, std::array<char*, 1ul> >(int, at::native::FillFunctor<int>, std::array<char*, 1ul>)",466,2850332867207873,2850332867406915,0,0,8,0,16,256,1,1,16777216,1,1
"KERNEL_DISPATCH","Agent 4",1,0,5743,467,206,"gemm_kernel_v2",467,2850332867416515,2850332869497499,0,0,40,0,32,512,1,1,2097152,1,1
"KERNEL_DISPATCH","Agent 4",1,0,5743,468,117,"void at::native::vectorized_elementwise_kernel<4, at::native::FillFunctor<int>, std::array<char*, 1ul> >(int, at::native::FillFunctor<int>, std::array<char*, 1ul>)",468,2850332869505819,2850332869705982,0,0,8,0,16,256,1,1,16777216,1,1
"KERNEL_DISPATCH","Agent 4",1,0,5743,469,206,"gemm_kernel_v2",469,2850332869715582,2850332871795446,0,0,40,0,32,512,1,1,2097152,1,1
"KERNEL_DISPATCH","Agent 4",1,0,5743,470,117,"void at::native::vectorized_elementwise_kernel<4, at::native::FillFunctor<int>, std::array<char*, 1ul> >(int, at::native::FillFunctor<int>, std::array<char*, 1ul>)",470,2850332871803926,2850332872002648,0,0,8,0,16,256,1,1,16777216,1,1
"KERNEL_DISPATCH","Agent 4",1,0,5743,471,206,"gemm_kernel_v2",471,2850332872012568,2850332874094193,0,0,40,0,32,512,1,1,2097152,1,1
"KERNEL_DISPATCH","Agent 4",1,0,5743,472,117,"void at::native::vectorized_elementwise_kernel<4, at::native::FillFunctor<int>, std::array<char*, 1ul> >(int, at::native::FillFunctor<int>, std::array<char*, 1ul>)",472,2850332874102833,2850332874301715,0,0,8,0,16,256,1,1,16777216,1,1
"KERNEL_DISPATCH","Agent 4",1,0,5743,473,206,"gemm_kernel_v2",473,2850332874310995,2850332876388779,0,0,40,0,32,512,1,1,2097152,1,1
"KERNEL_DISPATCH","Agent 4",1,0,5743,474,117,"void at::native::vectorized_elementwise_kernel<4, at::native::FillFunctor<int>, std::array<char*, 1ul> >(int, at::native::FillFunctor<int>, std::array<char*, 1ul>)",474,2850332876397099,2850332876601422,0,0,8,0,16,256,1,1,16777216,1,1
"KERNEL_DISPATCH","Agent 4",1,0,5743,475,206,"gemm_kernel_v2",475,2850332876610862,2850332878698726,0,0,40,0,32,512,1,1,2097152,1,1
"KERNEL_DISPATCH","Agent 4",1,0,5743,476,117,"void at::native::vectorized_elementwise_kernel<4, at::native::FillFunctor<int>, std::array<char*, 1ul> >(int, at::native::FillFunctor<int>, std::array<char*, 1ul>)",476,2850332878707206,2850332878908169,0,0,8,0,16,256,1,1,16777216,1,1
"KERNEL_DISPATCH","Agent 4",1,0,5743,477,206,"gemm_kernel_v2",477,2850332878917929,2850332881002913,0,0,40,0,32,512,1,1,2097152,1,1
"KERNEL_DISPATCH","Agent 4",1,0,5743,478,117,"void at::native::vectorized_elementwise_kernel<4, at::native::FillFunctor<int>, std::array<char*, 1ul> >(int, at::native::FillFunctor<int>, std::array<char*, 1ul>)",478,2850332881011713,2850332881209955,0,0,8,0,16,256,1,1,16777216,1,1
"KERNEL_DISPATCH","Agent 4",1,0,5743,479,206,"gemm_kernel_v2",479,2850332881219555,2850332883298940,0,0,40,0,32,512,1,1,2097152,1,1
"KERNEL_DISPATCH","Agent 4",1,0,5743,480,117,"void at::native::vectorized_elementwise_kernel<4, at::native::FillFunctor<int>, std::array<char*, 1ul> >(int, at::native::FillFunctor<int>, std::array<char*, 1ul>)",480,2850332883307740,2850332883506622,0,0,8,0,16,256,1,1,16777216,1,1
"KERNEL_DISPATCH","Agent 4",1,0,5743,481,206,"gemm_kernel_v2",481,2850332883516542,2850332885601206,0,0,40,0,32,512,1,1,2097152,1,1
"KERNEL_DISPATCH","Agent 4",1,0,5743,482,117,"void at::native::vectorized_elementwise_kernel<4, at::native::FillFunctor<int>, std::array<char*, 1ul> >(int, at::native::FillFunctor<int>, std::array<char*, 1ul>)",482,2850332885609846,2850332885811769,0,0,8,0,16,256,1,1,16777216,1,1
"KERNEL_DISPATCH","Agent 4",1,0,5743,483,206,"gemm_kernel_v2",483,2850332885821369,2850332887900753,0,0,40,0,32,512,1,1,2097152,1,1
"KERNEL_DISPATCH","Agent 4",1,0,5743,484,117,"void at::native::vectorized_elementwise_kernel<4, at::native::FillFunctor<int>, std::array<char*, 1ul> >(int, at::native::FillFunctor<int>, std::array<char*, 1ul>)",484,2850332887909233,2850332888110515,0,0,8,0,16,256,1,1,16777216,1,1
"KERNEL_DISPATCH","Agent 4",1,0,5743,485,206,"gemm_kernel_v2",485,2850332888120116,2850332890205420,0,0,40,0,32,512,1,1,2097152,1,1
"KERNEL_DISPATCH","Agent 4",1,0,5743,486,117,"void at::native::vectorized_elementwise_kernel<4, at::native::FillFunctor<int>, std::array<char*, 1ul> >(int, at::native::FillFunctor<int>, std::array<char*, 1ul>)",486,2850332890214060,2850332890415502,0,0,8,0,16,256,1,1,16777216,1,1
"KERNEL_DISPATCH","Agent 4",1,0,5743,487,206,"gemm_kernel_v2",487,2850332890425102,2850332892511207,0,0,40,0,32,512,1,1,2097152,1,1
"KERNEL_DISPATCH","Agent 4",1,0,5743,488,117,"void at::native::vectorized_elementwise_kernel<4, at::native::FillFunctor<int>, std::array<char*, 1ul> >(int, at::native::FillFunctor<int>, std::array<char*, 1ul>)",488,2850332892519367,2850332892719369,0,0,8,0,16,256,1,1,16777216,1,1
"KERNEL_DISPATCH","Agent 4",1,0,5743,489,206,"gemm_kernel_v2",489,2850332892729129,2850332894816033,0,0,40,0,32,512,1,1,2097152,1,1
"KERNEL_DISPATCH","Agent 4",1,0,5743,490,117,"void at::native::vectorized_elementwise_kernel<4, at::native::FillFunctor<int>, std::array<char*, 1ul> >(int, at::native::FillFunctor<int>, std::array<char*, 1ul>)",490,2850332894824513,2850332895021156,0,0,8,0,16,256,1,1,16777216,1,1
"KERNEL_DISPATCH","Agent 4",1,0,5743,491,206,"gemm_kernel_v2",491,2850332895030916,2850332897116540,0,0,40,0,32,512,1,1,2097152,1,1
"KERNEL_DISPATCH","Agent 4",1,0,5743,492,117,"void at::native::vectorized_elementwise_kernel<4, at::native::FillFunctor<int>, std::array<char*, 1ul> >(int, at::native::FillFunctor<int>, std::array<char*, 1ul>)",492,2850332897125180,2850332897321502,0,0,8,0,16,256,1,1,16777216,1,1
"KERNEL_DISPATCH","Agent 4",1,0,5743,493,206,"gemm_kernel_v2",493,2850332897330943,2850332899420567,0,0,40,0,32,512,1,1,2097152,1,1
"KERNEL_DISPATCH","Agent 4",1,0,5743,494,117,"void at::native::vectorized_elementwise_kernel<4, at::native::FillFunctor<int>, std::array<char*, 1ul> >(int, at::native::FillFunctor<int>, std::array<char*, 1ul>)",494,2850332899429047,2850332899628249,0,0,8,0,16,256,1,1,16777216,1,1
"KERNEL_DISPATCH","Agent 4",1,0,5743,495,206,"gemm_kernel_v2",495,2850332899637689,2850332901722034,0,0,40,0,32,512,1,1,2097152,1,1
"KERNEL_DISPATCH","Agent 4",1,0,5743,496,117,"void at::native::vectorized_elementwise_kernel<4, at::native::FillFunctor<int>, std::array<char*, 1ul> >(int, at::native::FillFunctor<int>, std::array<char*, 1ul>)",496,2850332901730354,2850332901929876,0,0,8,0,16,256,1,1,16777216,1,1
"KERNEL_DISPATCH","Agent 4",1,0,5743,497,206,"gemm_kernel_v2",497,2850332901939476,2850332904020300,0,0,40,0,32,512,1,1,2097152,1,1
"KERNEL_DISPATCH","Agent 4",1,0,5743,498,117,"void at::native::vectorized_elementwise_kernel<4, at::native::FillFunctor<int>, std::array<char*, 1ul> >(int, at::native::FillFunctor<int>, std::array<char*, 1ul>)",498,2850332904028940,2850332904227023,0,0,8,0,16,256,1,1,16777216,1,1
"KERNEL_DISPATCH","Agent 4",1,0,5743,499,206,"gemm_kernel_v2",499,2850332904236623,2850332906323047,0,0,40,0,32,512,1,1,2097152,1,1
"KERNEL_DISPATCH","Agent 4",1,0,5743,500,117,"void at::native::vectorized_elementwise_kernel<4, at::native::FillFunctor<int>, std::array<char*, 1ul> >(int, at::native::FillFunctor<int>, std::array<char*, 1ul>)",500,2850332906331367,2850332906531049,0,0,8,0,16,256,1,1,16777216,1,1
"KERNEL_DISPATCH","Agent 4",1,0,5743,501,206,"gemm_kernel_v2",501,2850332906540649,2850332908622914,0,0,40,0,32,512,1,1,2097152,1,1
"KERNEL_DISPATCH","Agent 4",1,0,5743,502,117,"void at::native::vectorized_elementwise_kernel<4, at::native::FillFunctor<int>, std::array<char*, 1ul> >(int, at::native::FillFunctor<int>, std::array<char*, 1ul>)",502,2850332908631394,2850332908831396,0,0,8,0,16,256,1,1,16777216,1,1
"KERNEL_DISPATCH","Agent 4",1,0,5743,503,206,"gemm_kernel_v2",503,2850332908841316,2850332910930140,0,0,40,0,32,512,1,1,2097152,1,1
"KERNEL_DISPATCH","Agent 4",1,0,5743,504,117,"void at::native::vectorized_elementwise_kernel<4, at::native::FillFunctor<int>, std::array<char*, 1ul> >(int, at::native::FillFunctor<int>, std::array<char*, 1ul>)",504,2850332910938781,2850332911139103,0,0,8,0,16,256,1,1,16777216,1,1
"KERNEL_DISPATCH","Agent 4",1,0,5743,505,206,"gemm_kernel_v2",505,2850332911148703,2850332913232727,0,0,40,0,32,512,1,1,2097152,1,1
"KERNEL_DISPATCH","Agent 4",1,0,5743,506,117,"void at::native::vectorized_elementwise_kernel<4, at::native::FillFunctor<int>, std::array<char*, 1ul> >(int, at::native::FillFunctor<int>, std::array<char*, 1ul>)",506,2850332913241527,2850332913438650,0,0,8,0,16,256,1,1,16777216,1,1
"KERNEL_DISPATCH","Agent 4",1,0,5743,507,206,"gemm_kernel_v2",507,2850332913448410,2850332915532754,0,0,40,0,32,512,1,1,2097152,1,1
"KERNEL_DISPATCH","Agent 4",1,0,5743,508,117,"void at::native::vectorized_elementwise_kernel<4, at::native::FillFunctor<int>, std::array<char*, 1ul> >(int, at::native::FillFunctor<int>, std::array<char*, 1ul>)",508,2850332915541234,2850332915740596,0,0,8,0,16,256,1,1,16777216,1,1
"KERNEL_DISPATCH","Agent 4",1,0,5743,509,206,"gemm_kernel_v2",509,2850332915750225,2850332917828649,0,0,40,0,32,512,1,1,2097152,1,1
"KERNEL_DISPATCH","Agent 4",1,0,5743,510,117,"void at::native::vectorized_elementwise_kernel<4, at::native::FillFunctor<int>, std::array<char*, 1ul> >(int, at::native::FillFunctor<int>, std::array<char*, 1ul>)",510,2850332917836969,2850332918039531,0,0,8,0,16,256,1,1,16777216,1,1
"KERNEL_DISPATCH","Agent 4",1,0,5743,511,206,"gemm_kernel_v2",511,2850332918048971,2850332920136675,0,0,40,0,32,512,1,1,2097152,1,1
"KERNEL_DISPATCH","Agent 4",1,0,5743,512,117,"void at::native::vectorized_elementwise_kernel<4, at::native::FillFunctor<int>, std::array<char*, 1ul> >(int, at::native::FillFunctor<int>, std::array<char*, 1ul>)",512,2850332920145155,2850332920346918,0,0,8,0,16,256,1,1,16777216,1,1
"KERNEL_DISPATCH","Agent 4",1,0,5743,513,206,"gemm_kernel_v2",513,2850332920356678,2850332922441022,0,0,40,0,32,512,1,1,2097152,1,1
"KERNEL_DISPATCH","Agent 4",1,0,5743,514,207,"gemm_kernel_v2",514,2850333001597261,2850333003366241,0,0,56,16,48,256,1,1,1048576,1,1
"KERNEL_DISPATCH","Agent 4",1,0,5743,515,117,"void at::native::vectorized_elementwise_kernel<4, at::native::FillFunctor<int>, std::array<char*, 1ul> >(int, at::native::FillFunctor<int>, std::array<char*, 1ul>)",515,2850333003451041,2850333003651524,0,0,8,0,16,256,1,1,16777216,1,1
"KERNEL_DISPATCH","Agent 4",1,0,5743,516,207,"gemm_kernel_v2",516,2850333003651524,2850333005418424,0,0,56,16,48,256,1,1,1048576,1,1
"KERNEL_DISPATCH","Agent 4",1,0,5743,517,117,"void at::native::vectorized_elementwise_kernel<4, at::native::FillFunctor<int>, std::array<char*, 1ul> >(int, at::native::FillFunctor<int>, std::array<char*, 1ul>)",517,2850333005418424,2850333005621947,0,0,8,0,16,256,1,1,16777216,1,1
"KERNEL_DISPATCH","Agent 4",1,0,5743,518,207,"gemm_kernel_v2",518,2850333005621947,2850333007387407,0,0,56,16,48,256,1,1,1048576,1,1
"KERNEL_DISPATCH","Agent 4",1,0,5743,519,117,"void at::native::vectorized_elementwise_kernel<4, at::native::FillFunctor<int>, std::array<char*, 1ul> >(int, at::native::FillFunctor<int>, std::array<char*, 1ul>)",519,2850333007387407,2850333007589490,0,0,8,0,16,256,1,1,16777216,1,1
"KERNEL_DISPATCH","Agent 4",1,0,5743,520,207,"gemm_kernel_v2",520,2850333007589490,2850333009360070,0,0,56,16,48,256,1,1,1048576,1,1
"KERNEL_DISPATCH","Agent 4",1,0,5743,521,117,"void at::native::vectorized_elementwise_kernel<4, at::native::FillFunctor<int>, std::array<char*, 1ul> >(int, at::native::FillFunctor<int>, std::array<char*, 1ul>)",521,2850333009360070,2850333009560232,0,0,8,0,16,256,1,1,16777216,1,1
"KERNEL_DISPATCH","Agent 4",1,0,5743,522,207,"gemm_kernel_v2",522,2850333009560232,2850333011328573,0,0,56,16,48,256,1,1,1048576,1,1
"KERNEL_DISPATCH","Agent 4",1,0,5743,523,117,"void at::native::vectorized_elementwise_kernel<4, at::native::FillFunctor<int>, std::array<char*, 1ul> >(int, at::native::FillFunctor<int>, std::array<char*, 1ul>)",523,2850333011328573,2850333011532415,0,0,8,0,16,256,1,1,16777216,1,1
"KERNEL_DISPATCH","Agent 4",1,0,5743,524,207,"gemm_kernel_v2",524,2850333011532415,2850333013301716,0,0,56,16,48,256,1,1,1048576,1,1
"KERNEL_DISPATCH","Agent 4",1,0,5743,525,207,"gemm_kernel_v2",525,2850333013466038,2850333015232138,0,0,56,16,48,256,1,1,1048576,1,1
"KERNEL_DISPATCH","Agent 4",1,0,5743,526,207,"gemm_kernel_v2",526,2850333015232138,2850333016994719,0,0,56,16,48,256,1,1,1048576,1,1
"KERNEL_DISPATCH","Agent 4",1,0,5743,527,207,"gemm_kernel_v2",527,2850333016994719,2850333018763219,0,0,56,16,48,256,1,1,1048576,1,1
"KERNEL_DISPATCH","Agent 4",1,0,5743,528,207,"gemm_kernel_v2",528,2850333018763219,2850333020530440,0,0,56,16,48,256,1,1,1048576,1,1
"KERNEL_DISPATCH","Agent 4",1,0,5743,529,207,"gemm_kernel_v2",529,2850333020530440,2850333022298300,0,0,56,16,48,256,1,1,1048576,1,1
"KERNEL_DISPATCH","Agent 4",1,0,5743,530,207,"gemm_kernel_v2",530,2850333022298300,2850333024065041,0,0,56,16,48,256,1,1,1048576,1,1
"KERNEL_DISPATCH","Agent 4",1,0,5743,531,207,"gemm_kernel_v2",531,2850333024065041,2850333025830341,0,0,56,16,48,256,1,1,1048576,1,1
"KERNEL_DISPATCH","Agent 4",1,0,5743,532,207,"gemm_kernel_v2",532,2850333025830341,2850333027596282,0,0,56,16,48,256,1,1,1048576,1,1
"KERNEL_DISPATCH","Agent 4",1,0,5743,533,207,"gemm_kernel_v2",533,2850333027596282,2850333029367022,0,0,56,16,48,256,1,1,1048576,1,1
"KERNEL_DISPATCH","Agent 4",1,0,5743,534,207,"gemm_kernel_v2",534,2850333029367022,2850333031136163,0,0,56,16,48,256,1,1,1048576,1,1
"KERNEL_DISPATCH","Agent 4",1,0,5743,535,207,"gemm_kernel_v2",535,2850333031136163,2850333032903863,0,0,56,16,48,256,1,1,1048576,1,1
"KERNEL_DISPATCH","Agent 4",1,0,5743,536,207,"gemm_kernel_v2",536,2850333032903863,2850333034671404,0,0,56,16,48,256,1,1,1048576,1,1
"KERNEL_DISPATCH","Agent 4",1,0,5743,537,117,"void at::native::vectorized_elementwise_kernel<4, at::native::FillFunctor<int>, std::array<char*, 1ul> >(int, at::native::FillFunctor<int>, std::array<char*, 1ul>)",537,2850333034671404,2850333034874766,0,0,8,0,16,256,1,1,16777216,1,1
"KERNEL_DISPATCH","Agent 4",1,0,5743,538,207,"gemm_kernel_v2",538,2850333034885646,2850333036652227,0,0,56,16,48,256,1,1,1048576,1,1
"KERNEL_DISPATCH","Agent 4",1,0,5743,539,117,"void at::native::vectorized_elementwise_kernel<4, at::native::FillFunctor<int>, std::array<char*, 1ul> >(int, at::native::FillFunctor<int>, std::array<char*, 1ul>)",539,2850333036660547,2850333036862629,0,0,8,0,16,256,1,1,16777216,1,1
"KERNEL_DISPATCH","Agent 4",1,0,5743,540,207,"gemm_kernel_v2",540,2850333036871909,2850333038646170,0,0,56,16,48,256,1,1,1048576,1,1
"KERNEL_DISPATCH","Agent 4",1,0,5743,541,117,"void at::native::vectorized_elementwise_kernel<4, at::native::FillFunctor<int>, std::array<char*, 1ul> >(int, at::native::FillFunctor<int>, std::array<char*, 1ul>)",541,2850333038654650,2850333038855613,0,0,8,0,16,256,1,1,16777216,1,1
"KERNEL_DISPATCH","Agent 4",1,0,5743,542,207,"gemm_kernel_v2",542,2850333038865213,2850333040633233,0,0,56,16,48,256,1,1,1048576,1,1
"KERNEL_DISPATCH","Agent 4",1,0,5743,543,117,"void at::native::vectorized_elementwise_kernel<4, at::native::FillFunctor<int>, std::array<char*, 1ul> >(int, at::native::FillFunctor<int>, std::array<char*, 1ul>)",543,2850333040641553,2850333040843796,0,0,8,0,16,256,1,1,16777216,1,1
"KERNEL_DISPATCH","Agent 4",1,0,5743,544,207,"gemm_kernel_v2",544,2850333040853396,2850333042622056,0,0,56,16,48,256,1,1,1048576,1,1
"KERNEL_DISPATCH","Agent 4",1,0,5743,545,117,"void at::native::vectorized_elementwise_kernel<4, at::native::FillFunctor<int>, std::array<char*, 1ul> >(int, at::native::FillFunctor<int>, std::array<char*, 1ul>)",545,2850333042630536,2850333042831819,0,0,8,0,16,256,1,1,16777216,1,1
"KERNEL_DISPATCH","Agent 4",1,0,5743,546,207,"gemm_kernel_v2",546,2850333042841259,2850333044607839,0,0,56,16,48,256,1,1,1048576,1,1
"KERNEL_DISPATCH","Agent 4",1,0,5743,547,117,"void at::native::vectorized_elementwise_kernel<4, at::native::FillFunctor<int>, std::array<char*, 1ul> >(int, at::native::FillFunctor<int>, std::array<char*, 1ul>)",547,2850333044616159,2850333044817122,0,0,8,0,16,256,1,1,16777216,1,1
"KERNEL_DISPATCH","Agent 4",1,0,5743,548,207,"gemm_kernel_v2",548,2850333044826882,2850333046596982,0,0,56,16,48,256,1,1,1048576,1,1
"KERNEL_DISPATCH","Agent 4",1,0,5743,549,117,"void at::native::vectorized_elementwise_kernel<4, at::native::FillFunctor<int>, std::array<char*, 1ul> >(int, at::native::FillFunctor<int>, std::array<char*, 1ul>)",549,2850333046605463,2850333046807865,0,0,8,0,16,256,1,1,16777216,1,1
"KERNEL_DISPATCH","Agent 4",1,0,5743,550,207,"gemm_kernel_v2",550,2850333046817305,2850333048590926,0,0,56,16,48,256,1,1,1048576,1,1
"KERNEL_DISPATCH","Agent 4",1,0,5743,551,117,"void at::native::vectorized_elementwise_kernel<4, at::native::FillFunctor<int>, std::array<char*, 1ul> >(int, at::native::FillFunctor<int>, std::array<char*, 1ul>)",551,2850333048599086,2850333048802928,0,0,8,0,16,256,1,1,16777216,1,1
"KERNEL_DISPATCH","Agent 4",1,0,5743,552,207,"gemm_kernel_v2",552,2850333048812208,2850333050582949,0,0,56,16,48,256,1,1,1048576,1,1
"KERNEL_DISPATCH","Agent 4",1,0,5743,553,117,"void at::native::vectorized_elementwise_kernel<4, at::native::FillFunctor<int>, std::array<char*, 1ul> >(int, at::native::FillFunctor<int>, std::array<char*, 1ul>)",553,2850333050591269,2850333050793511,0,0,8,0,16,256,1,1,16777216,1,1
"KERNEL_DISPATCH","Agent 4",1,0,5743,554,207,"gemm_kernel_v2",554,2850333050802951,2850333052570812,0,0,56,16,48,256,1,1,1048576,1,1
"KERNEL_DISPATCH","Agent 4",1,0,5743,555,117,"void at::native::vectorized_elementwise_kernel<4, at::native::FillFunctor<int>, std::array<char*, 1ul> >(int, at::native::FillFunctor<int>, std::array<char*, 1ul>)",555,2850333052579452,2850333052782814,0,0,8,0,16,256,1,1,16777216,1,1
"KERNEL_DISPATCH","Agent 4",1,0,5743,556,207,"gemm_kernel_v2",556,2850333052792734,2850333054564275,0,0,56,16,48,256,1,1,1048576,1,1
"KERNEL_DISPATCH","Agent 4",1,0,5743,557,117,"void at::native::vectorized_elementwise_kernel<4, at::native::FillFunctor<int>, std::array<char*, 1ul> >(int, at::native::FillFunctor<int>, std::array<char*, 1ul>)",557,2850333054572755,2850333054771957,0,0,8,0,16,256,1,1,16777216,1,1
"KERNEL_DISPATCH","Agent 4",1,0,5743,558,207,"gemm_kernel_v2",558,2850333054781077,2850333056549738,0,0,56,16,48,256,1,1,1048576,1,1
"KERNEL_DISPATCH","Agent 4",1,0,5743,559,117,"void at::native::vectorized_elementwise_kernel<4, at::native::FillFunctor<int>, std::array<char*, 1ul> >(int, at::native::FillFunctor<int>, std::array<char*, 1ul>)",559,2850333056558058,2850333056757580,0,0,8,0,16,256,1,1,16777216,1,1
"KERNEL_DISPATCH","Agent 4",1,0,5743,560,207,"gemm_kernel_v2",560,2850333056767340,2850333058532961,0,0,56,16,48,256,1,1,1048576,1,1
"KERNEL_DISPATCH","Agent 4",1,0,5743,561,117,"void at::native::vectorized_elementwise_kernel<4, at::native::FillFunctor<int>, std::array<char*, 1ul> >(int, at::native::FillFunctor<int>, std::array<char*, 1ul>)",561,2850333058541441,2850333058743043,0,0,8,0,16,256,1,1,16777216,1,1
"KERNEL_DISPATCH","Agent 4",1,0,5743,562,207,"gemm_kernel_v2",562,2850333058752484,2850333060520664,0,0,56,16,48,256,1,1,1048576,1,1
"KERNEL_DISPATCH","Agent 4",1,0,5743,563,117,"void at::native::vectorized_elementwise_kernel<4, at::native::FillFunctor<int>, std::array<char*, 1ul> >(int, at::native::FillFunctor<int>, std::array<char*, 1ul>)",563,2850333060528984,2850333060727706,0,0,8,0,16,256,1,1,16777216,1,1
"KERNEL_DISPATCH","Agent 4",1,0,5743,564,207,"gemm_kernel_v2",564,2850333060737307,2850333062506447,0,0,56,16,48,256,1,1,1048576,1,1
"KERNEL_DISPATCH","Agent 4",1,0,5743,565,117,"void at::native::vectorized_elementwise_kernel<4, at::native::FillFunctor<int>, std::array<char*, 1ul> >(int, at::native::FillFunctor<int>, std::array<char*, 1ul>)",565,2850333062515087,2850333062717490,0,0,8,0,16,256,1,1,16777216,1,1
"KERNEL_DISPATCH","Agent 4",1,0,5743,566,207,"gemm_kernel_v2",566,2850333062726930,2850333064493030,0,0,56,16,48,256,1,1,1048576,1,1
"KERNEL_DISPATCH","Agent 4",1,0,5743,567,117,"void at::native::vectorized_elementwise_kernel<4, at::native::FillFunctor<int>, std::array<char*, 1ul> >(int, at::native::FillFunctor<int>, std::array<char*, 1ul>)",567,2850333064501350,2850333064702153,0,0,8,0,16,256,1,1,16777216,1,1
"KERNEL_DISPATCH","Agent 4",1,0,5743,568,207,"gemm_kernel_v2",568,2850333064711509,2850333066480009,0,0,56,16,48,256,1,1,1048576,1,1
"KERNEL_DISPATCH","Agent 4",1,0,5743,569,117,"void at::native::vectorized_elementwise_kernel<4, at::native::FillFunctor<int>, std::array<char*, 1ul> >(int, at::native::FillFunctor<int>, std::array<char*, 1ul>)",569,2850333066488329,2850333066688651,0,0,8,0,16,256,1,1,16777216,1,1
"KERNEL_DISPATCH","Agent 4",1,0,5743,570,207,"gemm_kernel_v2",570,2850333066698411,2850333068466751,0,0,56,16,48,256,1,1,1048576,1,1
"KERNEL_DISPATCH","Agent 4",1,0,5743,571,117,"void at::native::vectorized_elementwise_kernel<4, at::native::FillFunctor<int>, std::array<char*, 1ul> >(int, at::native::FillFunctor<int>, std::array<char*, 1ul>)",571,2850333068475392,2850333068679394,0,0,8,0,16,256,1,1,16777216,1,1
"KERNEL_DISPATCH","Agent 4",1,0,5743,572,207,"gemm_kernel_v2",572,2850333068688994,2850333070464055,0,0,56,16,48,256,1,1,1048576,1,1
"KERNEL_DISPATCH","Agent 4",1,0,5743,573,117,"void at::native::vectorized_elementwise_kernel<4, at::native::FillFunctor<int>, std::array<char*, 1ul> >(int, at::native::FillFunctor<int>, std::array<char*, 1ul>)",573,2850333070472695,2850333070679577,0,0,8,0,16,256,1,1,16777216,1,1
"KERNEL_DISPATCH","Agent 4",1,0,5743,574,207,"gemm_kernel_v2",574,2850333070688857,2850333072456718,0,0,56,16,48,256,1,1,1048576,1,1
"KERNEL_DISPATCH","Agent 4",1,0,5743,575,117,"void at::native::vectorized_elementwise_kernel<4, at::native::FillFunctor<int>, std::array<char*, 1ul> >(int, at::native::FillFunctor<int>, std::array<char*, 1ul>)",575,2850333072465038,2850333072664240,0,0,8,0,16,256,1,1,16777216,1,1
"KERNEL_DISPATCH","Agent 4",1,0,5743,576,207,"gemm_kernel_v2",576,2850333072673680,2850333074441061,0,0,56,16,48,256,1,1,1048576,1,1
"KERNEL_DISPATCH","Agent 4",1,0,5743,577,117,"void at::native::vectorized_elementwise_kernel<4, at::native::FillFunctor<int>, std::array<char*, 1ul> >(int, at::native::FillFunctor<int>, std::array<char*, 1ul>)",577,2850333074449381,2850333074649703,0,0,8,0,16,256,1,1,16777216,1,1
"KERNEL_DISPATCH","Agent 4",1,0,5743,578,207,"gemm_kernel_v2",578,2850333074659304,2850333076429564,0,0,56,16,48,256,1,1,1048576,1,1
"KERNEL_DISPATCH","Agent 4",1,0,5743,579,117,"void at::native::vectorized_elementwise_kernel<4, at::native::FillFunctor<int>, std::array<char*, 1ul> >(int, at::native::FillFunctor<int>, std::array<char*, 1ul>)",579,2850333076437884,2850333076638367,0,0,8,0,16,256,1,1,16777216,1,1
"KERNEL_DISPATCH","Agent 4",1,0,5743,580,207,"gemm_kernel_v2",580,2850333076647647,2850333078419827,0,0,56,16,48,256,1,1,1048576,1,1
"KERNEL_DISPATCH","Agent 4",1,0,5743,581,117,"void at::native::vectorized_elementwise_kernel<4, at::native::FillFunctor<int>, std::array<char*, 1ul> >(int, at::native::FillFunctor<int>, std::array<char*, 1ul>)",581,2850333078428307,2850333078631830,0,0,8,0,16,256,1,1,16777216,1,1
"KERNEL_DISPATCH","Agent 4",1,0,5743,582,207,"gemm_kernel_v2",582,2850333078641110,2850333080407370,0,0,56,16,48,256,1,1,1048576,1,1
"KERNEL_DISPATCH","Agent 4",1,0,5743,583,117,"void at::native::vectorized_elementwise_kernel<4, at::native::FillFunctor<int>, std::array<char*, 1ul> >(int, at::native::FillFunctor<int>, std::array<char*, 1ul>)",583,2850333080416010,2850333080615853,0,0,8,0,16,256,1,1,16777216,1,1
"KERNEL_DISPATCH","Agent 4",1,0,5743,584,207,"gemm_kernel_v2",584,2850333080625453,2850333082393313,0,0,56,16,48,256,1,1,1048576,1,1
"KERNEL_DISPATCH","Agent 4",1,0,5743,585,117,"void at::native::vectorized_elementwise_kernel<4, at::native::FillFunctor<int>, std::array<char*, 1ul> >(int, at::native::FillFunctor<int>, std::array<char*, 1ul>)",585,2850333082401954,2850333082603076,0,0,8,0,16,256,1,1,16777216,1,1
"KERNEL_DISPATCH","Agent 4",1,0,5743,586,207,"gemm_kernel_v2",586,2850333082612516,2850333084379577,0,0,56,16,48,256,1,1,1048576,1,1
"KERNEL_DISPATCH","Agent 4",1,0,5743,587,117,"void at::native::vectorized_elementwise_kernel<4, at::native::FillFunctor<int>, std::array<char*, 1ul> >(int, at::native::FillFunctor<int>, std::array<char*, 1ul>)",587,2850333084388057,2850333084593179,0,0,8,0,16,256,1,1,16777216,1,1
"KERNEL_DISPATCH","Agent 4",1,0,5743,588,207,"gemm_kernel_v2",588,2850333084602939,2850333086370640,0,0,56,16,48,256,1,1,1048576,1,1
"KERNEL_DISPATCH","Agent 4",1,0,5743,589,117,"void at::native::vectorized_elementwise_kernel<4, at::native::FillFunctor<int>, std::array<char*, 1ul> >(int, at::native::FillFunctor<int>, std::array<char*, 1ul>)",589,2850333086378960,2850333086577522,0,0,8,0,16,256,1,1,16777216,1,1
"KERNEL_DISPATCH","Agent 4",1,0,5743,590,207,"gemm_kernel_v2",590,2850333086586962,2850333088353543,0,0,56,16,48,256,1,1,1048576,1,1
"KERNEL_DISPATCH","Agent 4",1,0,5743,591,117,"void at::native::vectorized_elementwise_kernel<4, at::native::FillFunctor<int>, std::array<char*, 1ul> >(int, at::native::FillFunctor<int>, std::array<char*, 1ul>)",591,2850333088362023,2850333088561865,0,0,8,0,16,256,1,1,16777216,1,1
"KERNEL_DISPATCH","Agent 4",1,0,5743,592,207,"gemm_kernel_v2",592,2850333088571465,2850333090341246,0,0,56,16,48,256,1,1,1048576,1,1
"KERNEL_DISPATCH","Agent 4",1,0,5743,593,117,"void at::native::vectorized_elementwise_kernel<4, at::native::FillFunctor<int>, std::array<char*, 1ul> >(int, at::native::FillFunctor<int>, std::array<char*, 1ul>)",593,2850333090349566,2850333090549728,0,0,8,0,16,256,1,1,16777216,1,1
"KERNEL_DISPATCH","Agent 4",1,0,5743,594,207,"gemm_kernel_v2",594,2850333090559488,2850333092331669,0,0,56,16,48,256,1,1,1048576,1,1
"KERNEL_DISPATCH","Agent 4",1,0,5743,595,117,"void at::native::vectorized_elementwise_kernel<4, at::native::FillFunctor<int>, std::array<char*, 1ul> >(int, at::native::FillFunctor<int>, std::array<char*, 1ul>)",595,2850333092340149,2850333092540631,0,0,8,0,16,256,1,1,16777216,1,1
"KERNEL_DISPATCH","Agent 4",1,0,5743,596,207,"gemm_kernel_v2",596,2850333092550232,2850333094317132,0,0,56,16,48,256,1,1,1048576,1,1
"KERNEL_DISPATCH","Agent 4",1,0,5743,597,117,"void at::native::vectorized_elementwise_kernel<4, at::native::FillFunctor<int>, std::array<char*, 1ul> >(int, at::native::FillFunctor<int>, std::array<char*, 1ul>)",597,2850333094325612,2850333094529615,0,0,8,0,16,256,1,1,16777216,1,1
"KERNEL_DISPATCH","Agent 4",1,0,5743,598,207,"gemm_kernel_v2",598,2850333094539055,2850333096307235,0,0,56,16,48,256,1,1,1048576,1,1
"KERNEL_DISPATCH","Agent 4",1,0,5743,599,117,"void at::native::vectorized_elementwise_kernel<4, at::native::FillFunctor<int>, std::array<char*, 1ul> >(int, at::native::FillFunctor<int>, std::array<char*, 1ul>)",599,2850333096315555,2850333096519078,0,0,8,0,16,256,1,1,16777216,1,1
"KERNEL_DISPATCH","Agent 4",1,0,5743,600,207,"gemm_kernel_v2",600,2850333096528518,2850333098299098,0,0,56,16,48,256,1,1,1048576,1,1
"KERNEL_DISPATCH","Agent 4",1,0,5743,601,117,"void at::native::vectorized_elementwise_kernel<4, at::native::FillFunctor<int>, std::array<char*, 1ul> >(int, at::native::FillFunctor<int>, std::array<char*, 1ul>)",601,2850333098307259,2850333098505981,0,0,8,0,16,256,1,1,16777216,1,1
"KERNEL_DISPATCH","Agent 4",1,0,5743,602,207,"gemm_kernel_v2",602,2850333098515421,2850333100284081,0,0,56,16,48,256,1,1,1048576,1,1
"KERNEL_DISPATCH","Agent 4",1,0,5743,603,117,"void at::native::vectorized_elementwise_kernel<4, at::native::FillFunctor<int>, std::array<char*, 1ul> >(int, at::native::FillFunctor<int>, std::array<char*, 1ul>)",603,2850333100292402,2850333100494804,0,0,8,0,16,256,1,1,16777216,1,1
"KERNEL_DISPATCH","Agent 4",1,0,5743,604,207,"gemm_kernel_v2",604,2850333100504564,2850333102273065,0,0,56,16,48,256,1,1,1048576,1,1
"KERNEL_DISPATCH","Agent 4",1,0,5743,605,117,"void at::native::vectorized_elementwise_kernel<4, at::native::FillFunctor<int>, std::array<char*, 1ul> >(int, at::native::FillFunctor<int>, std::array<char*, 1ul>)",605,2850333102281225,2850333102483787,0,0,8,0,16,256,1,1,16777216,1,1
"KERNEL_DISPATCH","Agent 4",1,0,5743,606,207,"gemm_kernel_v2",606,2850333102493067,2850333104261568,0,0,56,16,48,256,1,1,1048576,1,1
"KERNEL_DISPATCH","Agent 4",1,0,5743,607,117,"void at::native::vectorized_elementwise_kernel<4, at::native::FillFunctor<int>, std::array<char*, 1ul> >(int, at::native::FillFunctor<int>, std::array<char*, 1ul>)",607,2850333104269888,2850333104468290,0,0,8,0,16,256,1,1,16777216,1,1
"KERNEL_DISPATCH","Agent 4",1,0,5743,608,207,"gemm_kernel_v2",608,2850333104478370,2850333106246231,0,0,56,16,48,256,1,1,1048576,1,1
"KERNEL_DISPATCH","Agent 4",1,0,5743,609,117,"void at::native::vectorized_elementwise_kernel<4, at::native::FillFunctor<int>, std::array<char*, 1ul> >(int, at::native::FillFunctor<int>, std::array<char*, 1ul>)",609,2850333106254711,2850333106452153,0,0,8,0,16,256,1,1,16777216,1,1
"KERNEL_DISPATCH","Agent 4",1,0,5743,610,207,"gemm_kernel_v2",610,2850333106461913,2850333108229614,0,0,56,16,48,256,1,1,1048576,1,1
"KERNEL_DISPATCH","Agent 4",1,0,5743,611,117,"void at::native::vectorized_elementwise_kernel<4, at::native::FillFunctor<int>, std::array<char*, 1ul> >(int, at::native::FillFunctor<int>, std::array<char*, 1ul>)",611,2850333108238094,2850333108435216,0,0,8,0,16,256,1,1,16777216,1,1
"KERNEL_DISPATCH","Agent 4",1,0,5743,612,207,"gemm_kernel_v2",612,2850333108444976,2850333110215397,0,0,56,16,48,256,1,1,1048576,1,1
"KERNEL_DISPATCH","Agent 4",1,0,5743,613,117,"void at::native::vectorized_elementwise_kernel<4, at::native::FillFunctor<int>, std::array<char*, 1ul> >(int, at::native::FillFunctor<int>, std::array<char*, 1ul>)",613,2850333110223877,2850333110428519,0,0,8,0,16,256,1,1,16777216,1,1
"KERNEL_DISPATCH","Agent 4",1,0,5743,614,207,"gemm_kernel_v2",614,2850333110438120,2850333112209820,0,0,56,16,48,256,1,1,1048576,1,1
"KERNEL_DISPATCH","Agent 4",1,0,5743,615,117,"void at::native::vectorized_elementwise_kernel<4, at::native::FillFunctor<int>, std::array<char*, 1ul> >(int, at::native::FillFunctor<int>, std::array<char*, 1ul>)",615,2850333112218620,2850333112418623,0,0,8,0,16,256,1,1,16777216,1,1
"KERNEL_DISPATCH","Agent 4",1,0,5743,616,207,"gemm_kernel_v2",616,2850333112428063,2850333114201043,0,0,56,16,48,256,1,1,1048576,1,1
"KERNEL_DISPATCH","Agent 4",1,0,5743,617,117,"void at::native::vectorized_elementwise_kernel<4, at::native::FillFunctor<int>, std::array<char*, 1ul> >(int, at::native::FillFunctor<int>, std::array<char*, 1ul>)",617,2850333114209683,2850333114414966,0,0,8,0,16,256,1,1,16777216,1,1
"KERNEL_DISPATCH","Agent 4",1,0,5743,618,207,"gemm_kernel_v2",618,2850333114424246,2850333116195467,0,0,56,16,48,256,1,1,1048576,1,1
"KERNEL_DISPATCH","Agent 4",1,0,5743,619,117,"void at::native::vectorized_elementwise_kernel<4, at::native::FillFunctor<int>, std::array<char*, 1ul> >(int, at::native::FillFunctor<int>, std::array<char*, 1ul>)",619,2850333116203947,2850333116404749,0,0,8,0,16,256,1,1,16777216,1,1
"KERNEL_DISPATCH","Agent 4",1,0,5743,620,207,"gemm_kernel_v2",620,2850333116413869,2850333118180130,0,0,56,16,48,256,1,1,1048576,1,1
"KERNEL_DISPATCH","Agent 4",1,0,5743,621,117,"void at::native::vectorized_elementwise_kernel<4, at::native::FillFunctor<int>, std::array<char*, 1ul> >(int, at::native::FillFunctor<int>, std::array<char*, 1ul>)",621,2850333118188130,2850333118387812,0,0,8,0,16,256,1,1,16777216,1,1
"KERNEL_DISPATCH","Agent 4",1,0,5743,622,207,"gemm_kernel_v2",622,2850333118397252,2850333120171833,0,0,56,16,48,256,1,1,1048576,1,1
"KERNEL_DISPATCH","Agent 4",1,0,5743,623,117,"void at::native::vectorized_elementwise_kernel<4, at::native::FillFunctor<int>, std::array<char*, 1ul> >(int, at::native::FillFunctor<int>, std::array<char*, 1ul>)",623,2850333120180313,2850333120379355,0,0,8,0,16,256,1,1,16777216,1,1
"KERNEL_DISPATCH","Agent 4",1,0,5743,624,207,"gemm_kernel_v2",624,2850333120388955,2850333122157136,0,0,56,16,48,256,1,1,1048576,1,1
"KERNEL_DISPATCH","Agent 4",1,0,5743,625,117,"void at::native::vectorized_elementwise_kernel<4, at::native::FillFunctor<int>, std::array<char*, 1ul> >(int, at::native::FillFunctor<int>, std::array<char*, 1ul>)",625,2850333122165296,2850333122366578,0,0,8,0,16,256,1,1,16777216,1,1
"KERNEL_DISPATCH","Agent 4",1,0,5743,626,207,"gemm_kernel_v2",626,2850333122376338,2850333124148039,0,0,56,16,48,256,1,1,1048576,1,1
"KERNEL_DISPATCH","Agent 4",1,0,5743,627,117,"void at::native::vectorized_elementwise_kernel<4, at::native::FillFunctor<int>, std::array<char*, 1ul> >(int, at::native::FillFunctor<int>, std::array<char*, 1ul>)",627,2850333124156199,2850333124358281,0,0,8,0,16,256,1,1,16777216,1,1
"KERNEL_DISPATCH","Agent 4",1,0,5743,628,207,"gemm_kernel_v2",628,2850333124368202,2850333126134622,0,0,56,16,48,256,1,1,1048576,1,1
"KERNEL_DISPATCH","Agent 4",1,0,5743,629,117,"void at::native::vectorized_elementwise_kernel<4, at::native::FillFunctor<int>, std::array<char*, 1ul> >(int, at::native::FillFunctor<int>, std::array<char*, 1ul>)",629,2850333126142942,2850333126344865,0,0,8,0,16,256,1,1,16777216,1,1
"KERNEL_DISPATCH","Agent 4",1,0,5743,630,207,"gemm_kernel_v2",630,2850333126354625,2850333128126165,0,0,56,16,48,256,1,1,1048576,1,1
"KERNEL_DISPATCH","Agent 4",1,0,5743,631,117,"void at::native::vectorized_elementwise_kernel<4, at::native::FillFunctor<int>, std::array<char*, 1ul> >(int, at::native::FillFunctor<int>, std::array<char*, 1ul>)",631,2850333128134485,2850333128334168,0,0,8,0,16,256,1,1,16777216,1,1
"KERNEL_DISPATCH","Agent 4",1,0,5743,632,207,"gemm_kernel_v2",632,2850333128343688,2850333130112508,0,0,56,16,48,256,1,1,1048576,1,1
"KERNEL_DISPATCH","Agent 4",1,0,5743,633,117,"void at::native::vectorized_elementwise_kernel<4, at::native::FillFunctor<int>, std::array<char*, 1ul> >(int, at::native::FillFunctor<int>, std::array<char*, 1ul>)",633,2850333130120988,2850333130323390,0,0,8,0,16,256,1,1,16777216,1,1
"KERNEL_DISPATCH","Agent 4",1,0,5743,634,207,"gemm_kernel_v2",634,2850333130332830,2850333132100371,0,0,56,16,48,256,1,1,1048576,1,1
"KERNEL_DISPATCH","Agent 4",1,0,5743,635,117,"void at::native::vectorized_elementwise_kernel<4, at::native::FillFunctor<int>, std::array<char*, 1ul> >(int, at::native::FillFunctor<int>, std::array<char*, 1ul>)",635,2850333132109011,2850333132312853,0,0,8,0,16,256,1,1,16777216,1,1
"KERNEL_DISPATCH","Agent 4",1,0,5743,636,207,"gemm_kernel_v2",636,2850333132322613,2850333134094634,0,0,56,16,48,256,1,1,1048576,1,1
"KERNEL_DISPATCH","Agent 4",1,0,5743,637,208,"gemm_kernel_v2",637,2850333228019662,2850333229933124,0,0,52,4,32,512,1,1,2097152,1,1
"KERNEL_DISPATCH","Agent 4",1,0,5743,638,117,"void at::native::vectorized_elementwise_kernel<4, at::native::FillFunctor<int>, std::array<char*, 1ul> >(int, at::native::FillFunctor<int>, std::array<char*, 1ul>)",638,2850333230018084,2850333230217607,0,0,8,0,16,256,1,1,16777216,1,1
"KERNEL_DISPATCH","Agent 4",1,0,5743,639,208,"gemm_kernel_v2",639,2850333230217607,2850333232135069,0,0,52,4,32,512,1,1,2097152,1,1
"KERNEL_DISPATCH","Agent 4",1,0,5743,640,117,"void at::native::vectorized_elementwise_kernel<4, at::native::FillFunctor<int>, std::array<char*, 1ul> >(int, at::native::FillFunctor<int>, std::array<char*, 1ul>)",640,2850333232135069,2850333232342751,0,0,8,0,16,256,1,1,16777216,1,1
"KERNEL_DISPATCH","Agent 4",1,0,5743,641,208,"gemm_kernel_v2",641,2850333232342751,2850333234253014,0,0,52,4,32,512,1,1,2097152,1,1
"KERNEL_DISPATCH","Agent 4",1,0,5743,642,117,"void at::native::vectorized_elementwise_kernel<4, at::native::FillFunctor<int>, std::array<char*, 1ul> >(int, at::native::FillFunctor<int>, std::array<char*, 1ul>)",642,2850333234253014,2850333234458296,0,0,8,0,16,256,1,1,16777216,1,1
"KERNEL_DISPATCH","Agent 4",1,0,5743,643,208,"gemm_kernel_v2",643,2850333234458296,2850333236369038,0,0,52,4,32,512,1,1,2097152,1,1
"KERNEL_DISPATCH","Agent 4",1,0,5743,644,117,"void at::native::vectorized_elementwise_kernel<4, at::native::FillFunctor<int>, std::array<char*, 1ul> >(int, at::native::FillFunctor<int>, std::array<char*, 1ul>)",644,2850333236369038,2850333236567920,0,0,8,0,16,256,1,1,16777216,1,1
"KERNEL_DISPATCH","Agent 4",1,0,5743,645,208,"gemm_kernel_v2",645,2850333236567920,2850333238479943,0,0,52,4,32,512,1,1,2097152,1,1
"KERNEL_DISPATCH","Agent 4",1,0,5743,646,117,"void at::native::vectorized_elementwise_kernel<4, at::native::FillFunctor<int>, std::array<char*, 1ul> >(int, at::native::FillFunctor<int>, std::array<char*, 1ul>)",646,2850333238479943,2850333238683465,0,0,8,0,16,256,1,1,16777216,1,1
"KERNEL_DISPATCH","Agent 4",1,0,5743,647,208,"gemm_kernel_v2",647,2850333238683465,2850333240601727,0,0,52,4,32,512,1,1,2097152,1,1
"KERNEL_DISPATCH","Agent 4",1,0,5743,648,208,"gemm_kernel_v2",648,2850333240753249,2850333242666071,0,0,52,4,32,512,1,1,2097152,1,1
"KERNEL_DISPATCH","Agent 4",1,0,5743,649,208,"gemm_kernel_v2",649,2850333242666071,2850333244576493,0,0,52,4,32,512,1,1,2097152,1,1
"KERNEL_DISPATCH","Agent 4",1,0,5743,650,208,"gemm_kernel_v2",650,2850333244576493,2850333246488355,0,0,52,4,32,512,1,1,2097152,1,1
"KERNEL_DISPATCH","Agent 4",1,0,5743,651,208,"gemm_kernel_v2",651,2850333246488355,2850333248399098,0,0,52,4,32,512,1,1,2097152,1,1
"KERNEL_DISPATCH","Agent 4",1,0,5743,652,208,"gemm_kernel_v2",652,2850333248399098,2850333250312400,0,0,52,4,32,512,1,1,2097152,1,1
"KERNEL_DISPATCH","Agent 4",1,0,5743,653,208,"gemm_kernel_v2",653,2850333250312400,2850333252225862,0,0,52,4,32,512,1,1,2097152,1,1
"KERNEL_DISPATCH","Agent 4",1,0,5743,654,208,"gemm_kernel_v2",654,2850333252225862,2850333254142204,0,0,52,4,32,512,1,1,2097152,1,1
"KERNEL_DISPATCH","Agent 4",1,0,5743,655,208,"gemm_kernel_v2",655,2850333254142204,2850333256056626,0,0,52,4,32,512,1,1,2097152,1,1
"KERNEL_DISPATCH","Agent 4",1,0,5743,656,208,"gemm_kernel_v2",656,2850333256056626,2850333257974249,0,0,52,4,32,512,1,1,2097152,1,1
"KERNEL_DISPATCH","Agent 4",1,0,5743,657,208,"gemm_kernel_v2",657,2850333257974249,2850333259888351,0,0,52,4,32,512,1,1,2097152,1,1
"KERNEL_DISPATCH","Agent 4",1,0,5743,658,208,"gemm_kernel_v2",658,2850333259888351,2850333261805813,0,0,52,4,32,512,1,1,2097152,1,1
"KERNEL_DISPATCH","Agent 4",1,0,5743,659,117,"void at::native::vectorized_elementwise_kernel<4, at::native::FillFunctor<int>, std::array<char*, 1ul> >(int, at::native::FillFunctor<int>, std::array<char*, 1ul>)",659,2850333261805813,2850333262007575,0,0,8,0,16,256,1,1,16777216,1,1
"KERNEL_DISPATCH","Agent 4",1,0,5743,660,208,"gemm_kernel_v2",660,2850333262018935,2850333263932878,0,0,52,4,32,512,1,1,2097152,1,1
"KERNEL_DISPATCH","Agent 4",1,0,5743,661,117,"void at::native::vectorized_elementwise_kernel<4, at::native::FillFunctor<int>, std::array<char*, 1ul> >(int, at::native::FillFunctor<int>, std::array<char*, 1ul>)",661,2850333263940878,2850333264143600,0,0,8,0,16,256,1,1,16777216,1,1
"KERNEL_DISPATCH","Agent 4",1,0,5743,662,208,"gemm_kernel_v2",662,2850333264153520,2850333266066342,0,0,52,4,32,512,1,1,2097152,1,1
"KERNEL_DISPATCH","Agent 4",1,0,5743,663,117,"void at::native::vectorized_elementwise_kernel<4, at::native::FillFunctor<int>, std::array<char*, 1ul> >(int, at::native::FillFunctor<int>, std::array<char*, 1ul>)",663,2850333266074823,2850333266274505,0,0,8,0,16,256,1,1,16777216,1,1
"KERNEL_DISPATCH","Agent 4",1,0,5743,664,208,"gemm_kernel_v2",664,2850333266284105,2850333268198527,0,0,52,4,32,512,1,1,2097152,1,1
"KERNEL_DISPATCH","Agent 4",1,0,5743,665,117,"void at::native::vectorized_elementwise_kernel<4, at::native::FillFunctor<int>, std::array<char*, 1ul> >(int, at::native::FillFunctor<int>, std::array<char*, 1ul>)",665,2850333268206847,2850333268405570,0,0,8,0,16,256,1,1,16777216,1,1
"KERNEL_DISPATCH","Agent 4",1,0,5743,666,208,"gemm_kernel_v2",666,2850333268415170,2850333270329272,0,0,52,4,32,512,1,1,2097152,1,1
"KERNEL_DISPATCH","Agent 4",1,0,5743,667,117,"void at::native::vectorized_elementwise_kernel<4, at::native::FillFunctor<int>, std::array<char*, 1ul> >(int, at::native::FillFunctor<int>, std::array<char*, 1ul>)",667,2850333270337592,2850333270542874,0,0,8,0,16,256,1,1,16777216,1,1
"KERNEL_DISPATCH","Agent 4",1,0,5743,668,208,"gemm_kernel_v2",668,2850333270552474,2850333272469617,0,0,52,4,32,512,1,1,2097152,1,1
"KERNEL_DISPATCH","Agent 4",1,0,5743,669,117,"void at::native::vectorized_elementwise_kernel<4, at::native::FillFunctor<int>, std::array<char*, 1ul> >(int, at::native::FillFunctor<int>, std::array<char*, 1ul>)",669,2850333272477777,2850333272678099,0,0,8,0,16,256,1,1,16777216,1,1
"KERNEL_DISPATCH","Agent 4",1,0,5743,670,208,"gemm_kernel_v2",670,2850333272687539,2850333274601801,0,0,52,4,32,512,1,1,2097152,1,1
"KERNEL_DISPATCH","Agent 4",1,0,5743,671,117,"void at::native::vectorized_elementwise_kernel<4, at::native::FillFunctor<int>, std::array<char*, 1ul> >(int, at::native::FillFunctor<int>, std::array<char*, 1ul>)",671,2850333274610281,2850333274810604,0,0,8,0,16,256,1,1,16777216,1,1
"KERNEL_DISPATCH","Agent 4",1,0,5743,672,208,"gemm_kernel_v2",672,2850333274820044,2850333276736226,0,0,52,4,32,512,1,1,2097152,1,1
"KERNEL_DISPATCH","Agent 4",1,0,5743,673,117,"void at::native::vectorized_elementwise_kernel<4, at::native::FillFunctor<int>, std::array<char*, 1ul> >(int, at::native::FillFunctor<int>, std::array<char*, 1ul>)",673,2850333276744546,2850333276945349,0,0,8,0,16,256,1,1,16777216,1,1
"KERNEL_DISPATCH","Agent 4",1,0,5743,674,208,"gemm_kernel_v2",674,2850333276954789,2850333278873211,0,0,52,4,32,512,1,1,2097152,1,1
"KERNEL_DISPATCH","Agent 4",1,0,5743,675,117,"void at::native::vectorized_elementwise_kernel<4, at::native::FillFunctor<int>, std::array<char*, 1ul> >(int, at::native::FillFunctor<int>, std::array<char*, 1ul>)",675,2850333278881691,2850333279080253,0,0,8,0,16,256,1,1,16777216,1,1
"KERNEL_DISPATCH","Agent 4",1,0,5743,676,208,"gemm_kernel_v2",676,2850333279089693,2850333281007796,0,0,52,4,32,512,1,1,2097152,1,1
"KERNEL_DISPATCH","Agent 4",1,0,5743,677,117,"void at::native::vectorized_elementwise_kernel<4, at::native::FillFunctor<int>, std::array<char*, 1ul> >(int, at::native::FillFunctor<int>, std::array<char*, 1ul>)",677,2850333281015796,2850333281215958,0,0,8,0,16,256,1,1,16777216,1,1
"KERNEL_DISPATCH","Agent 4",1,0,5743,678,208,"gemm_kernel_v2",678,2850333281225238,2850333283143820,0,0,52,4,32,512,1,1,2097152,1,1
"KERNEL_DISPATCH","Agent 4",1,0,5743,679,117,"void at::native::vectorized_elementwise_kernel<4, at::native::FillFunctor<int>, std::array<char*, 1ul> >(int, at::native::FillFunctor<int>, std::array<char*, 1ul>)",679,2850333283152141,2850333283353743,0,0,8,0,16,256,1,1,16777216,1,1
"KERNEL_DISPATCH","Agent 4",1,0,5743,680,208,"gemm_kernel_v2",680,2850333283363183,2850333285283205,0,0,52,4,32,512,1,1,2097152,1,1
"KERNEL_DISPATCH","Agent 4",1,0,5743,681,117,"void at::native::vectorized_elementwise_kernel<4, at::native::FillFunctor<int>, std::array<char*, 1ul> >(int, at::native::FillFunctor<int>, std::array<char*, 1ul>)",681,2850333285291685,2850333285489608,0,0,8,0,16,256,1,1,16777216,1,1
"KERNEL_DISPATCH","Agent 4",1,0,5743,682,208,"gemm_kernel_v2",682,2850333285498888,2850333287414110,0,0,52,4,32,512,1,1,2097152,1,1
"KERNEL_DISPATCH","Agent 4",1,0,5743,683,117,"void at::native::vectorized_elementwise_kernel<4, at::native::FillFunctor<int>, std::array<char*, 1ul> >(int, at::native::FillFunctor<int>, std::array<char*, 1ul>)",683,2850333287422270,2850333287622752,0,0,8,0,16,256,1,1,16777216,1,1
"KERNEL_DISPATCH","Agent 4",1,0,5743,684,208,"gemm_kernel_v2",684,2850333287632192,2850333289551575,0,0,52,4,32,512,1,1,2097152,1,1
"KERNEL_DISPATCH","Agent 4",1,0,5743,685,117,"void at::native::vectorized_elementwise_kernel<4, at::native::FillFunctor<int>, std::array<char*, 1ul> >(int, at::native::FillFunctor<int>, std::array<char*, 1ul>)",685,2850333289560055,2850333289758777,0,0,8,0,16,256,1,1,16777216,1,1
"KERNEL_DISPATCH","Agent 4",1,0,5743,686,208,"gemm_kernel_v2",686,2850333289767897,2850333291685199,0,0,52,4,32,512,1,1,2097152,1,1
"KERNEL_DISPATCH","Agent 4",1,0,5743,687,117,"void at::native::vectorized_elementwise_kernel<4, at::native::FillFunctor<int>, std::array<char*, 1ul> >(int, at::native::FillFunctor<int>, std::array<char*, 1ul>)",687,2850333291693200,2850333291894322,0,0,8,0,16,256,1,1,16777216,1,1
"KERNEL_DISPATCH","Agent 4",1,0,5743,688,208,"gemm_kernel_v2",688,2850333291904014,2850333293819076,0,0,52,4,32,512,1,1,2097152,1,1
"KERNEL_DISPATCH","Agent 4",1,0,5743,689,117,"void at::native::vectorized_elementwise_kernel<4, at::native::FillFunctor<int>, std::array<char*, 1ul> >(int, at::native::FillFunctor<int>, std::array<char*, 1ul>)",689,2850333293827396,2850333294028518,0,0,8,0,16,256,1,1,16777216,1,1
"KERNEL_DISPATCH","Agent 4",1,0,5743,690,208,"gemm_kernel_v2",690,2850333294038118,2850333295954300,0,0,52,4,32,512,1,1,2097152,1,1
"KERNEL_DISPATCH","Agent 4",1,0,5743,691,117,"void at::native::vectorized_elementwise_kernel<4, at::native::FillFunctor<int>, std::array<char*, 1ul> >(int, at::native::FillFunctor<int>, std::array<char*, 1ul>)",691,2850333295962620,2850333296161983,0,0,8,0,16,256,1,1,16777216,1,1
"KERNEL_DISPATCH","Agent 4",1,0,5743,692,208,"gemm_kernel_v2",692,2850333296171583,2850333298092725,0,0,52,4,32,512,1,1,2097152,1,1
"KERNEL_DISPATCH","Agent 4",1,0,5743,693,117,"void at::native::vectorized_elementwise_kernel<4, at::native::FillFunctor<int>, std::array<char*, 1ul> >(int, at::native::FillFunctor<int>, std::array<char*, 1ul>)",693,2850333298101845,2850333298304727,0,0,8,0,16,256,1,1,16777216,1,1
"KERNEL_DISPATCH","Agent 4",1,0,5743,694,208,"gemm_kernel_v2",694,2850333298314168,2850333300231790,0,0,52,4,32,512,1,1,2097152,1,1
"KERNEL_DISPATCH","Agent 4",1,0,5743,695,117,"void at::native::vectorized_elementwise_kernel<4, at::native::FillFunctor<int>, std::array<char*, 1ul> >(int, at::native::FillFunctor<int>, std::array<char*, 1ul>)",695,2850333300240110,2850333300438832,0,0,8,0,16,256,1,1,16777216,1,1
"KERNEL_DISPATCH","Agent 4",1,0,5743,696,208,"gemm_kernel_v2",696,2850333300448592,2850333302365735,0,0,52,4,32,512,1,1,2097152,1,1
"KERNEL_DISPATCH","Agent 4",1,0,5743,697,117,"void at::native::vectorized_elementwise_kernel<4, at::native::FillFunctor<int>, std::array<char*, 1ul> >(int, at::native::FillFunctor<int>, std::array<char*, 1ul>)",697,2850333302374215,2850333302577097,0,0,8,0,16,256,1,1,16777216,1,1
"KERNEL_DISPATCH","Agent 4",1,0,5743,698,208,"gemm_kernel_v2",698,2850333302586377,2850333304503039,0,0,52,4,32,512,1,1,2097152,1,1
"KERNEL_DISPATCH","Agent 4",1,0,5743,699,117,"void at::native::vectorized_elementwise_kernel<4, at::native::FillFunctor<int>, std::array<char*, 1ul> >(int, at::native::FillFunctor<int>, std::array<char*, 1ul>)",699,2850333304511360,2850333304709122,0,0,8,0,16,256,1,1,16777216,1,1
"KERNEL_DISPATCH","Agent 4",1,0,5743,700,208,"gemm_kernel_v2",700,2850333304718562,2850333306637624,0,0,52,4,32,512,1,1,2097152,1,1
"KERNEL_DISPATCH","Agent 4",1,0,5743,701,117,"void at::native::vectorized_elementwise_kernel<4, at::native::FillFunctor<int>, std::array<char*, 1ul> >(int, at::native::FillFunctor<int>, std::array<char*, 1ul>)",701,2850333306645464,2850333306844667,0,0,8,0,16,256,1,1,16777216,1,1
"KERNEL_DISPATCH","Agent 4",1,0,5743,702,208,"gemm_kernel_v2",702,2850333306854107,2850333308773649,0,0,52,4,32,512,1,1,2097152,1,1
"KERNEL_DISPATCH","Agent 4",1,0,5743,703,117,"void at::native::vectorized_elementwise_kernel<4, at::native::FillFunctor<int>, std::array<char*, 1ul> >(int, at::native::FillFunctor<int>, std::array<char*, 1ul>)",703,2850333308782129,2850333308982771,0,0,8,0,16,256,1,1,16777216,1,1
"KERNEL_DISPATCH","Agent 4",1,0,5743,704,208,"gemm_kernel_v2",704,2850333308992372,2850333310905994,0,0,52,4,32,512,1,1,2097152,1,1
"KERNEL_DISPATCH","Agent 4",1,0,5743,705,117,"void at::native::vectorized_elementwise_kernel<4, at::native::FillFunctor<int>, std::array<char*, 1ul> >(int, at::native::FillFunctor<int>, std::array<char*, 1ul>)",705,2850333310914154,2850333311113036,0,0,8,0,16,256,1,1,16777216,1,1
"KERNEL_DISPATCH","Agent 4",1,0,5743,706,208,"gemm_kernel_v2",706,2850333311122476,2850333313038499,0,0,52,4,32,512,1,1,2097152,1,1
"KERNEL_DISPATCH","Agent 4",1,0,5743,707,117,"void at::native::vectorized_elementwise_kernel<4, at::native::FillFunctor<int>, std::array<char*, 1ul> >(int, at::native::FillFunctor<int>, std::array<char*, 1ul>)",707,2850333313047139,2850333313244101,0,0,8,0,16,256,1,1,16777216,1,1
"KERNEL_DISPATCH","Agent 4",1,0,5743,708,208,"gemm_kernel_v2",708,2850333313253381,2850333315170683,0,0,52,4,32,512,1,1,2097152,1,1
"KERNEL_DISPATCH","Agent 4",1,0,5743,709,117,"void at::native::vectorized_elementwise_kernel<4, at::native::FillFunctor<int>, std::array<char*, 1ul> >(int, at::native::FillFunctor<int>, std::array<char*, 1ul>)",709,2850333315179003,2850333315378686,0,0,8,0,16,256,1,1,16777216,1,1
"KERNEL_DISPATCH","Agent 4",1,0,5743,710,208,"gemm_kernel_v2",710,2850333315388286,2850333317308148,0,0,52,4,32,512,1,1,2097152,1,1
"KERNEL_DISPATCH","Agent 4",1,0,5743,711,117,"void at::native::vectorized_elementwise_kernel<4, at::native::FillFunctor<int>, std::array<char*, 1ul> >(int, at::native::FillFunctor<int>, std::array<char*, 1ul>)",711,2850333317316468,2850333317513911,0,0,8,0,16,256,1,1,16777216,1,1
"KERNEL_DISPATCH","Agent 4",1,0,5743,712,208,"gemm_kernel_v2",712,2850333317523831,2850333319440973,0,0,52,4,32,512,1,1,2097152,1,1
"KERNEL_DISPATCH","Agent 4",1,0,5743,713,117,"void at::native::vectorized_elementwise_kernel<4, at::native::FillFunctor<int>, std::array<char*, 1ul> >(int, at::native::FillFunctor<int>, std::array<char*, 1ul>)",713,2850333319449133,2850333319651695,0,0,8,0,16,256,1,1,16777216,1,1
"KERNEL_DISPATCH","Agent 4",1,0,5743,714,208,"gemm_kernel_v2",714,2850333319660976,2850333321579878,0,0,52,4,32,512,1,1,2097152,1,1
"KERNEL_DISPATCH","Agent 4",1,0,5743,715,117,"void at::native::vectorized_elementwise_kernel<4, at::native::FillFunctor<int>, std::array<char*, 1ul> >(int, at::native::FillFunctor<int>, std::array<char*, 1ul>)",715,2850333321588198,2850333321793320,0,0,8,0,16,256,1,1,16777216,1,1
"KERNEL_DISPATCH","Agent 4",1,0,5743,716,208,"gemm_kernel_v2",716,2850333321802920,2850333323721343,0,0,52,4,32,512,1,1,2097152,1,1
"KERNEL_DISPATCH","Agent 4",1,0,5743,717,117,"void at::native::vectorized_elementwise_kernel<4, at::native::FillFunctor<int>, std::array<char*, 1ul> >(int, at::native::FillFunctor<int>, std::array<char*, 1ul>)",717,2850333323729503,2850333323930625,0,0,8,0,16,256,1,1,16777216,1,1
"KERNEL_DISPATCH","Agent 4",1,0,5743,718,208,"gemm_kernel_v2",718,2850333323940385,2850333325856887,0,0,52,4,32,512,1,1,2097152,1,1
"KERNEL_DISPATCH","Agent 4",1,0,5743,719,117,"void at::native::vectorized_elementwise_kernel<4, at::native::FillFunctor<int>, std::array<char*, 1ul> >(int, at::native::FillFunctor<int>, std::array<char*, 1ul>)",719,2850333325865208,2850333326065530,0,0,8,0,16,256,1,1,16777216,1,1
"KERNEL_DISPATCH","Agent 4",1,0,5743,720,208,"gemm_kernel_v2",720,2850333326074970,2850333327994032,0,0,52,4,32,512,1,1,2097152,1,1
"KERNEL_DISPATCH","Agent 4",1,0,5743,721,117,"void at::native::vectorized_elementwise_kernel<4, at::native::FillFunctor<int>, std::array<char*, 1ul> >(int, at::native::FillFunctor<int>, std::array<char*, 1ul>)",721,2850333328002032,2850333328204915,0,0,8,0,16,256,1,1,16777216,1,1
"KERNEL_DISPATCH","Agent 4",1,0,5743,722,208,"gemm_kernel_v2",722,2850333328214515,2850333330131817,0,0,52,4,32,512,1,1,2097152,1,1
"KERNEL_DISPATCH","Agent 4",1,0,5743,723,117,"void at::native::vectorized_elementwise_kernel<4, at::native::FillFunctor<int>, std::array<char*, 1ul> >(int, at::native::FillFunctor<int>, std::array<char*, 1ul>)",723,2850333330140297,2850333330343980,0,0,8,0,16,256,1,1,16777216,1,1
"KERNEL_DISPATCH","Agent 4",1,0,5743,724,208,"gemm_kernel_v2",724,2850333330354060,2850333332271842,0,0,52,4,32,512,1,1,2097152,1,1
"KERNEL_DISPATCH","Agent 4",1,0,5743,725,117,"void at::native::vectorized_elementwise_kernel<4, at::native::FillFunctor<int>, std::array<char*, 1ul> >(int, at::native::FillFunctor<int>, std::array<char*, 1ul>)",725,2850333332280162,2850333332482724,0,0,8,0,16,256,1,1,16777216,1,1
"KERNEL_DISPATCH","Agent 4",1,0,5743,726,208,"gemm_kernel_v2",726,2850333332492165,2850333334414907,0,0,52,4,32,512,1,1,2097152,1,1
"KERNEL_DISPATCH","Agent 4",1,0,5743,727,117,"void at::native::vectorized_elementwise_kernel<4, at::native::FillFunctor<int>, std::array<char*, 1ul> >(int, at::native::FillFunctor<int>, std::array<char*, 1ul>)",727,2850333334423387,2850333334623869,0,0,8,0,16,256,1,1,16777216,1,1
"KERNEL_DISPATCH","Agent 4",1,0,5743,728,208,"gemm_kernel_v2",728,2850333334633629,2850333336551892,0,0,52,4,32,512,1,1,2097152,1,1
"KERNEL_DISPATCH","Agent 4",1,0,5743,729,117,"void at::native::vectorized_elementwise_kernel<4, at::native::FillFunctor<int>, std::array<char*, 1ul> >(int, at::native::FillFunctor<int>, std::array<char*, 1ul>)",729,2850333336560212,2850333336761814,0,0,8,0,16,256,1,1,16777216,1,1
"KERNEL_DISPATCH","Agent 4",1,0,5743,730,208,"gemm_kernel_v2",730,2850333336771574,2850333338689517,0,0,52,4,32,512,1,1,2097152,1,1
"KERNEL_DISPATCH","Agent 4",1,0,5743,731,117,"void at::native::vectorized_elementwise_kernel<4, at::native::FillFunctor<int>, std::array<char*, 1ul> >(int, at::native::FillFunctor<int>, std::array<char*, 1ul>)",731,2850333338697837,2850333338896719,0,0,8,0,16,256,1,1,16777216,1,1
"KERNEL_DISPATCH","Agent 4",1,0,5743,732,208,"gemm_kernel_v2",732,2850333338906319,2850333340823301,0,0,52,4,32,512,1,1,2097152,1,1
"KERNEL_DISPATCH","Agent 4",1,0,5743,733,117,"void at::native::vectorized_elementwise_kernel<4, at::native::FillFunctor<int>, std::array<char*, 1ul> >(int, at::native::FillFunctor<int>, std::array<char*, 1ul>)",733,2850333340831781,2850333341034824,0,0,8,0,16,256,1,1,16777216,1,1
"KERNEL_DISPATCH","Agent 4",1,0,5743,734,208,"gemm_kernel_v2",734,2850333341044264,2850333342962846,0,0,52,4,32,512,1,1,2097152,1,1
"KERNEL_DISPATCH","Agent 4",1,0,5743,735,117,"void at::native::vectorized_elementwise_kernel<4, at::native::FillFunctor<int>, std::array<char*, 1ul> >(int, at::native::FillFunctor<int>, std::array<char*, 1ul>)",735,2850333342971166,2850333343170049,0,0,8,0,16,256,1,1,16777216,1,1
"KERNEL_DISPATCH","Agent 4",1,0,5743,736,208,"gemm_kernel_v2",736,2850333343179649,2850333345095511,0,0,52,4,32,512,1,1,2097152,1,1
"KERNEL_DISPATCH","Agent 4",1,0,5743,737,117,"void at::native::vectorized_elementwise_kernel<4, at::native::FillFunctor<int>, std::array<char*, 1ul> >(int, at::native::FillFunctor<int>, std::array<char*, 1ul>)",737,2850333345104311,2850333345305433,0,0,8,0,16,256,1,1,16777216,1,1
"KERNEL_DISPATCH","Agent 4",1,0,5743,738,208,"gemm_kernel_v2",738,2850333345315194,2850333347232336,0,0,52,4,32,512,1,1,2097152,1,1
"KERNEL_DISPATCH","Agent 4",1,0,5743,739,117,"void at::native::vectorized_elementwise_kernel<4, at::native::FillFunctor<int>, std::array<char*, 1ul> >(int, at::native::FillFunctor<int>, std::array<char*, 1ul>)",739,2850333347240496,2850333347440978,0,0,8,0,16,256,1,1,16777216,1,1
"KERNEL_DISPATCH","Agent 4",1,0,5743,740,208,"gemm_kernel_v2",740,2850333347450258,2850333349368041,0,0,52,4,32,512,1,1,2097152,1,1
"KERNEL_DISPATCH","Agent 4",1,0,5743,741,117,"void at::native::vectorized_elementwise_kernel<4, at::native::FillFunctor<int>, std::array<char*, 1ul> >(int, at::native::FillFunctor<int>, std::array<char*, 1ul>)",741,2850333349376361,2850333349579883,0,0,8,0,16,256,1,1,16777216,1,1
"KERNEL_DISPATCH","Agent 4",1,0,5743,742,208,"gemm_kernel_v2",742,2850333349589803,2850333351506785,0,0,52,4,32,512,1,1,2097152,1,1
"KERNEL_DISPATCH","Agent 4",1,0,5743,743,117,"void at::native::vectorized_elementwise_kernel<4, at::native::FillFunctor<int>, std::array<char*, 1ul> >(int, at::native::FillFunctor<int>, std::array<char*, 1ul>)",743,2850333351514946,2850333351713028,0,0,8,0,16,256,1,1,16777216,1,1
"KERNEL_DISPATCH","Agent 4",1,0,5743,744,208,"gemm_kernel_v2",744,2850333351722308,2850333353643770,0,0,52,4,32,512,1,1,2097152,1,1
"KERNEL_DISPATCH","Agent 4",1,0,5743,745,117,"void at::native::vectorized_elementwise_kernel<4, at::native::FillFunctor<int>, std::array<char*, 1ul> >(int, at::native::FillFunctor<int>, std::array<char*, 1ul>)",745,2850333353652090,2850333353853373,0,0,8,0,16,256,1,1,16777216,1,1
"KERNEL_DISPATCH","Agent 4",1,0,5743,746,208,"gemm_kernel_v2",746,2850333353862653,2850333355781555,0,0,52,4,32,512,1,1,2097152,1,1
"KERNEL_DISPATCH","Agent 4",1,0,5743,747,117,"void at::native::vectorized_elementwise_kernel<4, at::native::FillFunctor<int>, std::array<char*, 1ul> >(int, at::native::FillFunctor<int>, std::array<char*, 1ul>)",747,2850333355789875,2850333355991478,0,0,8,0,16,256,1,1,16777216,1,1
"KERNEL_DISPATCH","Agent 4",1,0,5743,748,208,"gemm_kernel_v2",748,2850333356000745,2850333357919007,0,0,52,4,32,512,1,1,2097152,1,1
"KERNEL_DISPATCH","Agent 4",1,0,5743,749,117,"void at::native::vectorized_elementwise_kernel<4, at::native::FillFunctor<int>, std::array<char*, 1ul> >(int, at::native::FillFunctor<int>, std::array<char*, 1ul>)",749,2850333357927487,2850333358130209,0,0,8,0,16,256,1,1,16777216,1,1
"KERNEL_DISPATCH","Agent 4",1,0,5743,750,208,"gemm_kernel_v2",750,2850333358139809,2850333360057911,0,0,52,4,32,512,1,1,2097152,1,1
"KERNEL_DISPATCH","Agent 4",1,0,5743,751,117,"void at::native::vectorized_elementwise_kernel<4, at::native::FillFunctor<int>, std::array<char*, 1ul> >(int, at::native::FillFunctor<int>, std::array<char*, 1ul>)",751,2850333360066231,2850333360265594,0,0,8,0,16,256,1,1,16777216,1,1
"KERNEL_DISPATCH","Agent 4",1,0,5743,752,208,"gemm_kernel_v2",752,2850333360275034,2850333362198736,0,0,52,4,32,512,1,1,2097152,1,1
"KERNEL_DISPATCH","Agent 4",1,0,5743,753,209,"gemm_kernel_v2",753,2850333456162577,2850333457680514,0,0,52,36,48,256,1,1,524288,1,1
"KERNEL_DISPATCH","Agent 4",1,0,5743,754,117,"void at::native::vectorized_elementwise_kernel<4, at::native::FillFunctor<int>, std::array<char*, 1ul> >(int, at::native::FillFunctor<int>, std::array<char*, 1ul>)",754,2850333457758754,2850333457960197,0,0,8,0,16,256,1,1,16777216,1,1
"KERNEL_DISPATCH","Agent 4",1,0,5743,755,209,"gemm_kernel_v2",755,2850333457960197,2850333459476054,0,0,52,36,48,256,1,1,524288,1,1
"KERNEL_DISPATCH","Agent 4",1,0,5743,756,117,"void at::native::vectorized_elementwise_kernel<4, at::native::FillFunctor<int>, std::array<char*, 1ul> >(int, at::native::FillFunctor<int>, std::array<char*, 1ul>)",756,2850333459476054,2850333459680537,0,0,8,0,16,256,1,1,16777216,1,1
"KERNEL_DISPATCH","Agent 4",1,0,5743,757,209,"gemm_kernel_v2",757,2850333459680537,2850333461193674,0,0,52,36,48,256,1,1,524288,1,1
"KERNEL_DISPATCH","Agent 4",1,0,5743,758,117,"void at::native::vectorized_elementwise_kernel<4, at::native::FillFunctor<int>, std::array<char*, 1ul> >(int, at::native::FillFunctor<int>, std::array<char*, 1ul>)",758,2850333461193674,2850333461396077,0,0,8,0,16,256,1,1,16777216,1,1
"KERNEL_DISPATCH","Agent 4",1,0,5743,759,209,"gemm_kernel_v2",759,2850333461396077,2850333462910014,0,0,52,36,48,256,1,1,524288,1,1
"KERNEL_DISPATCH","Agent 4",1,0,5743,760,117,"void at::native::vectorized_elementwise_kernel<4, at::native::FillFunctor<int>, std::array<char*, 1ul> >(int, at::native::FillFunctor<int>, std::array<char*, 1ul>)",760,2850333462910014,2850333463111937,0,0,8,0,16,256,1,1,16777216,1,1
"KERNEL_DISPATCH","Agent 4",1,0,5743,761,209,"gemm_kernel_v2",761,2850333463111937,2850333464623954,0,0,52,36,48,256,1,1,524288,1,1
"KERNEL_DISPATCH","Agent 4",1,0,5743,762,117,"void at::native::vectorized_elementwise_kernel<4, at::native::FillFunctor<int>, std::array<char*, 1ul> >(int, at::native::FillFunctor<int>, std::array<char*, 1ul>)",762,2850333464623954,2850333464826996,0,0,8,0,16,256,1,1,16777216,1,1
"KERNEL_DISPATCH","Agent 4",1,0,5743,763,209,"gemm_kernel_v2",763,2850333464826996,2850333466339814,0,0,52,36,48,256,1,1,524288,1,1
"KERNEL_DISPATCH","Agent 4",1,0,5743,764,209,"gemm_kernel_v2",764,2850333466528136,2850333468041914,0,0,52,36,48,256,1,1,524288,1,1
"KERNEL_DISPATCH","Agent 4",1,0,5743,765,209,"gemm_kernel_v2",765,2850333468041914,2850333469554571,0,0,52,36,48,256,1,1,524288,1,1
"KERNEL_DISPATCH","Agent 4",1,0,5743,766,209,"gemm_kernel_v2",766,2850333469554571,2850333471070749,0,0,52,36,48,256,1,1,524288,1,1
"KERNEL_DISPATCH","Agent 4",1,0,5743,767,209,"gemm_kernel_v2",767,2850333471070749,2850333472582767,0,0,52,36,48,256,1,1,524288,1,1
"KERNEL_DISPATCH","Agent 4",1,0,5743,768,209,"gemm_kernel_v2",768,2850333472582767,2850333474097024,0,0,52,36,48,256,1,1,524288,1,1
"KERNEL_DISPATCH","Agent 4",1,0,5743,769,209,"gemm_kernel_v2",769,2850333474097024,2850333475610962,0,0,52,36,48,256,1,1,524288,1,1
"KERNEL_DISPATCH","Agent 4",1,0,5743,770,209,"gemm_kernel_v2",770,2850333475610962,2850333477126979,0,0,52,36,48,256,1,1,524288,1,1
"KERNEL_DISPATCH","Agent 4",1,0,5743,771,209,"gemm_kernel_v2",771,2850333477126979,2850333478640757,0,0,52,36,48,256,1,1,524288,1,1
"KERNEL_DISPATCH","Agent 4",1,0,5743,772,209,"gemm_kernel_v2",772,2850333478640757,2850333480151175,0,0,52,36,48,256,1,1,524288,1,1
"KERNEL_DISPATCH","Agent 4",1,0,5743,773,209,"gemm_kernel_v2",773,2850333480151175,2850333481666232,0,0,52,36,48,256,1,1,524288,1,1
"KERNEL_DISPATCH","Agent 4",1,0,5743,774,209,"gemm_kernel_v2",774,2850333481666232,2850333483181610,0,0,52,36,48,256,1,1,524288,1,1
"KERNEL_DISPATCH","Agent 4",1,0,5743,775,209,"gemm_kernel_v2",775,2850333483181610,2850333484697627,0,0,52,36,48,256,1,1,524288,1,1
"KERNEL_DISPATCH","Agent 4",1,0,5743,776,209,"gemm_kernel_v2",776,2850333484697627,2850333486213805,0,0,52,36,48,256,1,1,524288,1,1
"KERNEL_DISPATCH","Agent 4",1,0,5743,777,209,"gemm_kernel_v2",777,2850333486213805,2850333487726303,0,0,52,36,48,256,1,1,524288,1,1
"KERNEL_DISPATCH","Agent 4",1,0,5743,778,117,"void at::native::vectorized_elementwise_kernel<4, at::native::FillFunctor<int>, std::array<char*, 1ul> >(int, at::native::FillFunctor<int>, std::array<char*, 1ul>)",778,2850333487726303,2850333487928225,0,0,8,0,16,256,1,1,16777216,1,1
"KERNEL_DISPATCH","Agent 4",1,0,5743,779,209,"gemm_kernel_v2",779,2850333487939265,2850333489455763,0,0,52,36,48,256,1,1,524288,1,1
"KERNEL_DISPATCH","Agent 4",1,0,5743,780,117,"void at::native::vectorized_elementwise_kernel<4, at::native::FillFunctor<int>, std::array<char*, 1ul> >(int, at::native::FillFunctor<int>, std::array<char*, 1ul>)",780,2850333489464403,2850333489665525,0,0,8,0,16,256,1,1,16777216,1,1
"KERNEL_DISPATCH","Agent 4",1,0,5743,781,209,"gemm_kernel_v2",781,2850333489674805,2850333491191143,0,0,52,36,48,256,1,1,524288,1,1
"KERNEL_DISPATCH","Agent 4",1,0,5743,782,117,"void at::native::vectorized_elementwise_kernel<4, at::native::FillFunctor<int>, std::array<char*, 1ul> >(int, at::native::FillFunctor<int>, std::array<char*, 1ul>)",782,2850333491199943,2850333491402985,0,0,8,0,16,256,1,1,16777216,1,1
"KERNEL_DISPATCH","Agent 4",1,0,5743,783,209,"gemm_kernel_v2",783,2850333491412425,2850333492928603,0,0,52,36,48,256,1,1,524288,1,1
"KERNEL_DISPATCH","Agent 4",1,0,5743,784,117,"void at::native::vectorized_elementwise_kernel<4, at::native::FillFunctor<int>, std::array<char*, 1ul> >(int, at::native::FillFunctor<int>, std::array<char*, 1ul>)",784,2850333492937563,2850333493137725,0,0,8,0,16,256,1,1,16777216,1,1
"KERNEL_DISPATCH","Agent 4",1,0,5743,785,209,"gemm_kernel_v2",785,2850333493147486,2850333494664463,0,0,52,36,48,256,1,1,524288,1,1
"KERNEL_DISPATCH","Agent 4",1,0,5743,786,117,"void at::native::vectorized_elementwise_kernel<4, at::native::FillFunctor<int>, std::array<char*, 1ul> >(int, at::native::FillFunctor<int>, std::array<char*, 1ul>)",786,2850333494672943,2850333494871826,0,0,8,0,16,256,1,1,16777216,1,1
"KERNEL_DISPATCH","Agent 4",1,0,5743,787,209,"gemm_kernel_v2",787,2850333494881586,2850333496398403,0,0,52,36,48,256,1,1,524288,1,1
"KERNEL_DISPATCH","Agent 4",1,0,5743,788,117,"void at::native::vectorized_elementwise_kernel<4, at::native::FillFunctor<int>, std::array<char*, 1ul> >(int, at::native::FillFunctor<int>, std::array<char*, 1ul>)",788,2850333496407363,2850333496605286,0,0,8,0,16,256,1,1,16777216,1,1
"KERNEL_DISPATCH","Agent 4",1,0,5743,789,209,"gemm_kernel_v2",789,2850333496615206,2850333498131863,0,0,52,36,48,256,1,1,524288,1,1
"KERNEL_DISPATCH","Agent 4",1,0,5743,790,117,"void at::native::vectorized_elementwise_kernel<4, at::native::FillFunctor<int>, std::array<char*, 1ul> >(int, at::native::FillFunctor<int>, std::array<char*, 1ul>)",790,2850333498140344,2850333498342586,0,0,8,0,16,256,1,1,16777216,1,1
"KERNEL_DISPATCH","Agent 4",1,0,5743,791,209,"gemm_kernel_v2",791,2850333498352186,2850333499867404,0,0,52,36,48,256,1,1,524288,1,1
"KERNEL_DISPATCH","Agent 4",1,0,5743,792,117,"void at::native::vectorized_elementwise_kernel<4, at::native::FillFunctor<int>, std::array<char*, 1ul> >(int, at::native::FillFunctor<int>, std::array<char*, 1ul>)",792,2850333499876044,2850333500079086,0,0,8,0,16,256,1,1,16777216,1,1
"KERNEL_DISPATCH","Agent 4",1,0,5743,793,209,"gemm_kernel_v2",793,2850333500088526,2850333501605824,0,0,52,36,48,256,1,1,524288,1,1
"KERNEL_DISPATCH","Agent 4",1,0,5743,794,117,"void at::native::vectorized_elementwise_kernel<4, at::native::FillFunctor<int>, std::array<char*, 1ul> >(int, at::native::FillFunctor<int>, std::array<char*, 1ul>)",794,2850333501614784,2850333501813826,0,0,8,0,16,256,1,1,16777216,1,1
"KERNEL_DISPATCH","Agent 4",1,0,5743,795,209,"gemm_kernel_v2",795,2850333501823586,2850333503340884,0,0,52,36,48,256,1,1,524288,1,1
"KERNEL_DISPATCH","Agent 4",1,0,5743,796,117,"void at::native::vectorized_elementwise_kernel<4, at::native::FillFunctor<int>, std::array<char*, 1ul> >(int, at::native::FillFunctor<int>, std::array<char*, 1ul>)",796,2850333503349524,2850333503550326,0,0,8,0,16,256,1,1,16777216,1,1
"KERNEL_DISPATCH","Agent 4",1,0,5743,797,209,"gemm_kernel_v2",797,2850333503559927,2850333505075944,0,0,52,36,48,256,1,1,524288,1,1
"KERNEL_DISPATCH","Agent 4",1,0,5743,798,117,"void at::native::vectorized_elementwise_kernel<4, at::native::FillFunctor<int>, std::array<char*, 1ul> >(int, at::native::FillFunctor<int>, std::array<char*, 1ul>)",798,2850333505085064,2850333505285067,0,0,8,0,16,256,1,1,16777216,1,1
"KERNEL_DISPATCH","Agent 4",1,0,5743,799,209,"gemm_kernel_v2",799,2850333505294187,2850333506810364,0,0,52,36,48,256,1,1,524288,1,1
"KERNEL_DISPATCH","Agent 4",1,0,5743,800,117,"void at::native::vectorized_elementwise_kernel<4, at::native::FillFunctor<int>, std::array<char*, 1ul> >(int, at::native::FillFunctor<int>, std::array<char*, 1ul>)",800,2850333506819324,2850333507023487,0,0,8,0,16,256,1,1,16777216,1,1
"KERNEL_DISPATCH","Agent 4",1,0,5743,801,209,"gemm_kernel_v2",801,2850333507033407,2850333508552945,0,0,52,36,48,256,1,1,524288,1,1
"KERNEL_DISPATCH","Agent 4",1,0,5743,802,117,"void at::native::vectorized_elementwise_kernel<4, at::native::FillFunctor<int>, std::array<char*, 1ul> >(int, at::native::FillFunctor<int>, std::array<char*, 1ul>)",802,2850333508561745,2850333508762227,0,0,8,0,16,256,1,1,16777216,1,1
"KERNEL_DISPATCH","Agent 4",1,0,5743,803,209,"gemm_kernel_v2",803,2850333508771827,2850333510289765,0,0,52,36,48,256,1,1,524288,1,1
"KERNEL_DISPATCH","Agent 4",1,0,5743,804,117,"void at::native::vectorized_elementwise_kernel<4, at::native::FillFunctor<int>, std::array<char*, 1ul> >(int, at::native::FillFunctor<int>, std::array<char*, 1ul>)",804,2850333510298405,2850333510499047,0,0,8,0,16,256,1,1,16777216,1,1
"KERNEL_DISPATCH","Agent 4",1,0,5743,805,209,"gemm_kernel_v2",805,2850333510508487,2850333512029305,0,0,52,36,48,256,1,1,524288,1,1
"KERNEL_DISPATCH","Agent 4",1,0,5743,806,117,"void at::native::vectorized_elementwise_kernel<4, at::native::FillFunctor<int>, std::array<char*, 1ul> >(int, at::native::FillFunctor<int>, std::array<char*, 1ul>)",806,2850333512038105,2850333512236507,0,0,8,0,16,256,1,1,16777216,1,1
"KERNEL_DISPATCH","Agent 4",1,0,5743,807,209,"gemm_kernel_v2",807,2850333512246267,2850333513764365,0,0,52,36,48,256,1,1,524288,1,1
"KERNEL_DISPATCH","Agent 4",1,0,5743,808,117,"void at::native::vectorized_elementwise_kernel<4, at::native::FillFunctor<int>, std::array<char*, 1ul> >(int, at::native::FillFunctor<int>, std::array<char*, 1ul>)",808,2850333513772685,2850333513976848,0,0,8,0,16,256,1,1,16777216,1,1
"KERNEL_DISPATCH","Agent 4",1,0,5743,809,209,"gemm_kernel_v2",809,2850333513986448,2850333515503745,0,0,52,36,48,256,1,1,524288,1,1
"KERNEL_DISPATCH","Agent 4",1,0,5743,810,117,"void at::native::vectorized_elementwise_kernel<4, at::native::FillFunctor<int>, std::array<char*, 1ul> >(int, at::native::FillFunctor<int>, std::array<char*, 1ul>)",810,2850333515512545,2850333515713508,0,0,8,0,16,256,1,1,16777216,1,1
"KERNEL_DISPATCH","Agent 4",1,0,5743,811,209,"gemm_kernel_v2",811,2850333515723268,2850333517242006,0,0,52,36,48,256,1,1,524288,1,1
"KERNEL_DISPATCH","Agent 4",1,0,5743,812,117,"void at::native::vectorized_elementwise_kernel<4, at::native::FillFunctor<int>, std::array<char*, 1ul> >(int, at::native::FillFunctor<int>, std::array<char*, 1ul>)",812,2850333517250486,2850333517453848,0,0,8,0,16,256,1,1,16777216,1,1
"KERNEL_DISPATCH","Agent 4",1,0,5743,813,209,"gemm_kernel_v2",813,2850333517463608,2850333518980746,0,0,52,36,48,256,1,1,524288,1,1
"KERNEL_DISPATCH","Agent 4",1,0,5743,814,117,"void at::native::vectorized_elementwise_kernel<4, at::native::FillFunctor<int>, std::array<char*, 1ul> >(int, at::native::FillFunctor<int>, std::array<char*, 1ul>)",814,2850333518989546,2850333519191468,0,0,8,0,16,256,1,1,16777216,1,1
"KERNEL_DISPATCH","Agent 4",1,0,5743,815,209,"gemm_kernel_v2",815,2850333519201220,2850333520716917,0,0,52,36,48,256,1,1,524288,1,1
"KERNEL_DISPATCH","Agent 4",1,0,5743,816,117,"void at::native::vectorized_elementwise_kernel<4, at::native::FillFunctor<int>, std::array<char*, 1ul> >(int, at::native::FillFunctor<int>, std::array<char*, 1ul>)",816,2850333520725717,2850333520927799,0,0,8,0,16,256,1,1,16777216,1,1
"KERNEL_DISPATCH","Agent 4",1,0,5743,817,209,"gemm_kernel_v2",817,2850333520937079,2850333522461737,0,0,52,36,48,256,1,1,524288,1,1
"KERNEL_DISPATCH","Agent 4",1,0,5743,818,117,"void at::native::vectorized_elementwise_kernel<4, at::native::FillFunctor<int>, std::array<char*, 1ul> >(int, at::native::FillFunctor<int>, std::array<char*, 1ul>)",818,2850333522470697,2850333522669739,0,0,8,0,16,256,1,1,16777216,1,1
"KERNEL_DISPATCH","Agent 4",1,0,5743,819,209,"gemm_kernel_v2",819,2850333522679339,2850333524190557,0,0,52,36,48,256,1,1,524288,1,1
"KERNEL_DISPATCH","Agent 4",1,0,5743,820,117,"void at::native::vectorized_elementwise_kernel<4, at::native::FillFunctor<int>, std::array<char*, 1ul> >(int, at::native::FillFunctor<int>, std::array<char*, 1ul>)",820,2850333524199037,2850333524400159,0,0,8,0,16,256,1,1,16777216,1,1
"KERNEL_DISPATCH","Agent 4",1,0,5743,821,209,"gemm_kernel_v2",821,2850333524409919,2850333525922577,0,0,52,36,48,256,1,1,524288,1,1
"KERNEL_DISPATCH","Agent 4",1,0,5743,822,117,"void at::native::vectorized_elementwise_kernel<4, at::native::FillFunctor<int>, std::array<char*, 1ul> >(int, at::native::FillFunctor<int>, std::array<char*, 1ul>)",822,2850333525931217,2850333526132339,0,0,8,0,16,256,1,1,16777216,1,1
"KERNEL_DISPATCH","Agent 4",1,0,5743,823,209,"gemm_kernel_v2",823,2850333526141779,2850333527658437,0,0,52,36,48,256,1,1,524288,1,1
"KERNEL_DISPATCH","Agent 4",1,0,5743,824,117,"void at::native::vectorized_elementwise_kernel<4, at::native::FillFunctor<int>, std::array<char*, 1ul> >(int, at::native::FillFunctor<int>, std::array<char*, 1ul>)",824,2850333527667237,2850333527867399,0,0,8,0,16,256,1,1,16777216,1,1
"KERNEL_DISPATCH","Agent 4",1,0,5743,825,209,"gemm_kernel_v2",825,2850333527877160,2850333529394937,0,0,52,36,48,256,1,1,524288,1,1
"KERNEL_DISPATCH","Agent 4",1,0,5743,826,117,"void at::native::vectorized_elementwise_kernel<4, at::native::FillFunctor<int>, std::array<char*, 1ul> >(int, at::native::FillFunctor<int>, std::array<char*, 1ul>)",826,2850333529403897,2850333529600540,0,0,8,0,16,256,1,1,16777216,1,1
"KERNEL_DISPATCH","Agent 4",1,0,5743,827,209,"gemm_kernel_v2",827,2850333529610140,2850333531126317,0,0,52,36,48,256,1,1,524288,1,1
"KERNEL_DISPATCH","Agent 4",1,0,5743,828,117,"void at::native::vectorized_elementwise_kernel<4, at::native::FillFunctor<int>, std::array<char*, 1ul> >(int, at::native::FillFunctor<int>, std::array<char*, 1ul>)",828,2850333531135117,2850333531334640,0,0,8,0,16,256,1,1,16777216,1,1
"KERNEL_DISPATCH","Agent 4",1,0,5743,829,209,"gemm_kernel_v2",829,2850333531344400,2850333532861537,0,0,52,36,48,256,1,1,524288,1,1
"KERNEL_DISPATCH","Agent 4",1,0,5743,830,117,"void at::native::vectorized_elementwise_kernel<4, at::native::FillFunctor<int>, std::array<char*, 1ul> >(int, at::native::FillFunctor<int>, std::array<char*, 1ul>)",830,2850333532870178,2850333533069060,0,0,8,0,16,256,1,1,16777216,1,1
"KERNEL_DISPATCH","Agent 4",1,0,5743,831,209,"gemm_kernel_v2",831,2850333533078500,2850333534597238,0,0,52,36,48,256,1,1,524288,1,1
"KERNEL_DISPATCH","Agent 4",1,0,5743,832,117,"void at::native::vectorized_elementwise_kernel<4, at::native::FillFunctor<int>, std::array<char*, 1ul> >(int, at::native::FillFunctor<int>, std::array<char*, 1ul>)",832,2850333534606198,2850333534805240,0,0,8,0,16,256,1,1,16777216,1,1
"KERNEL_DISPATCH","Agent 4",1,0,5743,833,209,"gemm_kernel_v2",833,2850333534814840,2850333536336618,0,0,52,36,48,256,1,1,524288,1,1
"KERNEL_DISPATCH","Agent 4",1,0,5743,834,117,"void at::native::vectorized_elementwise_kernel<4, at::native::FillFunctor<int>, std::array<char*, 1ul> >(int, at::native::FillFunctor<int>, std::array<char*, 1ul>)",834,2850333536344938,2850333536545100,0,0,8,0,16,256,1,1,16777216,1,1
"KERNEL_DISPATCH","Agent 4",1,0,5743,835,209,"gemm_kernel_v2",835,2850333536554220,2850333538072478,0,0,52,36,48,256,1,1,524288,1,1
"KERNEL_DISPATCH","Agent 4",1,0,5743,836,117,"void at::native::vectorized_elementwise_kernel<4, at::native::FillFunctor<int>, std::array<char*, 1ul> >(int, at::native::FillFunctor<int>, std::array<char*, 1ul>)",836,2850333538081118,2850333538285921,0,0,8,0,16,256,1,1,16777216,1,1
"KERNEL_DISPATCH","Agent 4",1,0,5743,837,209,"gemm_kernel_v2",837,2850333538295681,2850333539813138,0,0,52,36,48,256,1,1,524288,1,1
"KERNEL_DISPATCH","Agent 4",1,0,5743,838,117,"void at::native::vectorized_elementwise_kernel<4, at::native::FillFunctor<int>, std::array<char*, 1ul> >(int, at::native::FillFunctor<int>, std::array<char*, 1ul>)",838,2850333539821778,2850333540024021,0,0,8,0,16,256,1,1,16777216,1,1
"KERNEL_DISPATCH","Agent 4",1,0,5743,839,209,"gemm_kernel_v2",839,2850333540033621,2850333541555719,0,0,52,36,48,256,1,1,524288,1,1
"KERNEL_DISPATCH","Agent 4",1,0,5743,840,117,"void at::native::vectorized_elementwise_kernel<4, at::native::FillFunctor<int>, std::array<char*, 1ul> >(int, at::native::FillFunctor<int>, std::array<char*, 1ul>)",840,2850333541564359,2850333541764681,0,0,8,0,16,256,1,1,16777216,1,1
"KERNEL_DISPATCH","Agent 4",1,0,5743,841,209,"gemm_kernel_v2",841,2850333541774121,2850333543298459,0,0,52,36,48,256,1,1,524288,1,1
"KERNEL_DISPATCH","Agent 4",1,0,5743,842,117,"void at::native::vectorized_elementwise_kernel<4, at::native::FillFunctor<int>, std::array<char*, 1ul> >(int, at::native::FillFunctor<int>, std::array<char*, 1ul>)",842,2850333543306939,2850333543505821,0,0,8,0,16,256,1,1,16777216,1,1
"KERNEL_DISPATCH","Agent 4",1,0,5743,843,209,"gemm_kernel_v2",843,2850333543515261,2850333545033039,0,0,52,36,48,256,1,1,524288,1,1
"KERNEL_DISPATCH","Agent 4",1,0,5743,844,117,"void at::native::vectorized_elementwise_kernel<4, at::native::FillFunctor<int>, std::array<char*, 1ul> >(int, at::native::FillFunctor<int>, std::array<char*, 1ul>)",844,2850333545041839,2850333545240241,0,0,8,0,16,256,1,1,16777216,1,1
"KERNEL_DISPATCH","Agent 4",1,0,5743,845,209,"gemm_kernel_v2",845,2850333545249681,2850333546765699,0,0,52,36,48,256,1,1,524288,1,1
"KERNEL_DISPATCH","Agent 4",1,0,5743,846,117,"void at::native::vectorized_elementwise_kernel<4, at::native::FillFunctor<int>, std::array<char*, 1ul> >(int, at::native::FillFunctor<int>, std::array<char*, 1ul>)",846,2850333546774499,2850333546975461,0,0,8,0,16,256,1,1,16777216,1,1
"KERNEL_DISPATCH","Agent 4",1,0,5743,847,209,"gemm_kernel_v2",847,2850333546985062,2850333548500599,0,0,52,36,48,256,1,1,524288,1,1
"KERNEL_DISPATCH","Agent 4",1,0,5743,848,117,"void at::native::vectorized_elementwise_kernel<4, at::native::FillFunctor<int>, std::array<char*, 1ul> >(int, at::native::FillFunctor<int>, std::array<char*, 1ul>)",848,2850333548509399,2850333548709562,0,0,8,0,16,256,1,1,16777216,1,1
"KERNEL_DISPATCH","Agent 4",1,0,5743,849,209,"gemm_kernel_v2",849,2850333548719322,2850333550239019,0,0,52,36,48,256,1,1,524288,1,1
"KERNEL_DISPATCH","Agent 4",1,0,5743,850,117,"void at::native::vectorized_elementwise_kernel<4, at::native::FillFunctor<int>, std::array<char*, 1ul> >(int, at::native::FillFunctor<int>, std::array<char*, 1ul>)",850,2850333550247819,2850333550449742,0,0,8,0,16,256,1,1,16777216,1,1
"KERNEL_DISPATCH","Agent 4",1,0,5743,851,209,"gemm_kernel_v2",851,2850333550459182,2850333551975680,0,0,52,36,48,256,1,1,524288,1,1
"KERNEL_DISPATCH","Agent 4",1,0,5743,852,117,"void at::native::vectorized_elementwise_kernel<4, at::native::FillFunctor<int>, std::array<char*, 1ul> >(int, at::native::FillFunctor<int>, std::array<char*, 1ul>)",852,2850333551984640,2850333552181922,0,0,8,0,16,256,1,1,16777216,1,1
"KERNEL_DISPATCH","Agent 4",1,0,5743,853,209,"gemm_kernel_v2",853,2850333552191682,2850333553710260,0,0,52,36,48,256,1,1,524288,1,1
"KERNEL_DISPATCH","Agent 4",1,0,5743,854,117,"void at::native::vectorized_elementwise_kernel<4, at::native::FillFunctor<int>, std::array<char*, 1ul> >(int, at::native::FillFunctor<int>, std::array<char*, 1ul>)",854,2850333553718900,2850333553919222,0,0,8,0,16,256,1,1,16777216,1,1
"KERNEL_DISPATCH","Agent 4",1,0,5743,855,209,"gemm_kernel_v2",855,2850333553928982,2850333555445960,0,0,52,36,48,256,1,1,524288,1,1
"KERNEL_DISPATCH","Agent 4",1,0,5743,856,117,"void at::native::vectorized_elementwise_kernel<4, at::native::FillFunctor<int>, std::array<char*, 1ul> >(int, at::native::FillFunctor<int>, std::array<char*, 1ul>)",856,2850333555454760,2850333555658442,0,0,8,0,16,256,1,1,16777216,1,1
"KERNEL_DISPATCH","Agent 4",1,0,5743,857,209,"gemm_kernel_v2",857,2850333555667722,2850333557185500,0,0,52,36,48,256,1,1,524288,1,1
"KERNEL_DISPATCH","Agent 4",1,0,5743,858,117,"void at::native::vectorized_elementwise_kernel<4, at::native::FillFunctor<int>, std::array<char*, 1ul> >(int, at::native::FillFunctor<int>, std::array<char*, 1ul>)",858,2850333557194460,2850333557396863,0,0,8,0,16,256,1,1,16777216,1,1
"KERNEL_DISPATCH","Agent 4",1,0,5743,859,209,"gemm_kernel_v2",859,2850333557406143,2850333558923440,0,0,52,36,48,256,1,1,524288,1,1
"KERNEL_DISPATCH","Agent 4",1,0,5743,860,117,"void at::native::vectorized_elementwise_kernel<4, at::native::FillFunctor<int>, std::array<char*, 1ul> >(int, at::native::FillFunctor<int>, std::array<char*, 1ul>)",860,2850333558932240,2850333559129043,0,0,8,0,16,256,1,1,16777216,1,1
"KERNEL_DISPATCH","Agent 4",1,0,5743,861,209,"gemm_kernel_v2",861,2850333559138643,2850333560655140,0,0,52,36,48,256,1,1,524288,1,1
"KERNEL_DISPATCH","Agent 4",1,0,5743,862,117,"void at::native::vectorized_elementwise_kernel<4, at::native::FillFunctor<int>, std::array<char*, 1ul> >(int, at::native::FillFunctor<int>, std::array<char*, 1ul>)",862,2850333560664100,2850333560862663,0,0,8,0,16,256,1,1,16777216,1,1
"KERNEL_DISPATCH","Agent 4",1,0,5743,863,209,"gemm_kernel_v2",863,2850333560871943,2850333562391481,0,0,52,36,48,256,1,1,524288,1,1
"KERNEL_DISPATCH","Agent 4",1,0,5743,864,117,"void at::native::vectorized_elementwise_kernel<4, at::native::FillFunctor<int>, std::array<char*, 1ul> >(int, at::native::FillFunctor<int>, std::array<char*, 1ul>)",864,2850333562400441,2850333562600603,0,0,8,0,16,256,1,1,16777216,1,1
"KERNEL_DISPATCH","Agent 4",1,0,5743,865,209,"gemm_kernel_v2",865,2850333562610043,2850333564127981,0,0,52,36,48,256,1,1,524288,1,1
"KERNEL_DISPATCH","Agent 4",1,0,5743,866,117,"void at::native::vectorized_elementwise_kernel<4, at::native::FillFunctor<int>, std::array<char*, 1ul> >(int, at::native::FillFunctor<int>, std::array<char*, 1ul>)",866,2850333564136621,2850333564336463,0,0,8,0,16,256,1,1,16777216,1,1
"KERNEL_DISPATCH","Agent 4",1,0,5743,867,209,"gemm_kernel_v2",867,2850333564346063,2850333565865441,0,0,52,36,48,256,1,1,524288,1,1
"KERNEL_DISPATCH","Agent 4",1,0,5743,868,117,"void at::native::vectorized_elementwise_kernel<4, at::native::FillFunctor<int>, std::array<char*, 1ul> >(int, at::native::FillFunctor<int>, std::array<char*, 1ul>)",868,2850333565874241,2850333566076483,0,0,8,0,16,256,1,1,16777216,1,1
"KERNEL_DISPATCH","Agent 4",1,0,5743,869,209,"gemm_kernel_v2",869,2850333566086083,2850333567606581,0,0,52,36,48,256,1,1,524288,1,1
"KERNEL_DISPATCH","Agent 4",1,0,5743,870,117,"void at::native::vectorized_elementwise_kernel<4, at::native::FillFunctor<int>, std::array<char*, 1ul> >(int, at::native::FillFunctor<int>, std::array<char*, 1ul>)",870,2850333567615381,2850333567814104,0,0,8,0,16,256,1,1,16777216,1,1
"KERNEL_DISPATCH","Agent 4",1,0,5743,871,209,"gemm_kernel_v2",871,2850333567823864,2850333569341001,0,0,52,36,48,256,1,1,524288,1,1
"KERNEL_DISPATCH","Agent 4",1,0,5743,872,117,"void at::native::vectorized_elementwise_kernel<4, at::native::FillFunctor<int>, std::array<char*, 1ul> >(int, at::native::FillFunctor<int>, std::array<char*, 1ul>)",872,2850333569349641,2850333569555884,0,0,8,0,16,256,1,1,16777216,1,1
"KERNEL_DISPATCH","Agent 4",1,0,5743,873,209,"gemm_kernel_v2",873,2850333569565804,2850333571084542,0,0,52,36,48,256,1,1,524288,1,1
"KERNEL_DISPATCH","Agent 4",1,0,5743,874,117,"void at::native::vectorized_elementwise_kernel<4, at::native::FillFunctor<int>, std::array<char*, 1ul> >(int, at::native::FillFunctor<int>, std::array<char*, 1ul>)",874,2850333571093022,2850333571295904,0,0,8,0,16,256,1,1,16777216,1,1
"KERNEL_DISPATCH","Agent 4",1,0,5743,875,209,"gemm_kernel_v2",875,2850333571305664,2850333572826002,0,0,52,36,48,256,1,1,524288,1,1
"KERNEL_DISPATCH","Agent 4",1,0,5743,876,117,"void at::native::vectorized_elementwise_kernel<4, at::native::FillFunctor<int>, std::array<char*, 1ul> >(int, at::native::FillFunctor<int>, std::array<char*, 1ul>)",876,2850333572834482,2850333573032244,0,0,8,0,16,256,1,1,16777216,1,1
"KERNEL_DISPATCH","Agent 4",1,0,5743,877,209,"gemm_kernel_v2",877,2850333573041684,2850333574560262,0,0,52,36,48,256,1,1,524288,1,1
"KERNEL_DISPATCH","Agent 4",1,0,5743,878,117,"void at::native::vectorized_elementwise_kernel<4, at::native::FillFunctor<int>, std::array<char*, 1ul> >(int, at::native::FillFunctor<int>, std::array<char*, 1ul>)",878,2850333574569062,2850333574768584,0,0,8,0,16,256,1,1,16777216,1,1
"KERNEL_DISPATCH","Agent 4",1,0,5743,879,209,"gemm_kernel_v2",879,2850333574778344,2850333576295322,0,0,52,36,48,256,1,1,524288,1,1
"KERNEL_DISPATCH","Agent 4",1,0,5743,880,117,"void at::native::vectorized_elementwise_kernel<4, at::native::FillFunctor<int>, std::array<char*, 1ul> >(int, at::native::FillFunctor<int>, std::array<char*, 1ul>)",880,2850333576303962,2850333576502684,0,0,8,0,16,256,1,1,16777216,1,1
"KERNEL_DISPATCH","Agent 4",1,0,5743,881,209,"gemm_kernel_v2",881,2850333576512445,2850333578031182,0,0,52,36,48,256,1,1,524288,1,1
"KERNEL_DISPATCH","Agent 4",1,0,5743,882,117,"void at::native::vectorized_elementwise_kernel<4, at::native::FillFunctor<int>, std::array<char*, 1ul> >(int, at::native::FillFunctor<int>, std::array<char*, 1ul>)",882,2850333578039822,2850333578239985,0,0,8,0,16,256,1,1,16777216,1,1
"KERNEL_DISPATCH","Agent 4",1,0,5743,883,209,"gemm_kernel_v2",883,2850333578249905,2850333579769602,0,0,52,36,48,256,1,1,524288,1,1
"KERNEL_DISPATCH","Agent 4",1,0,5743,884,117,"void at::native::vectorized_elementwise_kernel<4, at::native::FillFunctor<int>, std::array<char*, 1ul> >(int, at::native::FillFunctor<int>, std::array<char*, 1ul>)",884,2850333579778083,2850333579974565,0,0,8,0,16,256,1,1,16777216,1,1
"KERNEL_DISPATCH","Agent 4",1,0,5743,885,209,"gemm_kernel_v2",885,2850333579984005,2850333581501943,0,0,52,36,48,256,1,1,524288,1,1
"KERNEL_DISPATCH","Agent 4",1,0,5743,886,117,"void at::native::vectorized_elementwise_kernel<4, at::native::FillFunctor<int>, std::array<char*, 1ul> >(int, at::native::FillFunctor<int>, std::array<char*, 1ul>)",886,2850333581510583,2850333581710905,0,0,8,0,16,256,1,1,16777216,1,1
"KERNEL_DISPATCH","Agent 4",1,0,5743,887,209,"gemm_kernel_v2",887,2850333581720161,2850333583244978,0,0,52,36,48,256,1,1,524288,1,1
"KERNEL_DISPATCH","Agent 4",1,0,5743,888,117,"void at::native::vectorized_elementwise_kernel<4, at::native::FillFunctor<int>, std::array<char*, 1ul> >(int, at::native::FillFunctor<int>, std::array<char*, 1ul>)",888,2850333583254098,2850333583458260,0,0,8,0,16,256,1,1,16777216,1,1
"KERNEL_DISPATCH","Agent 4",1,0,5743,889,209,"gemm_kernel_v2",889,2850333583467700,2850333584986598,0,0,52,36,48,256,1,1,524288,1,1
"KERNEL_DISPATCH","Agent 4",1,0,5743,890,117,"void at::native::vectorized_elementwise_kernel<4, at::native::FillFunctor<int>, std::array<char*, 1ul> >(int, at::native::FillFunctor<int>, std::array<char*, 1ul>)",890,2850333584995238,2850333585199560,0,0,8,0,16,256,1,1,16777216,1,1
"KERNEL_DISPATCH","Agent 4",1,0,5743,891,209,"gemm_kernel_v2",891,2850333585209000,2850333586728698,0,0,52,36,48,256,1,1,524288,1,1
"KERNEL_DISPATCH","Agent 4",1,0,5743,892,117,"void at::native::vectorized_elementwise_kernel<4, at::native::FillFunctor<int>, std::array<char*, 1ul> >(int, at::native::FillFunctor<int>, std::array<char*, 1ul>)",892,2850333586737338,2850333586942300,0,0,8,0,16,256,1,1,16777216,1,1
"KERNEL_DISPATCH","Agent 4",1,0,5743,893,209,"gemm_kernel_v2",893,2850333586951741,2850333588469518,0,0,52,36,48,256,1,1,524288,1,1
"KERNEL_DISPATCH","Agent 4",1,0,5743,894,210,"gemm_kernel_v2",894,2850333736996863,2850333738692882,0,0,52,4,32,512,1,1,1048576,1,1
"KERNEL_DISPATCH","Agent 4",1,0,5743,895,117,"void at::native::vectorized_elementwise_kernel<4, at::native::FillFunctor<int>, std::array<char*, 1ul> >(int, at::native::FillFunctor<int>, std::array<char*, 1ul>)",895,2850333738778482,2850333738977045,0,0,8,0,16,256,1,1,16777216,1,1
"KERNEL_DISPATCH","Agent 4",1,0,5743,896,210,"gemm_kernel_v2",896,2850333738977045,2850333740673384,0,0,52,4,32,512,1,1,1048576,1,1
"KERNEL_DISPATCH","Agent 4",1,0,5743,897,117,"void at::native::vectorized_elementwise_kernel<4, at::native::FillFunctor<int>, std::array<char*, 1ul> >(int, at::native::FillFunctor<int>, std::array<char*, 1ul>)",897,2850333740673384,2850333740871947,0,0,8,0,16,256,1,1,16777216,1,1
"KERNEL_DISPATCH","Agent 4",1,0,5743,898,210,"gemm_kernel_v2",898,2850333740871947,2850333742566686,0,0,52,4,32,512,1,1,1048576,1,1
"KERNEL_DISPATCH","Agent 4",1,0,5743,899,117,"void at::native::vectorized_elementwise_kernel<4, at::native::FillFunctor<int>, std::array<char*, 1ul> >(int, at::native::FillFunctor<int>, std::array<char*, 1ul>)",899,2850333742566686,2850333742766369,0,0,8,0,16,256,1,1,16777216,1,1
"KERNEL_DISPATCH","Agent 4",1,0,5743,900,210,"gemm_kernel_v2",900,2850333742766369,2850333744463828,0,0,52,4,32,512,1,1,1048576,1,1
"KERNEL_DISPATCH","Agent 4",1,0,5743,901,117,"void at::native::vectorized_elementwise_kernel<4, at::native::FillFunctor<int>, std::array<char*, 1ul> >(int, at::native::FillFunctor<int>, std::array<char*, 1ul>)",901,2850333744463828,2850333744664311,0,0,8,0,16,256,1,1,16777216,1,1
"KERNEL_DISPATCH","Agent 4",1,0,5743,902,210,"gemm_kernel_v2",902,2850333744664311,2850333746360811,0,0,52,4,32,512,1,1,1048576,1,1
"KERNEL_DISPATCH","Agent 4",1,0,5743,903,117,"void at::native::vectorized_elementwise_kernel<4, at::native::FillFunctor<int>, std::array<char*, 1ul> >(int, at::native::FillFunctor<int>, std::array<char*, 1ul>)",903,2850333746360811,2850333746561933,0,0,8,0,16,256,1,1,16777216,1,1
"KERNEL_DISPATCH","Agent 4",1,0,5743,904,210,"gemm_kernel_v2",904,2850333746561933,2850333748258433,0,0,52,4,32,512,1,1,1048576,1,1
"KERNEL_DISPATCH","Agent 4",1,0,5743,905,210,"gemm_kernel_v2",905,2850333748426275,2850333750125174,0,0,52,4,32,512,1,1,1048576,1,1
"KERNEL_DISPATCH","Agent 4",1,0,5743,906,210,"gemm_kernel_v2",906,2850333750125174,2850333751824554,0,0,52,4,32,512,1,1,1048576,1,1
"KERNEL_DISPATCH","Agent 4",1,0,5743,907,210,"gemm_kernel_v2",907,2850333751824554,2850333753520574,0,0,52,4,32,512,1,1,1048576,1,1
"KERNEL_DISPATCH","Agent 4",1,0,5743,908,210,"gemm_kernel_v2",908,2850333753520574,2850333755217713,0,0,52,4,32,512,1,1,1048576,1,1
"KERNEL_DISPATCH","Agent 4",1,0,5743,909,210,"gemm_kernel_v2",909,2850333755217713,2850333756916613,0,0,52,4,32,512,1,1,1048576,1,1
"KERNEL_DISPATCH","Agent 4",1,0,5743,910,210,"gemm_kernel_v2",910,2850333756916613,2850333758610713,0,0,52,4,32,512,1,1,1048576,1,1
"KERNEL_DISPATCH","Agent 4",1,0,5743,911,210,"gemm_kernel_v2",911,2850333758610713,2850333760307213,0,0,52,4,32,512,1,1,1048576,1,1
"KERNEL_DISPATCH","Agent 4",1,0,5743,912,210,"gemm_kernel_v2",912,2850333760307213,2850333762006112,0,0,52,4,32,512,1,1,1048576,1,1
"KERNEL_DISPATCH","Agent 4",1,0,5743,913,210,"gemm_kernel_v2",913,2850333762006112,2850333763708692,0,0,52,4,32,512,1,1,1048576,1,1
"KERNEL_DISPATCH","Agent 4",1,0,5743,914,210,"gemm_kernel_v2",914,2850333763708692,2850333765406312,0,0,52,4,32,512,1,1,1048576,1,1
"KERNEL_DISPATCH","Agent 4",1,0,5743,915,210,"gemm_kernel_v2",915,2850333765406312,2850333767101051,0,0,52,4,32,512,1,1,1048576,1,1
"KERNEL_DISPATCH","Agent 4",1,0,5743,916,210,"gemm_kernel_v2",916,2850333767101051,2850333768796111,0,0,52,4,32,512,1,1,1048576,1,1
"KERNEL_DISPATCH","Agent 4",1,0,5743,917,210,"gemm_kernel_v2",917,2850333768796111,2850333770492291,0,0,52,4,32,512,1,1,1048576,1,1
"KERNEL_DISPATCH","Agent 4",1,0,5743,918,117,"void at::native::vectorized_elementwise_kernel<4, at::native::FillFunctor<int>, std::array<char*, 1ul> >(int, at::native::FillFunctor<int>, std::array<char*, 1ul>)",918,2850333770492291,2850333770700773,0,0,8,0,16,256,1,1,16777216,1,1
"KERNEL_DISPATCH","Agent 4",1,0,5743,919,210,"gemm_kernel_v2",919,2850333770711973,2850333772412633,0,0,52,4,32,512,1,1,1048576,1,1
"KERNEL_DISPATCH","Agent 4",1,0,5743,920,117,"void at::native::vectorized_elementwise_kernel<4, at::native::FillFunctor<int>, std::array<char*, 1ul> >(int, at::native::FillFunctor<int>, std::array<char*, 1ul>)",920,2850333772421113,2850333772618716,0,0,8,0,16,256,1,1,16777216,1,1
"KERNEL_DISPATCH","Agent 4",1,0,5743,921,210,"gemm_kernel_v2",921,2850333772628316,2850333774329775,0,0,52,4,32,512,1,1,1048576,1,1
"KERNEL_DISPATCH","Agent 4",1,0,5743,922,117,"void at::native::vectorized_elementwise_kernel<4, at::native::FillFunctor<int>, std::array<char*, 1ul> >(int, at::native::FillFunctor<int>, std::array<char*, 1ul>)",922,2850333774338736,2850333774542098,0,0,8,0,16,256,1,1,16777216,1,1
"KERNEL_DISPATCH","Agent 4",1,0,5743,923,210,"gemm_kernel_v2",923,2850333774551538,2850333776250758,0,0,52,4,32,512,1,1,1048576,1,1
"KERNEL_DISPATCH","Agent 4",1,0,5743,924,117,"void at::native::vectorized_elementwise_kernel<4, at::native::FillFunctor<int>, std::array<char*, 1ul> >(int, at::native::FillFunctor<int>, std::array<char*, 1ul>)",924,2850333776259398,2850333776461000,0,0,8,0,16,256,1,1,16777216,1,1
"KERNEL_DISPATCH","Agent 4",1,0,5743,925,210,"gemm_kernel_v2",925,2850333776470600,2850333778165980,0,0,52,4,32,512,1,1,1048576,1,1
"KERNEL_DISPATCH","Agent 4",1,0,5743,926,117,"void at::native::vectorized_elementwise_kernel<4, at::native::FillFunctor<int>, std::array<char*, 1ul> >(int, at::native::FillFunctor<int>, std::array<char*, 1ul>)",926,2850333778174620,2850333778376382,0,0,8,0,16,256,1,1,16777216,1,1
"KERNEL_DISPATCH","Agent 4",1,0,5743,927,210,"gemm_kernel_v2",927,2850333778385983,2850333780083602,0,0,52,4,32,512,1,1,1048576,1,1
"KERNEL_DISPATCH","Agent 4",1,0,5743,928,117,"void at::native::vectorized_elementwise_kernel<4, at::native::FillFunctor<int>, std::array<char*, 1ul> >(int, at::native::FillFunctor<int>, std::array<char*, 1ul>)",928,2850333780092402,2850333780289845,0,0,8,0,16,256,1,1,16777216,1,1
"KERNEL_DISPATCH","Agent 4",1,0,5743,929,210,"gemm_kernel_v2",929,2850333780299285,2850333781998824,0,0,52,4,32,512,1,1,1048576,1,1
"KERNEL_DISPATCH","Agent 4",1,0,5743,930,117,"void at::native::vectorized_elementwise_kernel<4, at::native::FillFunctor<int>, std::array<char*, 1ul> >(int, at::native::FillFunctor<int>, std::array<char*, 1ul>)",930,2850333782007785,2850333782206187,0,0,8,0,16,256,1,1,16777216,1,1
"KERNEL_DISPATCH","Agent 4",1,0,5743,931,210,"gemm_kernel_v2",931,2850333782215467,2850333783912607,0,0,52,4,32,512,1,1,1048576,1,1
"KERNEL_DISPATCH","Agent 4",1,0,5743,932,117,"void at::native::vectorized_elementwise_kernel<4, at::native::FillFunctor<int>, std::array<char*, 1ul> >(int, at::native::FillFunctor<int>, std::array<char*, 1ul>)",932,2850333783921407,2850333784119649,0,0,8,0,16,256,1,1,16777216,1,1
"KERNEL_DISPATCH","Agent 4",1,0,5743,933,210,"gemm_kernel_v2",933,2850333784129409,2850333785827349,0,0,52,4,32,512,1,1,1048576,1,1
"KERNEL_DISPATCH","Agent 4",1,0,5743,934,117,"void at::native::vectorized_elementwise_kernel<4, at::native::FillFunctor<int>, std::array<char*, 1ul> >(int, at::native::FillFunctor<int>, std::array<char*, 1ul>)",934,2850333785835989,2850333786038711,0,0,8,0,16,256,1,1,16777216,1,1
"KERNEL_DISPATCH","Agent 4",1,0,5743,935,210,"gemm_kernel_v2",935,2850333786048152,2850333787745291,0,0,52,4,32,512,1,1,1048576,1,1
"KERNEL_DISPATCH","Agent 4",1,0,5743,936,117,"void at::native::vectorized_elementwise_kernel<4, at::native::FillFunctor<int>, std::array<char*, 1ul> >(int, at::native::FillFunctor<int>, std::array<char*, 1ul>)",936,2850333787753771,2850333787954734,0,0,8,0,16,256,1,1,16777216,1,1
"KERNEL_DISPATCH","Agent 4",1,0,5743,937,210,"gemm_kernel_v2",937,2850333787964334,2850333789661313,0,0,52,4,32,512,1,1,1048576,1,1
"KERNEL_DISPATCH","Agent 4",1,0,5743,938,117,"void at::native::vectorized_elementwise_kernel<4, at::native::FillFunctor<int>, std::array<char*, 1ul> >(int, at::native::FillFunctor<int>, std::array<char*, 1ul>)",938,2850333789669954,2850333789867396,0,0,8,0,16,256,1,1,16777216,1,1
"KERNEL_DISPATCH","Agent 4",1,0,5743,939,210,"gemm_kernel_v2",939,2850333789877316,2850333791581016,0,0,52,4,32,512,1,1,1048576,1,1
"KERNEL_DISPATCH","Agent 4",1,0,5743,940,117,"void at::native::vectorized_elementwise_kernel<4, at::native::FillFunctor<int>, std::array<char*, 1ul> >(int, at::native::FillFunctor<int>, std::array<char*, 1ul>)",940,2850333791589816,2850333791792058,0,0,8,0,16,256,1,1,16777216,1,1
"KERNEL_DISPATCH","Agent 4",1,0,5743,941,210,"gemm_kernel_v2",941,2850333791801498,2850333793499758,0,0,52,4,32,512,1,1,1048576,1,1
"KERNEL_DISPATCH","Agent 4",1,0,5743,942,117,"void at::native::vectorized_elementwise_kernel<4, at::native::FillFunctor<int>, std::array<char*, 1ul> >(int, at::native::FillFunctor<int>, std::array<char*, 1ul>)",942,2850333793508238,2850333793707440,0,0,8,0,16,256,1,1,16777216,1,1
"KERNEL_DISPATCH","Agent 4",1,0,5743,943,210,"gemm_kernel_v2",943,2850333793717361,2850333795416420,0,0,52,4,32,512,1,1,1048576,1,1
"KERNEL_DISPATCH","Agent 4",1,0,5743,944,117,"void at::native::vectorized_elementwise_kernel<4, at::native::FillFunctor<int>, std::array<char*, 1ul> >(int, at::native::FillFunctor<int>, std::array<char*, 1ul>)",944,2850333795424900,2850333795629383,0,0,8,0,16,256,1,1,16777216,1,1
"KERNEL_DISPATCH","Agent 4",1,0,5743,945,210,"gemm_kernel_v2",945,2850333795638983,2850333797340283,0,0,52,4,32,512,1,1,1048576,1,1
"KERNEL_DISPATCH","Agent 4",1,0,5743,946,117,"void at::native::vectorized_elementwise_kernel<4, at::native::FillFunctor<int>, std::array<char*, 1ul> >(int, at::native::FillFunctor<int>, std::array<char*, 1ul>)",946,2850333797348923,2850333797547645,0,0,8,0,16,256,1,1,16777216,1,1
"KERNEL_DISPATCH","Agent 4",1,0,5743,947,210,"gemm_kernel_v2",947,2850333797557085,2850333799254065,0,0,52,4,32,512,1,1,1048576,1,1
"KERNEL_DISPATCH","Agent 4",1,0,5743,948,117,"void at::native::vectorized_elementwise_kernel<4, at::native::FillFunctor<int>, std::array<char*, 1ul> >(int, at::native::FillFunctor<int>, std::array<char*, 1ul>)",948,2850333799262545,2850333799460947,0,0,8,0,16,256,1,1,16777216,1,1
"KERNEL_DISPATCH","Agent 4",1,0,5743,949,210,"gemm_kernel_v2",949,2850333799470547,2850333801166567,0,0,52,4,32,512,1,1,1048576,1,1
"KERNEL_DISPATCH","Agent 4",1,0,5743,950,117,"void at::native::vectorized_elementwise_kernel<4, at::native::FillFunctor<int>, std::array<char*, 1ul> >(int, at::native::FillFunctor<int>, std::array<char*, 1ul>)",950,2850333801175349,2850333801375351,0,0,8,0,16,256,1,1,16777216,1,1
"KERNEL_DISPATCH","Agent 4",1,0,5743,951,210,"gemm_kernel_v2",951,2850333801384951,2850333803086570,0,0,52,4,32,512,1,1,1048576,1,1
"KERNEL_DISPATCH","Agent 4",1,0,5743,952,117,"void at::native::vectorized_elementwise_kernel<4, at::native::FillFunctor<int>, std::array<char*, 1ul> >(int, at::native::FillFunctor<int>, std::array<char*, 1ul>)",952,2850333803095370,2850333803300493,0,0,8,0,16,256,1,1,16777216,1,1
"KERNEL_DISPATCH","Agent 4",1,0,5743,953,210,"gemm_kernel_v2",953,2850333803309933,2850333805010433,0,0,52,4,32,512,1,1,1048576,1,1
"KERNEL_DISPATCH","Agent 4",1,0,5743,954,117,"void at::native::vectorized_elementwise_kernel<4, at::native::FillFunctor<int>, std::array<char*, 1ul> >(int, at::native::FillFunctor<int>, std::array<char*, 1ul>)",954,2850333805019073,2850333805224835,0,0,8,0,16,256,1,1,16777216,1,1
"KERNEL_DISPATCH","Agent 4",1,0,5743,955,210,"gemm_kernel_v2",955,2850333805234915,2850333806934935,0,0,52,4,32,512,1,1,1048576,1,1
"KERNEL_DISPATCH","Agent 4",1,0,5743,956,117,"void at::native::vectorized_elementwise_kernel<4, at::native::FillFunctor<int>, std::array<char*, 1ul> >(int, at::native::FillFunctor<int>, std::array<char*, 1ul>)",956,2850333806943735,2850333807143577,0,0,8,0,16,256,1,1,16777216,1,1
"KERNEL_DISPATCH","Agent 4",1,0,5743,957,210,"gemm_kernel_v2",957,2850333807152857,2850333808851437,0,0,52,4,32,512,1,1,1048576,1,1
"KERNEL_DISPATCH","Agent 4",1,0,5743,958,117,"void at::native::vectorized_elementwise_kernel<4, at::native::FillFunctor<int>, std::array<char*, 1ul> >(int, at::native::FillFunctor<int>, std::array<char*, 1ul>)",958,2850333808859917,2850333809058800,0,0,8,0,16,256,1,1,16777216,1,1
"KERNEL_DISPATCH","Agent 4",1,0,5743,959,210,"gemm_kernel_v2",959,2850333809068400,2850333810763939,0,0,52,4,32,512,1,1,1048576,1,1
"KERNEL_DISPATCH","Agent 4",1,0,5743,960,117,"void at::native::vectorized_elementwise_kernel<4, at::native::FillFunctor<int>, std::array<char*, 1ul> >(int, at::native::FillFunctor<int>, std::array<char*, 1ul>)",960,2850333810772259,2850333810974342,0,0,8,0,16,256,1,1,16777216,1,1
"KERNEL_DISPATCH","Agent 4",1,0,5743,961,210,"gemm_kernel_v2",961,2850333810983942,2850333812683322,0,0,52,4,32,512,1,1,1048576,1,1
"KERNEL_DISPATCH","Agent 4",1,0,5743,962,117,"void at::native::vectorized_elementwise_kernel<4, at::native::FillFunctor<int>, std::array<char*, 1ul> >(int, at::native::FillFunctor<int>, std::array<char*, 1ul>)",962,2850333812691802,2850333812891164,0,0,8,0,16,256,1,1,16777216,1,1
"KERNEL_DISPATCH","Agent 4",1,0,5743,963,210,"gemm_kernel_v2",963,2850333812900764,2850333814597424,0,0,52,4,32,512,1,1,1048576,1,1
"KERNEL_DISPATCH","Agent 4",1,0,5743,964,117,"void at::native::vectorized_elementwise_kernel<4, at::native::FillFunctor<int>, std::array<char*, 1ul> >(int, at::native::FillFunctor<int>, std::array<char*, 1ul>)",964,2850333814606064,2850333814807346,0,0,8,0,16,256,1,1,16777216,1,1
"KERNEL_DISPATCH","Agent 4",1,0,5743,965,210,"gemm_kernel_v2",965,2850333814816946,2850333816515846,0,0,52,4,32,512,1,1,1048576,1,1
"KERNEL_DISPATCH","Agent 4",1,0,5743,966,117,"void at::native::vectorized_elementwise_kernel<4, at::native::FillFunctor<int>, std::array<char*, 1ul> >(int, at::native::FillFunctor<int>, std::array<char*, 1ul>)",966,2850333816524646,2850333816728169,0,0,8,0,16,256,1,1,16777216,1,1
"KERNEL_DISPATCH","Agent 4",1,0,5743,967,210,"gemm_kernel_v2",967,2850333816737609,2850333818435388,0,0,52,4,32,512,1,1,1048576,1,1
"KERNEL_DISPATCH","Agent 4",1,0,5743,968,117,"void at::native::vectorized_elementwise_kernel<4, at::native::FillFunctor<int>, std::array<char*, 1ul> >(int, at::native::FillFunctor<int>, std::array<char*, 1ul>)",968,2850333818444029,2850333818641791,0,0,8,0,16,256,1,1,16777216,1,1
"KERNEL_DISPATCH","Agent 4",1,0,5743,969,210,"gemm_kernel_v2",969,2850333818651071,2850333820350131,0,0,52,4,32,512,1,1,1048576,1,1
"KERNEL_DISPATCH","Agent 4",1,0,5743,970,117,"void at::native::vectorized_elementwise_kernel<4, at::native::FillFunctor<int>, std::array<char*, 1ul> >(int, at::native::FillFunctor<int>, std::array<char*, 1ul>)",970,2850333820358611,2850333820557973,0,0,8,0,16,256,1,1,16777216,1,1
"KERNEL_DISPATCH","Agent 4",1,0,5743,971,210,"gemm_kernel_v2",971,2850333820567413,2850333822263913,0,0,52,4,32,512,1,1,1048576,1,1
"KERNEL_DISPATCH","Agent 4",1,0,5743,972,117,"void at::native::vectorized_elementwise_kernel<4, at::native::FillFunctor<int>, std::array<char*, 1ul> >(int, at::native::FillFunctor<int>, std::array<char*, 1ul>)",972,2850333822272553,2850333822469035,0,0,8,0,16,256,1,1,16777216,1,1
"KERNEL_DISPATCH","Agent 4",1,0,5743,973,210,"gemm_kernel_v2",973,2850333822478475,2850333824176255,0,0,52,4,32,512,1,1,1048576,1,1
"KERNEL_DISPATCH","Agent 4",1,0,5743,974,117,"void at::native::vectorized_elementwise_kernel<4, at::native::FillFunctor<int>, std::array<char*, 1ul> >(int, at::native::FillFunctor<int>, std::array<char*, 1ul>)",974,2850333824185055,2850333824382337,0,0,8,0,16,256,1,1,16777216,1,1
"KERNEL_DISPATCH","Agent 4",1,0,5743,975,210,"gemm_kernel_v2",975,2850333824391778,2850333826091797,0,0,52,4,32,512,1,1,1048576,1,1
"KERNEL_DISPATCH","Agent 4",1,0,5743,976,117,"void at::native::vectorized_elementwise_kernel<4, at::native::FillFunctor<int>, std::array<char*, 1ul> >(int, at::native::FillFunctor<int>, std::array<char*, 1ul>)",976,2850333826100757,2850333826302360,0,0,8,0,16,256,1,1,16777216,1,1
"KERNEL_DISPATCH","Agent 4",1,0,5743,977,210,"gemm_kernel_v2",977,2850333826311960,2850333828011020,0,0,52,4,32,512,1,1,1048576,1,1
"KERNEL_DISPATCH","Agent 4",1,0,5743,978,117,"void at::native::vectorized_elementwise_kernel<4, at::native::FillFunctor<int>, std::array<char*, 1ul> >(int, at::native::FillFunctor<int>, std::array<char*, 1ul>)",978,2850333828019820,2850333828224782,0,0,8,0,16,256,1,1,16777216,1,1
"KERNEL_DISPATCH","Agent 4",1,0,5743,979,210,"gemm_kernel_v2",979,2850333828234382,2850333829932162,0,0,52,4,32,512,1,1,1048576,1,1
"KERNEL_DISPATCH","Agent 4",1,0,5743,980,117,"void at::native::vectorized_elementwise_kernel<4, at::native::FillFunctor<int>, std::array<char*, 1ul> >(int, at::native::FillFunctor<int>, std::array<char*, 1ul>)",980,2850333829940642,2850333830139044,0,0,8,0,16,256,1,1,16777216,1,1
"KERNEL_DISPATCH","Agent 4",1,0,5743,981,210,"gemm_kernel_v2",981,2850333830148484,2850333831849624,0,0,52,4,32,512,1,1,1048576,1,1
"KERNEL_DISPATCH","Agent 4",1,0,5743,982,117,"void at::native::vectorized_elementwise_kernel<4, at::native::FillFunctor<int>, std::array<char*, 1ul> >(int, at::native::FillFunctor<int>, std::array<char*, 1ul>)",982,2850333831858424,2850333832060667,0,0,8,0,16,256,1,1,16777216,1,1
"KERNEL_DISPATCH","Agent 4",1,0,5743,983,210,"gemm_kernel_v2",983,2850333832070267,2850333833769966,0,0,52,4,32,512,1,1,1048576,1,1
"KERNEL_DISPATCH","Agent 4",1,0,5743,984,117,"void at::native::vectorized_elementwise_kernel<4, at::native::FillFunctor<int>, std::array<char*, 1ul> >(int, at::native::FillFunctor<int>, std::array<char*, 1ul>)",984,2850333833778447,2850333833977649,0,0,8,0,16,256,1,1,16777216,1,1
"KERNEL_DISPATCH","Agent 4",1,0,5743,985,210,"gemm_kernel_v2",985,2850333833987089,2850333835685829,0,0,52,4,32,512,1,1,1048576,1,1
"KERNEL_DISPATCH","Agent 4",1,0,5743,986,117,"void at::native::vectorized_elementwise_kernel<4, at::native::FillFunctor<int>, std::array<char*, 1ul> >(int, at::native::FillFunctor<int>, std::array<char*, 1ul>)",986,2850333835694629,2850333835895111,0,0,8,0,16,256,1,1,16777216,1,1
"KERNEL_DISPATCH","Agent 4",1,0,5743,987,210,"gemm_kernel_v2",987,2850333835904391,2850333837599291,0,0,52,4,32,512,1,1,1048576,1,1
"KERNEL_DISPATCH","Agent 4",1,0,5743,988,117,"void at::native::vectorized_elementwise_kernel<4, at::native::FillFunctor<int>, std::array<char*, 1ul> >(int, at::native::FillFunctor<int>, std::array<char*, 1ul>)",988,2850333837608091,2850333837808253,0,0,8,0,16,256,1,1,16777216,1,1
"KERNEL_DISPATCH","Agent 4",1,0,5743,989,210,"gemm_kernel_v2",989,2850333837817853,2850333839516273,0,0,52,4,32,512,1,1,1048576,1,1
"KERNEL_DISPATCH","Agent 4",1,0,5743,990,117,"void at::native::vectorized_elementwise_kernel<4, at::native::FillFunctor<int>, std::array<char*, 1ul> >(int, at::native::FillFunctor<int>, std::array<char*, 1ul>)",990,2850333839524913,2850333839724276,0,0,8,0,16,256,1,1,16777216,1,1
"KERNEL_DISPATCH","Agent 4",1,0,5743,991,210,"gemm_kernel_v2",991,2850333839733876,2850333841433255,0,0,52,4,32,512,1,1,1048576,1,1
"KERNEL_DISPATCH","Agent 4",1,0,5743,992,117,"void at::native::vectorized_elementwise_kernel<4, at::native::FillFunctor<int>, std::array<char*, 1ul> >(int, at::native::FillFunctor<int>, std::array<char*, 1ul>)",992,2850333841441736,2850333841641418,0,0,8,0,16,256,1,1,16777216,1,1
"KERNEL_DISPATCH","Agent 4",1,0,5743,993,210,"gemm_kernel_v2",993,2850333841650858,2850333843350398,0,0,52,4,32,512,1,1,1048576,1,1
"KERNEL_DISPATCH","Agent 4",1,0,5743,994,117,"void at::native::vectorized_elementwise_kernel<4, at::native::FillFunctor<int>, std::array<char*, 1ul> >(int, at::native::FillFunctor<int>, std::array<char*, 1ul>)",994,2850333843359038,2850333843557280,0,0,8,0,16,256,1,1,16777216,1,1
"KERNEL_DISPATCH","Agent 4",1,0,5743,995,210,"gemm_kernel_v2",995,2850333843567200,2850333845270100,0,0,52,4,32,512,1,1,1048576,1,1
"KERNEL_DISPATCH","Agent 4",1,0,5743,996,117,"void at::native::vectorized_elementwise_kernel<4, at::native::FillFunctor<int>, std::array<char*, 1ul> >(int, at::native::FillFunctor<int>, std::array<char*, 1ul>)",996,2850333845278900,2850333845479062,0,0,8,0,16,256,1,1,16777216,1,1
"KERNEL_DISPATCH","Agent 4",1,0,5743,997,210,"gemm_kernel_v2",997,2850333845488663,2850333847189322,0,0,52,4,32,512,1,1,1048576,1,1
"KERNEL_DISPATCH","Agent 4",1,0,5743,998,117,"void at::native::vectorized_elementwise_kernel<4, at::native::FillFunctor<int>, std::array<char*, 1ul> >(int, at::native::FillFunctor<int>, std::array<char*, 1ul>)",998,2850333847197802,2850333847397485,0,0,8,0,16,256,1,1,16777216,1,1
"KERNEL_DISPATCH","Agent 4",1,0,5743,999,210,"gemm_kernel_v2",999,2850333847406925,2850333849104705,0,0,52,4,32,512,1,1,1048576,1,1
"KERNEL_DISPATCH","Agent 4",1,0,5743,1000,117,"void at::native::vectorized_elementwise_kernel<4, at::native::FillFunctor<int>, std::array<char*, 1ul> >(int, at::native::FillFunctor<int>, std::array<char*, 1ul>)",1000,2850333849113185,2850333849312707,0,0,8,0,16,256,1,1,16777216,1,1
"KERNEL_DISPATCH","Agent 4",1,0,5743,1001,210,"gemm_kernel_v2",1001,2850333849322467,2850333851022807,0,0,52,4,32,512,1,1,1048576,1,1
"KERNEL_DISPATCH","Agent 4",1,0,5743,1002,117,"void at::native::vectorized_elementwise_kernel<4, at::native::FillFunctor<int>, std::array<char*, 1ul> >(int, at::native::FillFunctor<int>, std::array<char*, 1ul>)",1002,2850333851031287,2850333851231609,0,0,8,0,16,256,1,1,16777216,1,1
"KERNEL_DISPATCH","Agent 4",1,0,5743,1003,210,"gemm_kernel_v2",1003,2850333851241049,2850333852940749,0,0,52,4,32,512,1,1,1048576,1,1
"KERNEL_DISPATCH","Agent 4",1,0,5743,1004,117,"void at::native::vectorized_elementwise_kernel<4, at::native::FillFunctor<int>, std::array<char*, 1ul> >(int, at::native::FillFunctor<int>, std::array<char*, 1ul>)",1004,2850333852949709,2850333853150672,0,0,8,0,16,256,1,1,16777216,1,1
"KERNEL_DISPATCH","Agent 4",1,0,5743,1005,210,"gemm_kernel_v2",1005,2850333853160112,2850333854858371,0,0,52,4,32,512,1,1,1048576,1,1
"KERNEL_DISPATCH","Agent 4",1,0,5743,1006,117,"void at::native::vectorized_elementwise_kernel<4, at::native::FillFunctor<int>, std::array<char*, 1ul> >(int, at::native::FillFunctor<int>, std::array<char*, 1ul>)",1006,2850333854867171,2850333855065414,0,0,8,0,16,256,1,1,16777216,1,1
"KERNEL_DISPATCH","Agent 4",1,0,5743,1007,210,"gemm_kernel_v2",1007,2850333855074694,2850333856774234,0,0,52,4,32,512,1,1,1048576,1,1
"KERNEL_DISPATCH","Agent 4",1,0,5743,1008,117,"void at::native::vectorized_elementwise_kernel<4, at::native::FillFunctor<int>, std::array<char*, 1ul> >(int, at::native::FillFunctor<int>, std::array<char*, 1ul>)",1008,2850333856782874,2850333856983996,0,0,8,0,16,256,1,1,16777216,1,1
"KERNEL_DISPATCH","Agent 4",1,0,5743,1009,210,"gemm_kernel_v2",1009,2850333856993596,2850333858695856,0,0,52,4,32,512,1,1,1048576,1,1
"KERNEL_DISPATCH","Agent 4",1,0,5743,1010,117,"void at::native::vectorized_elementwise_kernel<4, at::native::FillFunctor<int>, std::array<char*, 1ul> >(int, at::native::FillFunctor<int>, std::array<char*, 1ul>)",1010,2850333858704656,2850333858905138,0,0,8,0,16,256,1,1,16777216,1,1
"KERNEL_DISPATCH","Agent 4",1,0,5743,1011,210,"gemm_kernel_v2",1011,2850333858914578,2850333860617158,0,0,52,4,32,512,1,1,1048576,1,1
"KERNEL_DISPATCH","Agent 4",1,0,5743,1012,117,"void at::native::vectorized_elementwise_kernel<4, at::native::FillFunctor<int>, std::array<char*, 1ul> >(int, at::native::FillFunctor<int>, std::array<char*, 1ul>)",1012,2850333860625958,2850333860825961,0,0,8,0,16,256,1,1,16777216,1,1
"KERNEL_DISPATCH","Agent 4",1,0,5743,1013,210,"gemm_kernel_v2",1013,2850333860835401,2850333862537021,0,0,52,4,32,512,1,1,1048576,1,1
"KERNEL_DISPATCH","Agent 4",1,0,5743,1014,117,"void at::native::vectorized_elementwise_kernel<4, at::native::FillFunctor<int>, std::array<char*, 1ul> >(int, at::native::FillFunctor<int>, std::array<char*, 1ul>)",1014,2850333862545661,2850333862744703,0,0,8,0,16,256,1,1,16777216,1,1
"KERNEL_DISPATCH","Agent 4",1,0,5743,1015,210,"gemm_kernel_v2",1015,2850333862754156,2850333864450975,0,0,52,4,32,512,1,1,1048576,1,1
"KERNEL_DISPATCH","Agent 4",1,0,5743,1016,117,"void at::native::vectorized_elementwise_kernel<4, at::native::FillFunctor<int>, std::array<char*, 1ul> >(int, at::native::FillFunctor<int>, std::array<char*, 1ul>)",1016,2850333864459615,2850333864664097,0,0,8,0,16,256,1,1,16777216,1,1
"KERNEL_DISPATCH","Agent 4",1,0,5743,1017,210,"gemm_kernel_v2",1017,2850333864673697,2850333866370037,0,0,52,4,32,512,1,1,1048576,1,1
"KERNEL_DISPATCH","Agent 4",1,0,5743,1018,117,"void at::native::vectorized_elementwise_kernel<4, at::native::FillFunctor<int>, std::array<char*, 1ul> >(int, at::native::FillFunctor<int>, std::array<char*, 1ul>)",1018,2850333866378837,2850333866579639,0,0,8,0,16,256,1,1,16777216,1,1
"KERNEL_DISPATCH","Agent 4",1,0,5743,1019,210,"gemm_kernel_v2",1019,2850333866588759,2850333868287019,0,0,52,4,32,512,1,1,1048576,1,1
"KERNEL_DISPATCH","Agent 4",1,0,5743,1020,117,"void at::native::vectorized_elementwise_kernel<4, at::native::FillFunctor<int>, std::array<char*, 1ul> >(int, at::native::FillFunctor<int>, std::array<char*, 1ul>)",1020,2850333868295659,2850333868493101,0,0,8,0,16,256,1,1,16777216,1,1
"KERNEL_DISPATCH","Agent 4",1,0,5743,1021,210,"gemm_kernel_v2",1021,2850333868502862,2850333870206721,0,0,52,4,32,512,1,1,1048576,1,1
"KERNEL_DISPATCH","Agent 4",1,0,5743,1022,211,"gemm_kernel_v2",1022,2850333937688683,2850333939264701,0,0,64,32,48,256,1,1,524288,1,1
"KERNEL_DISPATCH","Agent 4",1,0,5743,1023,117,"void at::native::vectorized_elementwise_kernel<4, at::native::FillFunctor<int>, std::array<char*, 1ul> >(int, at::native::FillFunctor<int>, std::array<char*, 1ul>)",1023,2850333939347901,2850333939549504,0,0,8,0,16,256,1,1,16777216,1,1
"KERNEL_DISPATCH","Agent 4",1,0,5743,1024,211,"gemm_kernel_v2",1024,2850333939549504,2850333941118962,0,0,64,32,48,256,1,1,524288,1,1
"KERNEL_DISPATCH","Agent 4",1,0,5743,1025,117,"void at::native::vectorized_elementwise_kernel<4, at::native::FillFunctor<int>, std::array<char*, 1ul> >(int, at::native::FillFunctor<int>, std::array<char*, 1ul>)",1025,2850333941118962,2850333941323444,0,0,8,0,16,256,1,1,16777216,1,1
"KERNEL_DISPATCH","Agent 4",1,0,5743,1026,211,"gemm_kernel_v2",1026,2850333941323444,2850333942891303,0,0,64,32,48,256,1,1,524288,1,1
"KERNEL_DISPATCH","Agent 4",1,0,5743,1027,117,"void at::native::vectorized_elementwise_kernel<4, at::native::FillFunctor<int>, std::array<char*, 1ul> >(int, at::native::FillFunctor<int>, std::array<char*, 1ul>)",1027,2850333942891303,2850333943092425,0,0,8,0,16,256,1,1,16777216,1,1
"KERNEL_DISPATCH","Agent 4",1,0,5743,1028,211,"gemm_kernel_v2",1028,2850333943092425,2850333944660123,0,0,64,32,48,256,1,1,524288,1,1
"KERNEL_DISPATCH","Agent 4",1,0,5743,1029,117,"void at::native::vectorized_elementwise_kernel<4, at::native::FillFunctor<int>, std::array<char*, 1ul> >(int, at::native::FillFunctor<int>, std::array<char*, 1ul>)",1029,2850333944660123,2850333944865566,0,0,8,0,16,256,1,1,16777216,1,1
"KERNEL_DISPATCH","Agent 4",1,0,5743,1030,211,"gemm_kernel_v2",1030,2850333944865566,2850333946433424,0,0,64,32,48,256,1,1,524288,1,1
"KERNEL_DISPATCH","Agent 4",1,0,5743,1031,117,"void at::native::vectorized_elementwise_kernel<4, at::native::FillFunctor<int>, std::array<char*, 1ul> >(int, at::native::FillFunctor<int>, std::array<char*, 1ul>)",1031,2850333946433424,2850333946636306,0,0,8,0,16,256,1,1,16777216,1,1
"KERNEL_DISPATCH","Agent 4",1,0,5743,1032,211,"gemm_kernel_v2",1032,2850333946636306,2850333948204644,0,0,64,32,48,256,1,1,524288,1,1
"KERNEL_DISPATCH","Agent 4",1,0,5743,1033,211,"gemm_kernel_v2",1033,2850333948392007,2850333949962905,0,0,64,32,48,256,1,1,524288,1,1
"KERNEL_DISPATCH","Agent 4",1,0,5743,1034,211,"gemm_kernel_v2",1034,2850333949962905,2850333951530603,0,0,64,32,48,256,1,1,524288,1,1
"KERNEL_DISPATCH","Agent 4",1,0,5743,1035,211,"gemm_kernel_v2",1035,2850333951530603,2850333953099101,0,0,64,32,48,256,1,1,524288,1,1
"KERNEL_DISPATCH","Agent 4",1,0,5743,1036,211,"gemm_kernel_v2",1036,2850333953099101,2850333954669840,0,0,64,32,48,256,1,1,524288,1,1
"KERNEL_DISPATCH","Agent 4",1,0,5743,1037,211,"gemm_kernel_v2",1037,2850333954669840,2850333956237858,0,0,64,32,48,256,1,1,524288,1,1
"KERNEL_DISPATCH","Agent 4",1,0,5743,1038,211,"gemm_kernel_v2",1038,2850333956237858,2850333957807156,0,0,64,32,48,256,1,1,524288,1,1
"KERNEL_DISPATCH","Agent 4",1,0,5743,1039,211,"gemm_kernel_v2",1039,2850333957807156,2850333959377894,0,0,64,32,48,256,1,1,524288,1,1
"KERNEL_DISPATCH","Agent 4",1,0,5743,1040,211,"gemm_kernel_v2",1040,2850333959377894,2850333960950553,0,0,64,32,48,256,1,1,524288,1,1
"KERNEL_DISPATCH","Agent 4",1,0,5743,1041,211,"gemm_kernel_v2",1041,2850333960950553,2850333962520811,0,0,64,32,48,256,1,1,524288,1,1
"KERNEL_DISPATCH","Agent 4",1,0,5743,1042,211,"gemm_kernel_v2",1042,2850333962520811,2850333964091869,0,0,64,32,48,256,1,1,524288,1,1
"KERNEL_DISPATCH","Agent 4",1,0,5743,1043,211,"gemm_kernel_v2",1043,2850333964091869,2850333965663727,0,0,64,32,48,256,1,1,524288,1,1
"KERNEL_DISPATCH","Agent 4",1,0,5743,1044,211,"gemm_kernel_v2",1044,2850333965663727,2850333967235266,0,0,64,32,48,256,1,1,524288,1,1
"KERNEL_DISPATCH","Agent 4",1,0,5743,1045,211,"gemm_kernel_v2",1045,2850333967235266,2850333968802644,0,0,64,32,48,256,1,1,524288,1,1
"KERNEL_DISPATCH","Agent 4",1,0,5743,1046,211,"gemm_kernel_v2",1046,2850333968802644,2850333970376262,0,0,64,32,48,256,1,1,524288,1,1
"KERNEL_DISPATCH","Agent 4",1,0,5743,1047,117,"void at::native::vectorized_elementwise_kernel<4, at::native::FillFunctor<int>, std::array<char*, 1ul> >(int, at::native::FillFunctor<int>, std::array<char*, 1ul>)",1047,2850333970376262,2850333970578664,0,0,8,0,16,256,1,1,16777216,1,1
"KERNEL_DISPATCH","Agent 4",1,0,5743,1048,211,"gemm_kernel_v2",1048,2850333970590185,2850333972163963,0,0,64,32,48,256,1,1,524288,1,1
"KERNEL_DISPATCH","Agent 4",1,0,5743,1049,117,"void at::native::vectorized_elementwise_kernel<4, at::native::FillFunctor<int>, std::array<char*, 1ul> >(int, at::native::FillFunctor<int>, std::array<char*, 1ul>)",1049,2850333972172443,2850333972376125,0,0,8,0,16,256,1,1,16777216,1,1
"KERNEL_DISPATCH","Agent 4",1,0,5743,1050,211,"gemm_kernel_v2",1050,2850333972385725,2850333973955984,0,0,64,32,48,256,1,1,524288,1,1
"KERNEL_DISPATCH","Agent 4",1,0,5743,1051,117,"void at::native::vectorized_elementwise_kernel<4, at::native::FillFunctor<int>, std::array<char*, 1ul> >(int, at::native::FillFunctor<int>, std::array<char*, 1ul>)",1051,2850333973964464,2850333974165906,0,0,8,0,16,256,1,1,16777216,1,1
"KERNEL_DISPATCH","Agent 4",1,0,5743,1052,211,"gemm_kernel_v2",1052,2850333974175506,2850333975747045,0,0,64,32,48,256,1,1,524288,1,1
"KERNEL_DISPATCH","Agent 4",1,0,5743,1053,117,"void at::native::vectorized_elementwise_kernel<4, at::native::FillFunctor<int>, std::array<char*, 1ul> >(int, at::native::FillFunctor<int>, std::array<char*, 1ul>)",1053,2850333975755525,2850333975957447,0,0,8,0,16,256,1,1,16777216,1,1
"KERNEL_DISPATCH","Agent 4",1,0,5743,1054,211,"gemm_kernel_v2",1054,2850333975967207,2850333977542585,0,0,64,32,48,256,1,1,524288,1,1
"KERNEL_DISPATCH","Agent 4",1,0,5743,1055,117,"void at::native::vectorized_elementwise_kernel<4, at::native::FillFunctor<int>, std::array<char*, 1ul> >(int, at::native::FillFunctor<int>, std::array<char*, 1ul>)",1055,2850333977551226,2850333977754908,0,0,8,0,16,256,1,1,16777216,1,1
"KERNEL_DISPATCH","Agent 4",1,0,5743,1056,211,"gemm_kernel_v2",1056,2850333977764348,2850333979340526,0,0,64,32,48,256,1,1,524288,1,1
"KERNEL_DISPATCH","Agent 4",1,0,5743,1057,117,"void at::native::vectorized_elementwise_kernel<4, at::native::FillFunctor<int>, std::array<char*, 1ul> >(int, at::native::FillFunctor<int>, std::array<char*, 1ul>)",1057,2850333979349006,2850333979551729,0,0,8,0,16,256,1,1,16777216,1,1
"KERNEL_DISPATCH","Agent 4",1,0,5743,1058,211,"gemm_kernel_v2",1058,2850333979561009,2850333981135747,0,0,64,32,48,256,1,1,524288,1,1
"KERNEL_DISPATCH","Agent 4",1,0,5743,1059,117,"void at::native::vectorized_elementwise_kernel<4, at::native::FillFunctor<int>, std::array<char*, 1ul> >(int, at::native::FillFunctor<int>, std::array<char*, 1ul>)",1059,2850333981144867,2850333981343750,0,0,8,0,16,256,1,1,16777216,1,1
"KERNEL_DISPATCH","Agent 4",1,0,5743,1060,211,"gemm_kernel_v2",1060,2850333981353350,2850333982927608,0,0,64,32,48,256,1,1,524288,1,1
"KERNEL_DISPATCH","Agent 4",1,0,5743,1061,117,"void at::native::vectorized_elementwise_kernel<4, at::native::FillFunctor<int>, std::array<char*, 1ul> >(int, at::native::FillFunctor<int>, std::array<char*, 1ul>)",1061,2850333982936248,2850333983139290,0,0,8,0,16,256,1,1,16777216,1,1
"KERNEL_DISPATCH","Agent 4",1,0,5743,1062,211,"gemm_kernel_v2",1062,2850333983149211,2850333984722189,0,0,64,32,48,256,1,1,524288,1,1
"KERNEL_DISPATCH","Agent 4",1,0,5743,1063,117,"void at::native::vectorized_elementwise_kernel<4, at::native::FillFunctor<int>, std::array<char*, 1ul> >(int, at::native::FillFunctor<int>, std::array<char*, 1ul>)",1063,2850333984730989,2850333984934191,0,0,8,0,16,256,1,1,16777216,1,1
"KERNEL_DISPATCH","Agent 4",1,0,5743,1064,211,"gemm_kernel_v2",1064,2850333984943631,2850333986515970,0,0,64,32,48,256,1,1,524288,1,1
"KERNEL_DISPATCH","Agent 4",1,0,5743,1065,117,"void at::native::vectorized_elementwise_kernel<4, at::native::FillFunctor<int>, std::array<char*, 1ul> >(int, at::native::FillFunctor<int>, std::array<char*, 1ul>)",1065,2850333986524290,2850333986725412,0,0,8,0,16,256,1,1,16777216,1,1
"KERNEL_DISPATCH","Agent 4",1,0,5743,1066,211,"gemm_kernel_v2",1066,2850333986735172,2850333988307831,0,0,64,32,48,256,1,1,524288,1,1
"KERNEL_DISPATCH","Agent 4",1,0,5743,1067,117,"void at::native::vectorized_elementwise_kernel<4, at::native::FillFunctor<int>, std::array<char*, 1ul> >(int, at::native::FillFunctor<int>, std::array<char*, 1ul>)",1067,2850333988316311,2850333988515673,0,0,8,0,16,256,1,1,16777216,1,1
"KERNEL_DISPATCH","Agent 4",1,0,5743,1068,211,"gemm_kernel_v2",1068,2850333988525113,2850333990098091,0,0,64,32,48,256,1,1,524288,1,1
"KERNEL_DISPATCH","Agent 4",1,0,5743,1069,117,"void at::native::vectorized_elementwise_kernel<4, at::native::FillFunctor<int>, std::array<char*, 1ul> >(int, at::native::FillFunctor<int>, std::array<char*, 1ul>)",1069,2850333990106731,2850333990307854,0,0,8,0,16,256,1,1,16777216,1,1
"KERNEL_DISPATCH","Agent 4",1,0,5743,1070,211,"gemm_kernel_v2",1070,2850333990317614,2850333991888672,0,0,64,32,48,256,1,1,524288,1,1
"KERNEL_DISPATCH","Agent 4",1,0,5743,1071,117,"void at::native::vectorized_elementwise_kernel<4, at::native::FillFunctor<int>, std::array<char*, 1ul> >(int, at::native::FillFunctor<int>, std::array<char*, 1ul>)",1071,2850333991897632,2850333992101635,0,0,8,0,16,256,1,1,16777216,1,1
"KERNEL_DISPATCH","Agent 4",1,0,5743,1072,211,"gemm_kernel_v2",1072,2850333992111395,2850333993687253,0,0,64,32,48,256,1,1,524288,1,1
"KERNEL_DISPATCH","Agent 4",1,0,5743,1073,117,"void at::native::vectorized_elementwise_kernel<4, at::native::FillFunctor<int>, std::array<char*, 1ul> >(int, at::native::FillFunctor<int>, std::array<char*, 1ul>)",1073,2850333993695733,2850333993897656,0,0,8,0,16,256,1,1,16777216,1,1
"KERNEL_DISPATCH","Agent 4",1,0,5743,1074,211,"gemm_kernel_v2",1074,2850333993907096,2850333995482634,0,0,64,32,48,256,1,1,524288,1,1
"KERNEL_DISPATCH","Agent 4",1,0,5743,1075,117,"void at::native::vectorized_elementwise_kernel<4, at::native::FillFunctor<int>, std::array<char*, 1ul> >(int, at::native::FillFunctor<int>, std::array<char*, 1ul>)",1075,2850333995491434,2850333995691276,0,0,8,0,16,256,1,1,16777216,1,1
"KERNEL_DISPATCH","Agent 4",1,0,5743,1076,211,"gemm_kernel_v2",1076,2850333995700877,2850333997278015,0,0,64,32,48,256,1,1,524288,1,1
"KERNEL_DISPATCH","Agent 4",1,0,5743,1077,117,"void at::native::vectorized_elementwise_kernel<4, at::native::FillFunctor<int>, std::array<char*, 1ul> >(int, at::native::FillFunctor<int>, std::array<char*, 1ul>)",1077,2850333997286495,2850333997489217,0,0,8,0,16,256,1,1,16777216,1,1
"KERNEL_DISPATCH","Agent 4",1,0,5743,1078,211,"gemm_kernel_v2",1078,2850333997498817,2850333999074676,0,0,64,32,48,256,1,1,524288,1,1
"KERNEL_DISPATCH","Agent 4",1,0,5743,1079,117,"void at::native::vectorized_elementwise_kernel<4, at::native::FillFunctor<int>, std::array<char*, 1ul> >(int, at::native::FillFunctor<int>, std::array<char*, 1ul>)",1079,2850333999083316,2850333999285078,0,0,8,0,16,256,1,1,16777216,1,1
"KERNEL_DISPATCH","Agent 4",1,0,5743,1080,211,"gemm_kernel_v2",1080,2850333999294518,2850334000869257,0,0,64,32,48,256,1,1,524288,1,1
"KERNEL_DISPATCH","Agent 4",1,0,5743,1081,117,"void at::native::vectorized_elementwise_kernel<4, at::native::FillFunctor<int>, std::array<char*, 1ul> >(int, at::native::FillFunctor<int>, std::array<char*, 1ul>)",1081,2850334000877897,2850334001075659,0,0,8,0,16,256,1,1,16777216,1,1
"KERNEL_DISPATCH","Agent 4",1,0,5743,1082,211,"gemm_kernel_v2",1082,2850334001085454,2850334002658752,0,0,64,32,48,256,1,1,524288,1,1
"KERNEL_DISPATCH","Agent 4",1,0,5743,1083,117,"void at::native::vectorized_elementwise_kernel<4, at::native::FillFunctor<int>, std::array<char*, 1ul> >(int, at::native::FillFunctor<int>, std::array<char*, 1ul>)",1083,2850334002667552,2850334002868034,0,0,8,0,16,256,1,1,16777216,1,1
"KERNEL_DISPATCH","Agent 4",1,0,5743,1084,211,"gemm_kernel_v2",1084,2850334002877794,2850334004452692,0,0,64,32,48,256,1,1,524288,1,1
"KERNEL_DISPATCH","Agent 4",1,0,5743,1085,117,"void at::native::vectorized_elementwise_kernel<4, at::native::FillFunctor<int>, std::array<char*, 1ul> >(int, at::native::FillFunctor<int>, std::array<char*, 1ul>)",1085,2850334004461492,2850334004662775,0,0,8,0,16,256,1,1,16777216,1,1
"KERNEL_DISPATCH","Agent 4",1,0,5743,1086,211,"gemm_kernel_v2",1086,2850334004672375,2850334006248393,0,0,64,32,48,256,1,1,524288,1,1
"KERNEL_DISPATCH","Agent 4",1,0,5743,1087,117,"void at::native::vectorized_elementwise_kernel<4, at::native::FillFunctor<int>, std::array<char*, 1ul> >(int, at::native::FillFunctor<int>, std::array<char*, 1ul>)",1087,2850334006256873,2850334006456236,0,0,8,0,16,256,1,1,16777216,1,1
"KERNEL_DISPATCH","Agent 4",1,0,5743,1088,211,"gemm_kernel_v2",1088,2850334006465996,2850334008041054,0,0,64,32,48,256,1,1,524288,1,1
"KERNEL_DISPATCH","Agent 4",1,0,5743,1089,117,"void at::native::vectorized_elementwise_kernel<4, at::native::FillFunctor<int>, std::array<char*, 1ul> >(int, at::native::FillFunctor<int>, std::array<char*, 1ul>)",1089,2850334008049694,2850334008250496,0,0,8,0,16,256,1,1,16777216,1,1
"KERNEL_DISPATCH","Agent 4",1,0,5743,1090,211,"gemm_kernel_v2",1090,2850334008260097,2850334009833395,0,0,64,32,48,256,1,1,524288,1,1
"KERNEL_DISPATCH","Agent 4",1,0,5743,1091,117,"void at::native::vectorized_elementwise_kernel<4, at::native::FillFunctor<int>, std::array<char*, 1ul> >(int, at::native::FillFunctor<int>, std::array<char*, 1ul>)",1091,2850334009841715,2850334010044277,0,0,8,0,16,256,1,1,16777216,1,1
"KERNEL_DISPATCH","Agent 4",1,0,5743,1092,211,"gemm_kernel_v2",1092,2850334010053557,2850334011630216,0,0,64,32,48,256,1,1,524288,1,1
"KERNEL_DISPATCH","Agent 4",1,0,5743,1093,117,"void at::native::vectorized_elementwise_kernel<4, at::native::FillFunctor<int>, std::array<char*, 1ul> >(int, at::native::FillFunctor<int>, std::array<char*, 1ul>)",1093,2850334011639016,2850334011840618,0,0,8,0,16,256,1,1,16777216,1,1
"KERNEL_DISPATCH","Agent 4",1,0,5743,1094,211,"gemm_kernel_v2",1094,2850334011850378,2850334013425917,0,0,64,32,48,256,1,1,524288,1,1
"KERNEL_DISPATCH","Agent 4",1,0,5743,1095,117,"void at::native::vectorized_elementwise_kernel<4, at::native::FillFunctor<int>, std::array<char*, 1ul> >(int, at::native::FillFunctor<int>, std::array<char*, 1ul>)",1095,2850334013434397,2850334013637119,0,0,8,0,16,256,1,1,16777216,1,1
"KERNEL_DISPATCH","Agent 4",1,0,5743,1096,211,"gemm_kernel_v2",1096,2850334013646719,2850334015220498,0,0,64,32,48,256,1,1,524288,1,1
"KERNEL_DISPATCH","Agent 4",1,0,5743,1097,117,"void at::native::vectorized_elementwise_kernel<4, at::native::FillFunctor<int>, std::array<char*, 1ul> >(int, at::native::FillFunctor<int>, std::array<char*, 1ul>)",1097,2850334015228978,2850334015427060,0,0,8,0,16,256,1,1,16777216,1,1
"KERNEL_DISPATCH","Agent 4",1,0,5743,1098,211,"gemm_kernel_v2",1098,2850334015436660,2850334017008358,0,0,64,32,48,256,1,1,524288,1,1
"KERNEL_DISPATCH","Agent 4",1,0,5743,1099,117,"void at::native::vectorized_elementwise_kernel<4, at::native::FillFunctor<int>, std::array<char*, 1ul> >(int, at::native::FillFunctor<int>, std::array<char*, 1ul>)",1099,2850334017016998,2850334017222121,0,0,8,0,16,256,1,1,16777216,1,1
"KERNEL_DISPATCH","Agent 4",1,0,5743,1100,211,"gemm_kernel_v2",1100,2850334017231881,2850334018811259,0,0,64,32,48,256,1,1,524288,1,1
"KERNEL_DISPATCH","Agent 4",1,0,5743,1101,117,"void at::native::vectorized_elementwise_kernel<4, at::native::FillFunctor<int>, std::array<char*, 1ul> >(int, at::native::FillFunctor<int>, std::array<char*, 1ul>)",1101,2850334018819739,2850334019023742,0,0,8,0,16,256,1,1,16777216,1,1
"KERNEL_DISPATCH","Agent 4",1,0,5743,1102,211,"gemm_kernel_v2",1102,2850334019033182,2850334020608080,0,0,64,32,48,256,1,1,524288,1,1
"KERNEL_DISPATCH","Agent 4",1,0,5743,1103,117,"void at::native::vectorized_elementwise_kernel<4, at::native::FillFunctor<int>, std::array<char*, 1ul> >(int, at::native::FillFunctor<int>, std::array<char*, 1ul>)",1103,2850334020616720,2850334020815923,0,0,8,0,16,256,1,1,16777216,1,1
"KERNEL_DISPATCH","Agent 4",1,0,5743,1104,211,"gemm_kernel_v2",1104,2850334020825363,2850334022400901,0,0,64,32,48,256,1,1,524288,1,1
"KERNEL_DISPATCH","Agent 4",1,0,5743,1105,117,"void at::native::vectorized_elementwise_kernel<4, at::native::FillFunctor<int>, std::array<char*, 1ul> >(int, at::native::FillFunctor<int>, std::array<char*, 1ul>)",1105,2850334022409541,2850334022611304,0,0,8,0,16,256,1,1,16777216,1,1
"KERNEL_DISPATCH","Agent 4",1,0,5743,1106,211,"gemm_kernel_v2",1106,2850334022620904,2850334024192762,0,0,64,32,48,256,1,1,524288,1,1
"KERNEL_DISPATCH","Agent 4",1,0,5743,1107,117,"void at::native::vectorized_elementwise_kernel<4, at::native::FillFunctor<int>, std::array<char*, 1ul> >(int, at::native::FillFunctor<int>, std::array<char*, 1ul>)",1107,2850334024201402,2850334024401724,0,0,8,0,16,256,1,1,16777216,1,1
"KERNEL_DISPATCH","Agent 4",1,0,5743,1108,211,"gemm_kernel_v2",1108,2850334024411644,2850334025981263,0,0,64,32,48,256,1,1,524288,1,1
"KERNEL_DISPATCH","Agent 4",1,0,5743,1109,117,"void at::native::vectorized_elementwise_kernel<4, at::native::FillFunctor<int>, std::array<char*, 1ul> >(int, at::native::FillFunctor<int>, std::array<char*, 1ul>)",1109,2850334025989743,2850334026191025,0,0,8,0,16,256,1,1,16777216,1,1
"KERNEL_DISPATCH","Agent 4",1,0,5743,1110,211,"gemm_kernel_v2",1110,2850334026200785,2850334027772644,0,0,64,32,48,256,1,1,524288,1,1
"KERNEL_DISPATCH","Agent 4",1,0,5743,1111,117,"void at::native::vectorized_elementwise_kernel<4, at::native::FillFunctor<int>, std::array<char*, 1ul> >(int, at::native::FillFunctor<int>, std::array<char*, 1ul>)",1111,2850334027781444,2850334027983686,0,0,8,0,16,256,1,1,16777216,1,1
"KERNEL_DISPATCH","Agent 4",1,0,5743,1112,211,"gemm_kernel_v2",1112,2850334027993126,2850334029569784,0,0,64,32,48,256,1,1,524288,1,1
"KERNEL_DISPATCH","Agent 4",1,0,5743,1113,117,"void at::native::vectorized_elementwise_kernel<4, at::native::FillFunctor<int>, std::array<char*, 1ul> >(int, at::native::FillFunctor<int>, std::array<char*, 1ul>)",1113,2850334029578265,2850334029779867,0,0,8,0,16,256,1,1,16777216,1,1
"KERNEL_DISPATCH","Agent 4",1,0,5743,1114,211,"gemm_kernel_v2",1114,2850334029789307,2850334031363725,0,0,64,32,48,256,1,1,524288,1,1
"KERNEL_DISPATCH","Agent 4",1,0,5743,1115,117,"void at::native::vectorized_elementwise_kernel<4, at::native::FillFunctor<int>, std::array<char*, 1ul> >(int, at::native::FillFunctor<int>, std::array<char*, 1ul>)",1115,2850334031372525,2850334031574608,0,0,8,0,16,256,1,1,16777216,1,1
"KERNEL_DISPATCH","Agent 4",1,0,5743,1116,211,"gemm_kernel_v2",1116,2850334031584368,2850334033160066,0,0,64,32,48,256,1,1,524288,1,1
"KERNEL_DISPATCH","Agent 4",1,0,5743,1117,117,"void at::native::vectorized_elementwise_kernel<4, at::native::FillFunctor<int>, std::array<char*, 1ul> >(int, at::native::FillFunctor<int>, std::array<char*, 1ul>)",1117,2850334033168546,2850334033369989,0,0,8,0,16,256,1,1,16777216,1,1
"KERNEL_DISPATCH","Agent 4",1,0,5743,1118,211,"gemm_kernel_v2",1118,2850334033379589,2850334034950647,0,0,64,32,48,256,1,1,524288,1,1
"KERNEL_DISPATCH","Agent 4",1,0,5743,1119,117,"void at::native::vectorized_elementwise_kernel<4, at::native::FillFunctor<int>, std::array<char*, 1ul> >(int, at::native::FillFunctor<int>, std::array<char*, 1ul>)",1119,2850334034959287,2850334035162009,0,0,8,0,16,256,1,1,16777216,1,1
"KERNEL_DISPATCH","Agent 4",1,0,5743,1120,211,"gemm_kernel_v2",1120,2850334035171930,2850334036747308,0,0,64,32,48,256,1,1,524288,1,1
"KERNEL_DISPATCH","Agent 4",1,0,5743,1121,117,"void at::native::vectorized_elementwise_kernel<4, at::native::FillFunctor<int>, std::array<char*, 1ul> >(int, at::native::FillFunctor<int>, std::array<char*, 1ul>)",1121,2850334036755948,2850334036956110,0,0,8,0,16,256,1,1,16777216,1,1
"KERNEL_DISPATCH","Agent 4",1,0,5743,1122,211,"gemm_kernel_v2",1122,2850334036966030,2850334038538209,0,0,64,32,48,256,1,1,524288,1,1
"KERNEL_DISPATCH","Agent 4",1,0,5743,1123,117,"void at::native::vectorized_elementwise_kernel<4, at::native::FillFunctor<int>, std::array<char*, 1ul> >(int, at::native::FillFunctor<int>, std::array<char*, 1ul>)",1123,2850334038546849,2850334038748931,0,0,8,0,16,256,1,1,16777216,1,1
"KERNEL_DISPATCH","Agent 4",1,0,5743,1124,211,"gemm_kernel_v2",1124,2850334038758851,2850334040334070,0,0,64,32,48,256,1,1,524288,1,1
"KERNEL_DISPATCH","Agent 4",1,0,5743,1125,117,"void at::native::vectorized_elementwise_kernel<4, at::native::FillFunctor<int>, std::array<char*, 1ul> >(int, at::native::FillFunctor<int>, std::array<char*, 1ul>)",1125,2850334040342550,2850334040545112,0,0,8,0,16,256,1,1,16777216,1,1
"KERNEL_DISPATCH","Agent 4",1,0,5743,1126,211,"gemm_kernel_v2",1126,2850334040554872,2850334042128811,0,0,64,32,48,256,1,1,524288,1,1
"KERNEL_DISPATCH","Agent 4",1,0,5743,1127,117,"void at::native::vectorized_elementwise_kernel<4, at::native::FillFunctor<int>, std::array<char*, 1ul> >(int, at::native::FillFunctor<int>, std::array<char*, 1ul>)",1127,2850334042137771,2850334042337613,0,0,8,0,16,256,1,1,16777216,1,1
"KERNEL_DISPATCH","Agent 4",1,0,5743,1128,211,"gemm_kernel_v2",1128,2850334042347373,2850334043922751,0,0,64,32,48,256,1,1,524288,1,1
"KERNEL_DISPATCH","Agent 4",1,0,5743,1129,117,"void at::native::vectorized_elementwise_kernel<4, at::native::FillFunctor<int>, std::array<char*, 1ul> >(int, at::native::FillFunctor<int>, std::array<char*, 1ul>)",1129,2850334043931552,2850334044134434,0,0,8,0,16,256,1,1,16777216,1,1
"KERNEL_DISPATCH","Agent 4",1,0,5743,1130,211,"gemm_kernel_v2",1130,2850334044144194,2850334045717652,0,0,64,32,48,256,1,1,524288,1,1
"KERNEL_DISPATCH","Agent 4",1,0,5743,1131,117,"void at::native::vectorized_elementwise_kernel<4, at::native::FillFunctor<int>, std::array<char*, 1ul> >(int, at::native::FillFunctor<int>, std::array<char*, 1ul>)",1131,2850334045726132,2850334045926295,0,0,8,0,16,256,1,1,16777216,1,1
"KERNEL_DISPATCH","Agent 4",1,0,5743,1132,211,"gemm_kernel_v2",1132,2850334045936055,2850334047512713,0,0,64,32,48,256,1,1,524288,1,1
"KERNEL_DISPATCH","Agent 4",1,0,5743,1133,117,"void at::native::vectorized_elementwise_kernel<4, at::native::FillFunctor<int>, std::array<char*, 1ul> >(int, at::native::FillFunctor<int>, std::array<char*, 1ul>)",1133,2850334047521513,2850334047722156,0,0,8,0,16,256,1,1,16777216,1,1
"KERNEL_DISPATCH","Agent 4",1,0,5743,1134,211,"gemm_kernel_v2",1134,2850334047732076,2850334049306174,0,0,64,32,48,256,1,1,524288,1,1
"KERNEL_DISPATCH","Agent 4",1,0,5743,1135,117,"void at::native::vectorized_elementwise_kernel<4, at::native::FillFunctor<int>, std::array<char*, 1ul> >(int, at::native::FillFunctor<int>, std::array<char*, 1ul>)",1135,2850334049314974,2850334049515136,0,0,8,0,16,256,1,1,16777216,1,1
"KERNEL_DISPATCH","Agent 4",1,0,5743,1136,211,"gemm_kernel_v2",1136,2850334049524737,2850334051098995,0,0,64,32,48,256,1,1,524288,1,1
"KERNEL_DISPATCH","Agent 4",1,0,5743,1137,117,"void at::native::vectorized_elementwise_kernel<4, at::native::FillFunctor<int>, std::array<char*, 1ul> >(int, at::native::FillFunctor<int>, std::array<char*, 1ul>)",1137,2850334051107795,2850334051310037,0,0,8,0,16,256,1,1,16777216,1,1
"KERNEL_DISPATCH","Agent 4",1,0,5743,1138,211,"gemm_kernel_v2",1138,2850334051319477,2850334052893416,0,0,64,32,48,256,1,1,524288,1,1
"KERNEL_DISPATCH","Agent 4",1,0,5743,1139,117,"void at::native::vectorized_elementwise_kernel<4, at::native::FillFunctor<int>, std::array<char*, 1ul> >(int, at::native::FillFunctor<int>, std::array<char*, 1ul>)",1139,2850334052902056,2850334053101258,0,0,8,0,16,256,1,1,16777216,1,1
"KERNEL_DISPATCH","Agent 4",1,0,5743,1140,211,"gemm_kernel_v2",1140,2850334053110858,2850334054686877,0,0,64,32,48,256,1,1,524288,1,1
"KERNEL_DISPATCH","Agent 4",1,0,5743,1141,117,"void at::native::vectorized_elementwise_kernel<4, at::native::FillFunctor<int>, std::array<char*, 1ul> >(int, at::native::FillFunctor<int>, std::array<char*, 1ul>)",1141,2850334054695517,2850334054894879,0,0,8,0,16,256,1,1,16777216,1,1
"KERNEL_DISPATCH","Agent 4",1,0,5743,1142,211,"gemm_kernel_v2",1142,2850334054904639,2850334056480977,0,0,64,32,48,256,1,1,524288,1,1
"KERNEL_DISPATCH","Agent 4",1,0,5743,1143,117,"void at::native::vectorized_elementwise_kernel<4, at::native::FillFunctor<int>, std::array<char*, 1ul> >(int, at::native::FillFunctor<int>, std::array<char*, 1ul>)",1143,2850334056489458,2850334056691860,0,0,8,0,16,256,1,1,16777216,1,1
"KERNEL_DISPATCH","Agent 4",1,0,5743,1144,211,"gemm_kernel_v2",1144,2850334056701620,2850334058276198,0,0,64,32,48,256,1,1,524288,1,1
"KERNEL_DISPATCH","Agent 4",1,0,5743,1145,117,"void at::native::vectorized_elementwise_kernel<4, at::native::FillFunctor<int>, std::array<char*, 1ul> >(int, at::native::FillFunctor<int>, std::array<char*, 1ul>)",1145,2850334058284838,2850334058484681,0,0,8,0,16,256,1,1,16777216,1,1
"KERNEL_DISPATCH","Agent 4",1,0,5743,1146,211,"gemm_kernel_v2",1146,2850334058494601,2850334060066139,0,0,64,32,48,256,1,1,524288,1,1
"KERNEL_DISPATCH","Agent 4",1,0,5743,1147,117,"void at::native::vectorized_elementwise_kernel<4, at::native::FillFunctor<int>, std::array<char*, 1ul> >(int, at::native::FillFunctor<int>, std::array<char*, 1ul>)",1147,2850334060074779,2850334060281982,0,0,8,0,16,256,1,1,16777216,1,1
"KERNEL_DISPATCH","Agent 4",1,0,5743,1148,211,"gemm_kernel_v2",1148,2850334060291582,2850334061865040,0,0,64,32,48,256,1,1,524288,1,1
"KERNEL_DISPATCH","Agent 4",1,0,5743,1149,117,"void at::native::vectorized_elementwise_kernel<4, at::native::FillFunctor<int>, std::array<char*, 1ul> >(int, at::native::FillFunctor<int>, std::array<char*, 1ul>)",1149,2850334061873520,2850334062073523,0,0,8,0,16,256,1,1,16777216,1,1
"KERNEL_DISPATCH","Agent 4",1,0,5743,1150,211,"gemm_kernel_v2",1150,2850334062083283,2850334063658181,0,0,64,32,48,256,1,1,524288,1,1
"KERNEL_DISPATCH","Agent 4",1,0,5743,1151,117,"void at::native::vectorized_elementwise_kernel<4, at::native::FillFunctor<int>, std::array<char*, 1ul> >(int, at::native::FillFunctor<int>, std::array<char*, 1ul>)",1151,2850334063666501,2850334063869703,0,0,8,0,16,256,1,1,16777216,1,1
"KERNEL_DISPATCH","Agent 4",1,0,5743,1152,211,"gemm_kernel_v2",1152,2850334063879702,2850334065456200,0,0,64,32,48,256,1,1,524288,1,1
"KERNEL_DISPATCH","Agent 4",1,0,5743,1153,117,"void at::native::vectorized_elementwise_kernel<4, at::native::FillFunctor<int>, std::array<char*, 1ul> >(int, at::native::FillFunctor<int>, std::array<char*, 1ul>)",1153,2850334065464680,2850334065669162,0,0,8,0,16,256,1,1,16777216,1,1
"KERNEL_DISPATCH","Agent 4",1,0,5743,1154,211,"gemm_kernel_v2",1154,2850334065678922,2850334067254300,0,0,64,32,48,256,1,1,524288,1,1
"KERNEL_DISPATCH","Agent 4",1,0,5743,1155,117,"void at::native::vectorized_elementwise_kernel<4, at::native::FillFunctor<int>, std::array<char*, 1ul> >(int, at::native::FillFunctor<int>, std::array<char*, 1ul>)",1155,2850334067262780,2850334067466143,0,0,8,0,16,256,1,1,16777216,1,1
"KERNEL_DISPATCH","Agent 4",1,0,5743,1156,211,"gemm_kernel_v2",1156,2850334067475903,2850334069047121,0,0,64,32,48,256,1,1,524288,1,1
"KERNEL_DISPATCH","Agent 4",1,0,5743,1157,117,"void at::native::vectorized_elementwise_kernel<4, at::native::FillFunctor<int>, std::array<char*, 1ul> >(int, at::native::FillFunctor<int>, std::array<char*, 1ul>)",1157,2850334069055601,2850334069254164,0,0,8,0,16,256,1,1,16777216,1,1
"KERNEL_DISPATCH","Agent 4",1,0,5743,1158,211,"gemm_kernel_v2",1158,2850334069263604,2850334070837382,0,0,64,32,48,256,1,1,524288,1,1
"KERNEL_DISPATCH","Agent 4",1,0,5743,1159,212,"gemm_kernel_v2",1159,2850334167279275,2850334168967614,0,0,64,0,48,512,1,1,1048576,1,1
"KERNEL_DISPATCH","Agent 4",1,0,5743,1160,117,"void at::native::vectorized_elementwise_kernel<4, at::native::FillFunctor<int>, std::array<char*, 1ul> >(int, at::native::FillFunctor<int>, std::array<char*, 1ul>)",1160,2850334169046814,2850334169247457,0,0,8,0,16,256,1,1,16777216,1,1
"KERNEL_DISPATCH","Agent 4",1,0,5743,1161,212,"gemm_kernel_v2",1161,2850334169247457,2850334170933396,0,0,64,0,48,512,1,1,1048576,1,1
"KERNEL_DISPATCH","Agent 4",1,0,5743,1162,117,"void at::native::vectorized_elementwise_kernel<4, at::native::FillFunctor<int>, std::array<char*, 1ul> >(int, at::native::FillFunctor<int>, std::array<char*, 1ul>)",1162,2850334170933396,2850334171136599,0,0,8,0,16,256,1,1,16777216,1,1
"KERNEL_DISPATCH","Agent 4",1,0,5743,1163,212,"gemm_kernel_v2",1163,2850334171136599,2850334172822378,0,0,64,0,48,512,1,1,1048576,1,1
"KERNEL_DISPATCH","Agent 4",1,0,5743,1164,117,"void at::native::vectorized_elementwise_kernel<4, at::native::FillFunctor<int>, std::array<char*, 1ul> >(int, at::native::FillFunctor<int>, std::array<char*, 1ul>)",1164,2850334172822378,2850334173027181,0,0,8,0,16,256,1,1,16777216,1,1
"KERNEL_DISPATCH","Agent 4",1,0,5743,1165,212,"gemm_kernel_v2",1165,2850334173027181,2850334174714080,0,0,64,0,48,512,1,1,1048576,1,1
"KERNEL_DISPATCH","Agent 4",1,0,5743,1166,117,"void at::native::vectorized_elementwise_kernel<4, at::native::FillFunctor<int>, std::array<char*, 1ul> >(int, at::native::FillFunctor<int>, std::array<char*, 1ul>)",1166,2850334174714080,2850334174914883,0,0,8,0,16,256,1,1,16777216,1,1
"KERNEL_DISPATCH","Agent 4",1,0,5743,1167,212,"gemm_kernel_v2",1167,2850334174914883,2850334176600342,0,0,64,0,48,512,1,1,1048576,1,1
"KERNEL_DISPATCH","Agent 4",1,0,5743,1168,117,"void at::native::vectorized_elementwise_kernel<4, at::native::FillFunctor<int>, std::array<char*, 1ul> >(int, at::native::FillFunctor<int>, std::array<char*, 1ul>)",1168,2850334176600342,2850334176806424,0,0,8,0,16,256,1,1,16777216,1,1
"KERNEL_DISPATCH","Agent 4",1,0,5743,1169,212,"gemm_kernel_v2",1169,2850334176806424,2850334178492044,0,0,64,0,48,512,1,1,1048576,1,1
"KERNEL_DISPATCH","Agent 4",1,0,5743,1170,212,"gemm_kernel_v2",1170,2850334178653806,2850334180338945,0,0,64,0,48,512,1,1,1048576,1,1
"KERNEL_DISPATCH","Agent 4",1,0,5743,1171,212,"gemm_kernel_v2",1171,2850334180338945,2850334182026005,0,0,64,0,48,512,1,1,1048576,1,1
"KERNEL_DISPATCH","Agent 4",1,0,5743,1172,212,"gemm_kernel_v2",1172,2850334182026005,2850334183714345,0,0,64,0,48,512,1,1,1048576,1,1
"KERNEL_DISPATCH","Agent 4",1,0,5743,1173,212,"gemm_kernel_v2",1173,2850334183714345,2850334185404284,0,0,64,0,48,512,1,1,1048576,1,1
"KERNEL_DISPATCH","Agent 4",1,0,5743,1174,212,"gemm_kernel_v2",1174,2850334185404284,2850334187090864,0,0,64,0,48,512,1,1,1048576,1,1
"KERNEL_DISPATCH","Agent 4",1,0,5743,1175,212,"gemm_kernel_v2",1175,2850334187090864,2850334188778243,0,0,64,0,48,512,1,1,1048576,1,1
"KERNEL_DISPATCH","Agent 4",1,0,5743,1176,212,"gemm_kernel_v2",1176,2850334188778243,2850334190463543,0,0,64,0,48,512,1,1,1048576,1,1
"KERNEL_DISPATCH","Agent 4",1,0,5743,1177,212,"gemm_kernel_v2",1177,2850334190463543,2850334192154603,0,0,64,0,48,512,1,1,1048576,1,1
"KERNEL_DISPATCH","Agent 4",1,0,5743,1178,212,"gemm_kernel_v2",1178,2850334192154603,2850334193841982,0,0,64,0,48,512,1,1,1048576,1,1
"KERNEL_DISPATCH","Agent 4",1,0,5743,1179,212,"gemm_kernel_v2",1179,2850334193841982,2850334195531122,0,0,64,0,48,512,1,1,1048576,1,1
"KERNEL_DISPATCH","Agent 4",1,0,5743,1180,212,"gemm_kernel_v2",1180,2850334195531122,2850334197221061,0,0,64,0,48,512,1,1,1048576,1,1
"KERNEL_DISPATCH","Agent 4",1,0,5743,1181,212,"gemm_kernel_v2",1181,2850334197221061,2850334198912601,0,0,64,0,48,512,1,1,1048576,1,1
"KERNEL_DISPATCH","Agent 4",1,0,5743,1182,212,"gemm_kernel_v2",1182,2850334198912601,2850334200602541,0,0,64,0,48,512,1,1,1048576,1,1
"KERNEL_DISPATCH","Agent 4",1,0,5743,1183,117,"void at::native::vectorized_elementwise_kernel<4, at::native::FillFunctor<int>, std::array<char*, 1ul> >(int, at::native::FillFunctor<int>, std::array<char*, 1ul>)",1183,2850334200602541,2850334200807183,0,0,8,0,16,256,1,1,16777216,1,1
"KERNEL_DISPATCH","Agent 4",1,0,5743,1184,212,"gemm_kernel_v2",1184,2850334200818703,2850334202508163,0,0,64,0,48,512,1,1,1048576,1,1
"KERNEL_DISPATCH","Agent 4",1,0,5743,1185,117,"void at::native::vectorized_elementwise_kernel<4, at::native::FillFunctor<int>, std::array<char*, 1ul> >(int, at::native::FillFunctor<int>, std::array<char*, 1ul>)",1185,2850334202516803,2850334202717765,0,0,8,0,16,256,1,1,16777216,1,1
"KERNEL_DISPATCH","Agent 4",1,0,5743,1186,212,"gemm_kernel_v2",1186,2850334202727525,2850334204414585,0,0,64,0,48,512,1,1,1048576,1,1
"KERNEL_DISPATCH","Agent 4",1,0,5743,1187,117,"void at::native::vectorized_elementwise_kernel<4, at::native::FillFunctor<int>, std::array<char*, 1ul> >(int, at::native::FillFunctor<int>, std::array<char*, 1ul>)",1187,2850334204423225,2850334204624507,0,0,8,0,16,256,1,1,16777216,1,1
"KERNEL_DISPATCH","Agent 4",1,0,5743,1188,212,"gemm_kernel_v2",1188,2850334204633948,2850334206325807,0,0,64,0,48,512,1,1,1048576,1,1
"KERNEL_DISPATCH","Agent 4",1,0,5743,1189,117,"void at::native::vectorized_elementwise_kernel<4, at::native::FillFunctor<int>, std::array<char*, 1ul> >(int, at::native::FillFunctor<int>, std::array<char*, 1ul>)",1189,2850334206334447,2850334206535570,0,0,8,0,16,256,1,1,16777216,1,1
"KERNEL_DISPATCH","Agent 4",1,0,5743,1190,212,"gemm_kernel_v2",1190,2850334206545170,2850334208233989,0,0,64,0,48,512,1,1,1048576,1,1
"KERNEL_DISPATCH","Agent 4",1,0,5743,1191,117,"void at::native::vectorized_elementwise_kernel<4, at::native::FillFunctor<int>, std::array<char*, 1ul> >(int, at::native::FillFunctor<int>, std::array<char*, 1ul>)",1191,2850334208242469,2850334208442632,0,0,8,0,16,256,1,1,16777216,1,1
"KERNEL_DISPATCH","Agent 4",1,0,5743,1192,212,"gemm_kernel_v2",1192,2850334208452232,2850334210145372,0,0,64,0,48,512,1,1,1048576,1,1
"KERNEL_DISPATCH","Agent 4",1,0,5743,1193,117,"void at::native::vectorized_elementwise_kernel<4, at::native::FillFunctor<int>, std::array<char*, 1ul> >(int, at::native::FillFunctor<int>, std::array<char*, 1ul>)",1193,2850334210154652,2850334210354654,0,0,8,0,16,256,1,1,16777216,1,1
"KERNEL_DISPATCH","Agent 4",1,0,5743,1194,212,"gemm_kernel_v2",1194,2850334210363774,2850334212054354,0,0,64,0,48,512,1,1,1048576,1,1
"KERNEL_DISPATCH","Agent 4",1,0,5743,1195,117,"void at::native::vectorized_elementwise_kernel<4, at::native::FillFunctor<int>, std::array<char*, 1ul> >(int, at::native::FillFunctor<int>, std::array<char*, 1ul>)",1195,2850334212062834,2850334212264276,0,0,8,0,16,256,1,1,16777216,1,1
"KERNEL_DISPATCH","Agent 4",1,0,5743,1196,212,"gemm_kernel_v2",1196,2850334212273716,2850334213962216,0,0,64,0,48,512,1,1,1048576,1,1
"KERNEL_DISPATCH","Agent 4",1,0,5743,1197,117,"void at::native::vectorized_elementwise_kernel<4, at::native::FillFunctor<int>, std::array<char*, 1ul> >(int, at::native::FillFunctor<int>, std::array<char*, 1ul>)",1197,2850334213970856,2850334214171018,0,0,8,0,16,256,1,1,16777216,1,1
"KERNEL_DISPATCH","Agent 4",1,0,5743,1198,212,"gemm_kernel_v2",1198,2850334214180618,2850334215866878,0,0,64,0,48,512,1,1,1048576,1,1
"KERNEL_DISPATCH","Agent 4",1,0,5743,1199,117,"void at::native::vectorized_elementwise_kernel<4, at::native::FillFunctor<int>, std::array<char*, 1ul> >(int, at::native::FillFunctor<int>, std::array<char*, 1ul>)",1199,2850334215875838,2850334216080640,0,0,8,0,16,256,1,1,16777216,1,1
"KERNEL_DISPATCH","Agent 4",1,0,5743,1200,212,"gemm_kernel_v2",1200,2850334216090081,2850334217778260,0,0,64,0,48,512,1,1,1048576,1,1
"KERNEL_DISPATCH","Agent 4",1,0,5743,1201,117,"void at::native::vectorized_elementwise_kernel<4, at::native::FillFunctor<int>, std::array<char*, 1ul> >(int, at::native::FillFunctor<int>, std::array<char*, 1ul>)",1201,2850334217787060,2850334217986583,0,0,8,0,16,256,1,1,16777216,1,1
"KERNEL_DISPATCH","Agent 4",1,0,5743,1202,212,"gemm_kernel_v2",1202,2850334217996343,2850334219686922,0,0,64,0,48,512,1,1,1048576,1,1
"KERNEL_DISPATCH","Agent 4",1,0,5743,1203,117,"void at::native::vectorized_elementwise_kernel<4, at::native::FillFunctor<int>, std::array<char*, 1ul> >(int, at::native::FillFunctor<int>, std::array<char*, 1ul>)",1203,2850334219695722,2850334219897965,0,0,8,0,16,256,1,1,16777216,1,1
"KERNEL_DISPATCH","Agent 4",1,0,5743,1204,212,"gemm_kernel_v2",1204,2850334219907565,2850334221595585,0,0,64,0,48,512,1,1,1048576,1,1
"KERNEL_DISPATCH","Agent 4",1,0,5743,1205,117,"void at::native::vectorized_elementwise_kernel<4, at::native::FillFunctor<int>, std::array<char*, 1ul> >(int, at::native::FillFunctor<int>, std::array<char*, 1ul>)",1205,2850334221604545,2850334221804067,0,0,8,0,16,256,1,1,16777216,1,1
"KERNEL_DISPATCH","Agent 4",1,0,5743,1206,212,"gemm_kernel_v2",1206,2850334221813347,2850334223501687,0,0,64,0,48,512,1,1,1048576,1,1
"KERNEL_DISPATCH","Agent 4",1,0,5743,1207,117,"void at::native::vectorized_elementwise_kernel<4, at::native::FillFunctor<int>, std::array<char*, 1ul> >(int, at::native::FillFunctor<int>, std::array<char*, 1ul>)",1207,2850334223510487,2850334223711289,0,0,8,0,16,256,1,1,16777216,1,1
"KERNEL_DISPATCH","Agent 4",1,0,5743,1208,212,"gemm_kernel_v2",1208,2850334223720729,2850334225412589,0,0,64,0,48,512,1,1,1048576,1,1
"KERNEL_DISPATCH","Agent 4",1,0,5743,1209,117,"void at::native::vectorized_elementwise_kernel<4, at::native::FillFunctor<int>, std::array<char*, 1ul> >(int, at::native::FillFunctor<int>, std::array<char*, 1ul>)",1209,2850334225421389,2850334225619951,0,0,8,0,16,256,1,1,16777216,1,1
"KERNEL_DISPATCH","Agent 4",1,0,5743,1210,212,"gemm_kernel_v2",1210,2850334225629391,2850334227319651,0,0,64,0,48,512,1,1,1048576,1,1
"KERNEL_DISPATCH","Agent 4",1,0,5743,1211,117,"void at::native::vectorized_elementwise_kernel<4, at::native::FillFunctor<int>, std::array<char*, 1ul> >(int, at::native::FillFunctor<int>, std::array<char*, 1ul>)",1211,2850334227328291,2850334227530373,0,0,8,0,16,256,1,1,16777216,1,1
"KERNEL_DISPATCH","Agent 4",1,0,5743,1212,212,"gemm_kernel_v2",1212,2850334227540134,2850334229231673,0,0,64,0,48,512,1,1,1048576,1,1
"KERNEL_DISPATCH","Agent 4",1,0,5743,1213,117,"void at::native::vectorized_elementwise_kernel<4, at::native::FillFunctor<int>, std::array<char*, 1ul> >(int, at::native::FillFunctor<int>, std::array<char*, 1ul>)",1213,2850334229240153,2850334229438876,0,0,8,0,16,256,1,1,16777216,1,1
"KERNEL_DISPATCH","Agent 4",1,0,5743,1214,212,"gemm_kernel_v2",1214,2850334229448636,2850334231137135,0,0,64,0,48,512,1,1,1048576,1,1
"KERNEL_DISPATCH","Agent 4",1,0,5743,1215,117,"void at::native::vectorized_elementwise_kernel<4, at::native::FillFunctor<int>, std::array<char*, 1ul> >(int, at::native::FillFunctor<int>, std::array<char*, 1ul>)",1215,2850334231146095,2850334231347218,0,0,8,0,16,256,1,1,16777216,1,1
"KERNEL_DISPATCH","Agent 4",1,0,5743,1216,212,"gemm_kernel_v2",1216,2850334231356782,2850334233047041,0,0,64,0,48,512,1,1,1048576,1,1
"KERNEL_DISPATCH","Agent 4",1,0,5743,1217,117,"void at::native::vectorized_elementwise_kernel<4, at::native::FillFunctor<int>, std::array<char*, 1ul> >(int, at::native::FillFunctor<int>, std::array<char*, 1ul>)",1217,2850334233055841,2850334233257763,0,0,8,0,16,256,1,1,16777216,1,1
"KERNEL_DISPATCH","Agent 4",1,0,5743,1218,212,"gemm_kernel_v2",1218,2850334233267683,2850334234963383,0,0,64,0,48,512,1,1,1048576,1,1
"KERNEL_DISPATCH","Agent 4",1,0,5743,1219,117,"void at::native::vectorized_elementwise_kernel<4, at::native::FillFunctor<int>, std::array<char*, 1ul> >(int, at::native::FillFunctor<int>, std::array<char*, 1ul>)",1219,2850334234972023,2850334235173945,0,0,8,0,16,256,1,1,16777216,1,1
"KERNEL_DISPATCH","Agent 4",1,0,5743,1220,212,"gemm_kernel_v2",1220,2850334235183385,2850334236874925,0,0,64,0,48,512,1,1,1048576,1,1
"KERNEL_DISPATCH","Agent 4",1,0,5743,1221,117,"void at::native::vectorized_elementwise_kernel<4, at::native::FillFunctor<int>, std::array<char*, 1ul> >(int, at::native::FillFunctor<int>, std::array<char*, 1ul>)",1221,2850334236883565,2850334237083567,0,0,8,0,16,256,1,1,16777216,1,1
"KERNEL_DISPATCH","Agent 4",1,0,5743,1222,212,"gemm_kernel_v2",1222,2850334237093327,2850334238783107,0,0,64,0,48,512,1,1,1048576,1,1
"KERNEL_DISPATCH","Agent 4",1,0,5743,1223,117,"void at::native::vectorized_elementwise_kernel<4, at::native::FillFunctor<int>, std::array<char*, 1ul> >(int, at::native::FillFunctor<int>, std::array<char*, 1ul>)",1223,2850334238791747,2850334238992710,0,0,8,0,16,256,1,1,16777216,1,1
"KERNEL_DISPATCH","Agent 4",1,0,5743,1224,212,"gemm_kernel_v2",1224,2850334239002150,2850334240690489,0,0,64,0,48,512,1,1,1048576,1,1
"KERNEL_DISPATCH","Agent 4",1,0,5743,1225,117,"void at::native::vectorized_elementwise_kernel<4, at::native::FillFunctor<int>, std::array<char*, 1ul> >(int, at::native::FillFunctor<int>, std::array<char*, 1ul>)",1225,2850334240698969,2850334240899772,0,0,8,0,16,256,1,1,16777216,1,1
"KERNEL_DISPATCH","Agent 4",1,0,5743,1226,212,"gemm_kernel_v2",1226,2850334240909212,2850334242595631,0,0,64,0,48,512,1,1,1048576,1,1
"KERNEL_DISPATCH","Agent 4",1,0,5743,1227,117,"void at::native::vectorized_elementwise_kernel<4, at::native::FillFunctor<int>, std::array<char*, 1ul> >(int, at::native::FillFunctor<int>, std::array<char*, 1ul>)",1227,2850334242604752,2850334242806354,0,0,8,0,16,256,1,1,16777216,1,1
"KERNEL_DISPATCH","Agent 4",1,0,5743,1228,212,"gemm_kernel_v2",1228,2850334242815634,2850334244508134,0,0,64,0,48,512,1,1,1048576,1,1
"KERNEL_DISPATCH","Agent 4",1,0,5743,1229,117,"void at::native::vectorized_elementwise_kernel<4, at::native::FillFunctor<int>, std::array<char*, 1ul> >(int, at::native::FillFunctor<int>, std::array<char*, 1ul>)",1229,2850334244516614,2850334244715496,0,0,8,0,16,256,1,1,16777216,1,1
"KERNEL_DISPATCH","Agent 4",1,0,5743,1230,212,"gemm_kernel_v2",1230,2850334244725096,2850334246420796,0,0,64,0,48,512,1,1,1048576,1,1
"KERNEL_DISPATCH","Agent 4",1,0,5743,1231,117,"void at::native::vectorized_elementwise_kernel<4, at::native::FillFunctor<int>, std::array<char*, 1ul> >(int, at::native::FillFunctor<int>, std::array<char*, 1ul>)",1231,2850334246429436,2850334246630878,0,0,8,0,16,256,1,1,16777216,1,1
"KERNEL_DISPATCH","Agent 4",1,0,5743,1232,212,"gemm_kernel_v2",1232,2850334246640158,2850334248328338,0,0,64,0,48,512,1,1,1048576,1,1
"KERNEL_DISPATCH","Agent 4",1,0,5743,1233,117,"void at::native::vectorized_elementwise_kernel<4, at::native::FillFunctor<int>, std::array<char*, 1ul> >(int, at::native::FillFunctor<int>, std::array<char*, 1ul>)",1233,2850334248336818,2850334248539061,0,0,8,0,16,256,1,1,16777216,1,1
"KERNEL_DISPATCH","Agent 4",1,0,5743,1234,212,"gemm_kernel_v2",1234,2850334248548181,2850334250243560,0,0,64,0,48,512,1,1,1048576,1,1
"KERNEL_DISPATCH","Agent 4",1,0,5743,1235,117,"void at::native::vectorized_elementwise_kernel<4, at::native::FillFunctor<int>, std::array<char*, 1ul> >(int, at::native::FillFunctor<int>, std::array<char*, 1ul>)",1235,2850334250252201,2850334250453483,0,0,8,0,16,256,1,1,16777216,1,1
"KERNEL_DISPATCH","Agent 4",1,0,5743,1236,212,"gemm_kernel_v2",1236,2850334250462763,2850334252157343,0,0,64,0,48,512,1,1,1048576,1,1
"KERNEL_DISPATCH","Agent 4",1,0,5743,1237,117,"void at::native::vectorized_elementwise_kernel<4, at::native::FillFunctor<int>, std::array<char*, 1ul> >(int, at::native::FillFunctor<int>, std::array<char*, 1ul>)",1237,2850334252166303,2850334252366465,0,0,8,0,16,256,1,1,16777216,1,1
"KERNEL_DISPATCH","Agent 4",1,0,5743,1238,212,"gemm_kernel_v2",1238,2850334252376225,2850334254066805,0,0,64,0,48,512,1,1,1048576,1,1
"KERNEL_DISPATCH","Agent 4",1,0,5743,1239,117,"void at::native::vectorized_elementwise_kernel<4, at::native::FillFunctor<int>, std::array<char*, 1ul> >(int, at::native::FillFunctor<int>, std::array<char*, 1ul>)",1239,2850334254075285,2850334254275447,0,0,8,0,16,256,1,1,16777216,1,1
"KERNEL_DISPATCH","Agent 4",1,0,5743,1240,212,"gemm_kernel_v2",1240,2850334254285047,2850334255977547,0,0,64,0,48,512,1,1,1048576,1,1
"KERNEL_DISPATCH","Agent 4",1,0,5743,1241,117,"void at::native::vectorized_elementwise_kernel<4, at::native::FillFunctor<int>, std::array<char*, 1ul> >(int, at::native::FillFunctor<int>, std::array<char*, 1ul>)",1241,2850334255986027,2850334256184750,0,0,8,0,16,256,1,1,16777216,1,1
"KERNEL_DISPATCH","Agent 4",1,0,5743,1242,212,"gemm_kernel_v2",1242,2850334256194190,2850334257883329,0,0,64,0,48,512,1,1,1048576,1,1
"KERNEL_DISPATCH","Agent 4",1,0,5743,1243,117,"void at::native::vectorized_elementwise_kernel<4, at::native::FillFunctor<int>, std::array<char*, 1ul> >(int, at::native::FillFunctor<int>, std::array<char*, 1ul>)",1243,2850334257892289,2850334258091972,0,0,8,0,16,256,1,1,16777216,1,1
"KERNEL_DISPATCH","Agent 4",1,0,5743,1244,212,"gemm_kernel_v2",1244,2850334258101572,2850334259794552,0,0,64,0,48,512,1,1,1048576,1,1
"KERNEL_DISPATCH","Agent 4",1,0,5743,1245,117,"void at::native::vectorized_elementwise_kernel<4, at::native::FillFunctor<int>, std::array<char*, 1ul> >(int, at::native::FillFunctor<int>, std::array<char*, 1ul>)",1245,2850334259803192,2850334260004634,0,0,8,0,16,256,1,1,16777216,1,1
"KERNEL_DISPATCH","Agent 4",1,0,5743,1246,212,"gemm_kernel_v2",1246,2850334260014394,2850334261705774,0,0,64,0,48,512,1,1,1048576,1,1
"KERNEL_DISPATCH","Agent 4",1,0,5743,1247,117,"void at::native::vectorized_elementwise_kernel<4, at::native::FillFunctor<int>, std::array<char*, 1ul> >(int, at::native::FillFunctor<int>, std::array<char*, 1ul>)",1247,2850334261714414,2850334261919216,0,0,8,0,16,256,1,1,16777216,1,1
"KERNEL_DISPATCH","Agent 4",1,0,5743,1248,212,"gemm_kernel_v2",1248,2850334261928816,2850334263617156,0,0,64,0,48,512,1,1,1048576,1,1
"KERNEL_DISPATCH","Agent 4",1,0,5743,1249,117,"void at::native::vectorized_elementwise_kernel<4, at::native::FillFunctor<int>, std::array<char*, 1ul> >(int, at::native::FillFunctor<int>, std::array<char*, 1ul>)",1249,2850334263625636,2850334263827078,0,0,8,0,16,256,1,1,16777216,1,1
"KERNEL_DISPATCH","Agent 4",1,0,5743,1250,212,"gemm_kernel_v2",1250,2850334263836679,2850334265526778,0,0,64,0,48,512,1,1,1048576,1,1
"KERNEL_DISPATCH","Agent 4",1,0,5743,1251,117,"void at::native::vectorized_elementwise_kernel<4, at::native::FillFunctor<int>, std::array<char*, 1ul> >(int, at::native::FillFunctor<int>, std::array<char*, 1ul>)",1251,2850334265535578,2850334265730621,0,0,8,0,16,256,1,1,16777216,1,1
"KERNEL_DISPATCH","Agent 4",1,0,5743,1252,212,"gemm_kernel_v2",1252,2850334265740381,2850334267429520,0,0,64,0,48,512,1,1,1048576,1,1
"KERNEL_DISPATCH","Agent 4",1,0,5743,1253,117,"void at::native::vectorized_elementwise_kernel<4, at::native::FillFunctor<int>, std::array<char*, 1ul> >(int, at::native::FillFunctor<int>, std::array<char*, 1ul>)",1253,2850334267438320,2850334267643923,0,0,8,0,16,256,1,1,16777216,1,1
"KERNEL_DISPATCH","Agent 4",1,0,5743,1254,212,"gemm_kernel_v2",1254,2850334267653523,2850334269345703,0,0,64,0,48,512,1,1,1048576,1,1
"KERNEL_DISPATCH","Agent 4",1,0,5743,1255,117,"void at::native::vectorized_elementwise_kernel<4, at::native::FillFunctor<int>, std::array<char*, 1ul> >(int, at::native::FillFunctor<int>, std::array<char*, 1ul>)",1255,2850334269354343,2850334269558985,0,0,8,0,16,256,1,1,16777216,1,1
"KERNEL_DISPATCH","Agent 4",1,0,5743,1256,212,"gemm_kernel_v2",1256,2850334269568425,2850334271259165,0,0,64,0,48,512,1,1,1048576,1,1
"KERNEL_DISPATCH","Agent 4",1,0,5743,1257,117,"void at::native::vectorized_elementwise_kernel<4, at::native::FillFunctor<int>, std::array<char*, 1ul> >(int, at::native::FillFunctor<int>, std::array<char*, 1ul>)",1257,2850334271267805,2850334271470207,0,0,8,0,16,256,1,1,16777216,1,1
"KERNEL_DISPATCH","Agent 4",1,0,5743,1258,212,"gemm_kernel_v2",1258,2850334271479647,2850334273171027,0,0,64,0,48,512,1,1,1048576,1,1
"KERNEL_DISPATCH","Agent 4",1,0,5743,1259,117,"void at::native::vectorized_elementwise_kernel<4, at::native::FillFunctor<int>, std::array<char*, 1ul> >(int, at::native::FillFunctor<int>, std::array<char*, 1ul>)",1259,2850334273179667,2850334273377910,0,0,8,0,16,256,1,1,16777216,1,1
"KERNEL_DISPATCH","Agent 4",1,0,5743,1260,212,"gemm_kernel_v2",1260,2850334273387510,2850334275081129,0,0,64,0,48,512,1,1,1048576,1,1
"KERNEL_DISPATCH","Agent 4",1,0,5743,1261,117,"void at::native::vectorized_elementwise_kernel<4, at::native::FillFunctor<int>, std::array<char*, 1ul> >(int, at::native::FillFunctor<int>, std::array<char*, 1ul>)",1261,2850334275089769,2850334275290732,0,0,8,0,16,256,1,1,16777216,1,1
"KERNEL_DISPATCH","Agent 4",1,0,5743,1262,212,"gemm_kernel_v2",1262,2850334275300492,2850334276989472,0,0,64,0,48,512,1,1,1048576,1,1
"KERNEL_DISPATCH","Agent 4",1,0,5743,1263,117,"void at::native::vectorized_elementwise_kernel<4, at::native::FillFunctor<int>, std::array<char*, 1ul> >(int, at::native::FillFunctor<int>, std::array<char*, 1ul>)",1263,2850334276997952,2850334277198754,0,0,8,0,16,256,1,1,16777216,1,1
"KERNEL_DISPATCH","Agent 4",1,0,5743,1264,212,"gemm_kernel_v2",1264,2850334277208354,2850334278896854,0,0,64,0,48,512,1,1,1048576,1,1
"KERNEL_DISPATCH","Agent 4",1,0,5743,1265,117,"void at::native::vectorized_elementwise_kernel<4, at::native::FillFunctor<int>, std::array<char*, 1ul> >(int, at::native::FillFunctor<int>, std::array<char*, 1ul>)",1265,2850334278905494,2850334279110936,0,0,8,0,16,256,1,1,16777216,1,1
"KERNEL_DISPATCH","Agent 4",1,0,5743,1266,212,"gemm_kernel_v2",1266,2850334279120696,2850334280809996,0,0,64,0,48,512,1,1,1048576,1,1
"KERNEL_DISPATCH","Agent 4",1,0,5743,1267,117,"void at::native::vectorized_elementwise_kernel<4, at::native::FillFunctor<int>, std::array<char*, 1ul> >(int, at::native::FillFunctor<int>, std::array<char*, 1ul>)",1267,2850334280818796,2850334281019598,0,0,8,0,16,256,1,1,16777216,1,1
"KERNEL_DISPATCH","Agent 4",1,0,5743,1268,212,"gemm_kernel_v2",1268,2850334281029199,2850334282717218,0,0,64,0,48,512,1,1,1048576,1,1
"KERNEL_DISPATCH","Agent 4",1,0,5743,1269,117,"void at::native::vectorized_elementwise_kernel<4, at::native::FillFunctor<int>, std::array<char*, 1ul> >(int, at::native::FillFunctor<int>, std::array<char*, 1ul>)",1269,2850334282725858,2850334282926021,0,0,8,0,16,256,1,1,16777216,1,1
"KERNEL_DISPATCH","Agent 4",1,0,5743,1270,212,"gemm_kernel_v2",1270,2850334282935621,2850334284629080,0,0,64,0,48,512,1,1,1048576,1,1
"KERNEL_DISPATCH","Agent 4",1,0,5743,1271,117,"void at::native::vectorized_elementwise_kernel<4, at::native::FillFunctor<int>, std::array<char*, 1ul> >(int, at::native::FillFunctor<int>, std::array<char*, 1ul>)",1271,2850334284637561,2850334284837083,0,0,8,0,16,256,1,1,16777216,1,1
"KERNEL_DISPATCH","Agent 4",1,0,5743,1272,212,"gemm_kernel_v2",1272,2850334284846843,2850334286537423,0,0,64,0,48,512,1,1,1048576,1,1
"KERNEL_DISPATCH","Agent 4",1,0,5743,1273,117,"void at::native::vectorized_elementwise_kernel<4, at::native::FillFunctor<int>, std::array<char*, 1ul> >(int, at::native::FillFunctor<int>, std::array<char*, 1ul>)",1273,2850334286545743,2850334286744465,0,0,8,0,16,256,1,1,16777216,1,1
"KERNEL_DISPATCH","Agent 4",1,0,5743,1274,212,"gemm_kernel_v2",1274,2850334286754225,2850334288444965,0,0,64,0,48,512,1,1,1048576,1,1
"KERNEL_DISPATCH","Agent 4",1,0,5743,1275,117,"void at::native::vectorized_elementwise_kernel<4, at::native::FillFunctor<int>, std::array<char*, 1ul> >(int, at::native::FillFunctor<int>, std::array<char*, 1ul>)",1275,2850334288453925,2850334288656007,0,0,8,0,16,256,1,1,16777216,1,1
"KERNEL_DISPATCH","Agent 4",1,0,5743,1276,212,"gemm_kernel_v2",1276,2850334288665447,2850334290356187,0,0,64,0,48,512,1,1,1048576,1,1
"KERNEL_DISPATCH","Agent 4",1,0,5743,1277,117,"void at::native::vectorized_elementwise_kernel<4, at::native::FillFunctor<int>, std::array<char*, 1ul> >(int, at::native::FillFunctor<int>, std::array<char*, 1ul>)",1277,2850334290364667,2850334290565790,0,0,8,0,16,256,1,1,16777216,1,1
"KERNEL_DISPATCH","Agent 4",1,0,5743,1278,212,"gemm_kernel_v2",1278,2850334290575230,2850334292263249,0,0,64,0,48,512,1,1,1048576,1,1
"KERNEL_DISPATCH","Agent 4",1,0,5743,1279,117,"void at::native::vectorized_elementwise_kernel<4, at::native::FillFunctor<int>, std::array<char*, 1ul> >(int, at::native::FillFunctor<int>, std::array<char*, 1ul>)",1279,2850334292272049,2850334292474772,0,0,8,0,16,256,1,1,16777216,1,1
"KERNEL_DISPATCH","Agent 4",1,0,5743,1280,212,"gemm_kernel_v2",1280,2850334292484052,2850334294176232,0,0,64,0,48,512,1,1,1048576,1,1
"KERNEL_DISPATCH","Agent 4",1,0,5743,1281,117,"void at::native::vectorized_elementwise_kernel<4, at::native::FillFunctor<int>, std::array<char*, 1ul> >(int, at::native::FillFunctor<int>, std::array<char*, 1ul>)",1281,2850334294185032,2850334294388714,0,0,8,0,16,256,1,1,16777216,1,1
"KERNEL_DISPATCH","Agent 4",1,0,5743,1282,212,"gemm_kernel_v2",1282,2850334294398052,2850334296090871,0,0,64,0,48,512,1,1,1048576,1,1
"KERNEL_DISPATCH","Agent 4",1,0,5743,1283,117,"void at::native::vectorized_elementwise_kernel<4, at::native::FillFunctor<int>, std::array<char*, 1ul> >(int, at::native::FillFunctor<int>, std::array<char*, 1ul>)",1283,2850334296099671,2850334296300473,0,0,8,0,16,256,1,1,16777216,1,1
"KERNEL_DISPATCH","Agent 4",1,0,5743,1284,212,"gemm_kernel_v2",1284,2850334296310233,2850334297999853,0,0,64,0,48,512,1,1,1048576,1,1
"KERNEL_DISPATCH","Agent 4",1,0,5743,1285,117,"void at::native::vectorized_elementwise_kernel<4, at::native::FillFunctor<int>, std::array<char*, 1ul> >(int, at::native::FillFunctor<int>, std::array<char*, 1ul>)",1285,2850334298008653,2850334298215695,0,0,8,0,16,256,1,1,16777216,1,1
"KERNEL_DISPATCH","Agent 4",1,0,5743,1286,212,"gemm_kernel_v2",1286,2850334298224975,2850334299916675,0,0,64,0,48,512,1,1,1048576,1,1
"KERNEL_DISPATCH","Agent 4",1,0,5743,1287,213,"gemm_kernel_v2",1287,2850334370404181,2850334371842597,0,0,84,68,48,256,1,1,262144,1,1
"KERNEL_DISPATCH","Agent 4",1,0,5743,1288,117,"void at::native::vectorized_elementwise_kernel<4, at::native::FillFunctor<int>, std::array<char*, 1ul> >(int, at::native::FillFunctor<int>, std::array<char*, 1ul>)",1288,2850334371919077,2850334372119080,0,0,8,0,16,256,1,1,16777216,1,1
"KERNEL_DISPATCH","Agent 4",1,0,5743,1289,213,"gemm_kernel_v2",1289,2850334372119080,2850334373547576,0,0,84,68,48,256,1,1,262144,1,1
"KERNEL_DISPATCH","Agent 4",1,0,5743,1290,117,"void at::native::vectorized_elementwise_kernel<4, at::native::FillFunctor<int>, std::array<char*, 1ul> >(int, at::native::FillFunctor<int>, std::array<char*, 1ul>)",1290,2850334373547576,2850334373751899,0,0,8,0,16,256,1,1,16777216,1,1
"KERNEL_DISPATCH","Agent 4",1,0,5743,1291,213,"gemm_kernel_v2",1291,2850334373751899,2850334375185355,0,0,84,68,48,256,1,1,262144,1,1
"KERNEL_DISPATCH","Agent 4",1,0,5743,1292,117,"void at::native::vectorized_elementwise_kernel<4, at::native::FillFunctor<int>, std::array<char*, 1ul> >(int, at::native::FillFunctor<int>, std::array<char*, 1ul>)",1292,2850334375185355,2850334375386638,0,0,8,0,16,256,1,1,16777216,1,1
"KERNEL_DISPATCH","Agent 4",1,0,5743,1293,213,"gemm_kernel_v2",1293,2850334375386638,2850334376819934,0,0,84,68,48,256,1,1,262144,1,1
"KERNEL_DISPATCH","Agent 4",1,0,5743,1294,117,"void at::native::vectorized_elementwise_kernel<4, at::native::FillFunctor<int>, std::array<char*, 1ul> >(int, at::native::FillFunctor<int>, std::array<char*, 1ul>)",1294,2850334376819934,2850334377028577,0,0,8,0,16,256,1,1,16777216,1,1
"KERNEL_DISPATCH","Agent 4",1,0,5743,1295,213,"gemm_kernel_v2",1295,2850334377028577,2850334378459793,0,0,84,68,48,256,1,1,262144,1,1
"KERNEL_DISPATCH","Agent 4",1,0,5743,1296,117,"void at::native::vectorized_elementwise_kernel<4, at::native::FillFunctor<int>, std::array<char*, 1ul> >(int, at::native::FillFunctor<int>, std::array<char*, 1ul>)",1296,2850334378459793,2850334378664436,0,0,8,0,16,256,1,1,16777216,1,1
"KERNEL_DISPATCH","Agent 4",1,0,5743,1297,213,"gemm_kernel_v2",1297,2850334378664436,2850334380095332,0,0,84,68,48,256,1,1,262144,1,1
"KERNEL_DISPATCH","Agent 4",1,0,5743,1298,213,"gemm_kernel_v2",1298,2850334380276615,2850334381712791,0,0,84,68,48,256,1,1,262144,1,1
"KERNEL_DISPATCH","Agent 4",1,0,5743,1299,213,"gemm_kernel_v2",1299,2850334381712791,2850334383149128,0,0,84,68,48,256,1,1,262144,1,1
"KERNEL_DISPATCH","Agent 4",1,0,5743,1300,213,"gemm_kernel_v2",1300,2850334383149128,2850334384579225,0,0,84,68,48,256,1,1,262144,1,1
"KERNEL_DISPATCH","Agent 4",1,0,5743,1301,213,"gemm_kernel_v2",1301,2850334384579225,2850334386013801,0,0,84,68,48,256,1,1,262144,1,1
"KERNEL_DISPATCH","Agent 4",1,0,5743,1302,213,"gemm_kernel_v2",1302,2850334386013801,2850334387448858,0,0,84,68,48,256,1,1,262144,1,1
"KERNEL_DISPATCH","Agent 4",1,0,5743,1303,213,"gemm_kernel_v2",1303,2850334387448858,2850334388887275,0,0,84,68,48,256,1,1,262144,1,1
"KERNEL_DISPATCH","Agent 4",1,0,5743,1304,213,"gemm_kernel_v2",1304,2850334388887275,2850334390319131,0,0,84,68,48,256,1,1,262144,1,1
"KERNEL_DISPATCH","Agent 4",1,0,5743,1305,213,"gemm_kernel_v2",1305,2850334390319131,2850334391751148,0,0,84,68,48,256,1,1,262144,1,1
"KERNEL_DISPATCH","Agent 4",1,0,5743,1306,213,"gemm_kernel_v2",1306,2850334391751148,2850334393185725,0,0,84,68,48,256,1,1,262144,1,1
"KERNEL_DISPATCH","Agent 4",1,0,5743,1307,213,"gemm_kernel_v2",1307,2850334393185725,2850334394619502,0,0,84,68,48,256,1,1,262144,1,1
"KERNEL_DISPATCH","Agent 4",1,0,5743,1308,213,"gemm_kernel_v2",1308,2850334394619502,2850334396062558,0,0,84,68,48,256,1,1,262144,1,1
"KERNEL_DISPATCH","Agent 4",1,0,5743,1309,213,"gemm_kernel_v2",1309,2850334396062558,2850334397492495,0,0,84,68,48,256,1,1,262144,1,1
"KERNEL_DISPATCH","Agent 4",1,0,5743,1310,213,"gemm_kernel_v2",1310,2850334397492495,2850334398923232,0,0,84,68,48,256,1,1,262144,1,1
"KERNEL_DISPATCH","Agent 4",1,0,5743,1311,213,"gemm_kernel_v2",1311,2850334398923232,2850334400359408,0,0,84,68,48,256,1,1,262144,1,1
"KERNEL_DISPATCH","Agent 4",1,0,5743,1312,213,"gemm_kernel_v2",1312,2850334400359408,2850334401792865,0,0,84,68,48,256,1,1,262144,1,1
"KERNEL_DISPATCH","Agent 4",1,0,5743,1313,117,"void at::native::vectorized_elementwise_kernel<4, at::native::FillFunctor<int>, std::array<char*, 1ul> >(int, at::native::FillFunctor<int>, std::array<char*, 1ul>)",1313,2850334401792865,2850334401992227,0,0,8,0,16,256,1,1,16777216,1,1
"KERNEL_DISPATCH","Agent 4",1,0,5743,1314,213,"gemm_kernel_v2",1314,2850334402003747,2850334403448404,0,0,84,68,48,256,1,1,262144,1,1
"KERNEL_DISPATCH","Agent 4",1,0,5743,1315,117,"void at::native::vectorized_elementwise_kernel<4, at::native::FillFunctor<int>, std::array<char*, 1ul> >(int, at::native::FillFunctor<int>, std::array<char*, 1ul>)",1315,2850334403456884,2850334403656407,0,0,8,0,16,256,1,1,16777216,1,1
"KERNEL_DISPATCH","Agent 4",1,0,5743,1316,213,"gemm_kernel_v2",1316,2850334403666007,2850334405104264,0,0,84,68,48,256,1,1,262144,1,1
"KERNEL_DISPATCH","Agent 4",1,0,5743,1317,117,"void at::native::vectorized_elementwise_kernel<4, at::native::FillFunctor<int>, std::array<char*, 1ul> >(int, at::native::FillFunctor<int>, std::array<char*, 1ul>)",1317,2850334405113064,2850334405313386,0,0,8,0,16,256,1,1,16777216,1,1
"KERNEL_DISPATCH","Agent 4",1,0,5743,1318,213,"gemm_kernel_v2",1318,2850334405322666,2850334406761723,0,0,84,68,48,256,1,1,262144,1,1
"KERNEL_DISPATCH","Agent 4",1,0,5743,1319,117,"void at::native::vectorized_elementwise_kernel<4, at::native::FillFunctor<int>, std::array<char*, 1ul> >(int, at::native::FillFunctor<int>, std::array<char*, 1ul>)",1319,2850334406770523,2850334406974845,0,0,8,0,16,256,1,1,16777216,1,1
"KERNEL_DISPATCH","Agent 4",1,0,5743,1320,213,"gemm_kernel_v2",1320,2850334406984605,2850334408415022,0,0,84,68,48,256,1,1,262144,1,1
"KERNEL_DISPATCH","Agent 4",1,0,5743,1321,117,"void at::native::vectorized_elementwise_kernel<4, at::native::FillFunctor<int>, std::array<char*, 1ul> >(int, at::native::FillFunctor<int>, std::array<char*, 1ul>)",1321,2850334408423502,2850334408625105,0,0,8,0,16,256,1,1,16777216,1,1
"KERNEL_DISPATCH","Agent 4",1,0,5743,1322,213,"gemm_kernel_v2",1322,2850334408634705,2850334410070561,0,0,84,68,48,256,1,1,262144,1,1
"KERNEL_DISPATCH","Agent 4",1,0,5743,1323,117,"void at::native::vectorized_elementwise_kernel<4, at::native::FillFunctor<int>, std::array<char*, 1ul> >(int, at::native::FillFunctor<int>, std::array<char*, 1ul>)",1323,2850334410079361,2850334410278084,0,0,8,0,16,256,1,1,16777216,1,1
"KERNEL_DISPATCH","Agent 4",1,0,5743,1324,213,"gemm_kernel_v2",1324,2850334410287524,2850334411721301,0,0,84,68,48,256,1,1,262144,1,1
"KERNEL_DISPATCH","Agent 4",1,0,5743,1325,117,"void at::native::vectorized_elementwise_kernel<4, at::native::FillFunctor<int>, std::array<char*, 1ul> >(int, at::native::FillFunctor<int>, std::array<char*, 1ul>)",1325,2850334411730261,2850334411930423,0,0,8,0,16,256,1,1,16777216,1,1
"KERNEL_DISPATCH","Agent 4",1,0,5743,1326,213,"gemm_kernel_v2",1326,2850334411940023,2850334413372200,0,0,84,68,48,256,1,1,262144,1,1
"KERNEL_DISPATCH","Agent 4",1,0,5743,1327,117,"void at::native::vectorized_elementwise_kernel<4, at::native::FillFunctor<int>, std::array<char*, 1ul> >(int, at::native::FillFunctor<int>, std::array<char*, 1ul>)",1327,2850334413380840,2850334413577962,0,0,8,0,16,256,1,1,16777216,1,1
"KERNEL_DISPATCH","Agent 4",1,0,5743,1328,213,"gemm_kernel_v2",1328,2850334413587402,2850334415022779,0,0,84,68,48,256,1,1,262144,1,1
"KERNEL_DISPATCH","Agent 4",1,0,5743,1329,117,"void at::native::vectorized_elementwise_kernel<4, at::native::FillFunctor<int>, std::array<char*, 1ul> >(int, at::native::FillFunctor<int>, std::array<char*, 1ul>)",1329,2850334415031099,2850334415232861,0,0,8,0,16,256,1,1,16777216,1,1
"KERNEL_DISPATCH","Agent 4",1,0,5743,1330,213,"gemm_kernel_v2",1330,2850334415242142,2850334416677198,0,0,84,68,48,256,1,1,262144,1,1
"KERNEL_DISPATCH","Agent 4",1,0,5743,1331,117,"void at::native::vectorized_elementwise_kernel<4, at::native::FillFunctor<int>, std::array<char*, 1ul> >(int, at::native::FillFunctor<int>, std::array<char*, 1ul>)",1331,2850334416685838,2850334416885201,0,0,8,0,16,256,1,1,16777216,1,1
"KERNEL_DISPATCH","Agent 4",1,0,5743,1332,213,"gemm_kernel_v2",1332,2850334416894961,2850334418328577,0,0,84,68,48,256,1,1,262144,1,1
"KERNEL_DISPATCH","Agent 4",1,0,5743,1333,117,"void at::native::vectorized_elementwise_kernel<4, at::native::FillFunctor<int>, std::array<char*, 1ul> >(int, at::native::FillFunctor<int>, std::array<char*, 1ul>)",1333,2850334418337218,2850334418534820,0,0,8,0,16,256,1,1,16777216,1,1
"KERNEL_DISPATCH","Agent 4",1,0,5743,1334,213,"gemm_kernel_v2",1334,2850334418544260,2850334419984437,0,0,84,68,48,256,1,1,262144,1,1
"KERNEL_DISPATCH","Agent 4",1,0,5743,1335,117,"void at::native::vectorized_elementwise_kernel<4, at::native::FillFunctor<int>, std::array<char*, 1ul> >(int, at::native::FillFunctor<int>, std::array<char*, 1ul>)",1335,2850334419993077,2850334420190679,0,0,8,0,16,256,1,1,16777216,1,1
"KERNEL_DISPATCH","Agent 4",1,0,5743,1336,213,"gemm_kernel_v2",1336,2850334420200119,2850334421637736,0,0,84,68,48,256,1,1,262144,1,1
"KERNEL_DISPATCH","Agent 4",1,0,5743,1337,117,"void at::native::vectorized_elementwise_kernel<4, at::native::FillFunctor<int>, std::array<char*, 1ul> >(int, at::native::FillFunctor<int>, std::array<char*, 1ul>)",1337,2850334421646376,2850334421848458,0,0,8,0,16,256,1,1,16777216,1,1
"KERNEL_DISPATCH","Agent 4",1,0,5743,1338,213,"gemm_kernel_v2",1338,2850334421858219,2850334423294875,0,0,84,68,48,256,1,1,262144,1,1
"KERNEL_DISPATCH","Agent 4",1,0,5743,1339,117,"void at::native::vectorized_elementwise_kernel<4, at::native::FillFunctor<int>, std::array<char*, 1ul> >(int, at::native::FillFunctor<int>, std::array<char*, 1ul>)",1339,2850334423303355,2850334423502238,0,0,8,0,16,256,1,1,16777216,1,1
"KERNEL_DISPATCH","Agent 4",1,0,5743,1340,213,"gemm_kernel_v2",1340,2850334423511998,2850334424945934,0,0,84,68,48,256,1,1,262144,1,1
"KERNEL_DISPATCH","Agent 4",1,0,5743,1341,117,"void at::native::vectorized_elementwise_kernel<4, at::native::FillFunctor<int>, std::array<char*, 1ul> >(int, at::native::FillFunctor<int>, std::array<char*, 1ul>)",1341,2850334424954735,2850334425158417,0,0,8,0,16,256,1,1,16777216,1,1
"KERNEL_DISPATCH","Agent 4",1,0,5743,1342,213,"gemm_kernel_v2",1342,2850334425168177,2850334426602274,0,0,84,68,48,256,1,1,262144,1,1
"KERNEL_DISPATCH","Agent 4",1,0,5743,1343,117,"void at::native::vectorized_elementwise_kernel<4, at::native::FillFunctor<int>, std::array<char*, 1ul> >(int, at::native::FillFunctor<int>, std::array<char*, 1ul>)",1343,2850334426610754,2850334426811876,0,0,8,0,16,256,1,1,16777216,1,1
"KERNEL_DISPATCH","Agent 4",1,0,5743,1344,213,"gemm_kernel_v2",1344,2850334426821316,2850334428254933,0,0,84,68,48,256,1,1,262144,1,1
"KERNEL_DISPATCH","Agent 4",1,0,5743,1345,117,"void at::native::vectorized_elementwise_kernel<4, at::native::FillFunctor<int>, std::array<char*, 1ul> >(int, at::native::FillFunctor<int>, std::array<char*, 1ul>)",1345,2850334428263733,2850334428463255,0,0,8,0,16,256,1,1,16777216,1,1
"KERNEL_DISPATCH","Agent 4",1,0,5743,1346,213,"gemm_kernel_v2",1346,2850334428472695,2850334429910312,0,0,84,68,48,256,1,1,262144,1,1
"KERNEL_DISPATCH","Agent 4",1,0,5743,1347,117,"void at::native::vectorized_elementwise_kernel<4, at::native::FillFunctor<int>, std::array<char*, 1ul> >(int, at::native::FillFunctor<int>, std::array<char*, 1ul>)",1347,2850334429918952,2850334430118955,0,0,8,0,16,256,1,1,16777216,1,1
"KERNEL_DISPATCH","Agent 4",1,0,5743,1348,213,"gemm_kernel_v2",1348,2850334430128715,2850334431568412,0,0,84,68,48,256,1,1,262144,1,1
"KERNEL_DISPATCH","Agent 4",1,0,5743,1349,117,"void at::native::vectorized_elementwise_kernel<4, at::native::FillFunctor<int>, std::array<char*, 1ul> >(int, at::native::FillFunctor<int>, std::array<char*, 1ul>)",1349,2850334431577052,2850334431779934,0,0,8,0,16,256,1,1,16777216,1,1
"KERNEL_DISPATCH","Agent 4",1,0,5743,1350,213,"gemm_kernel_v2",1350,2850334431789054,2850334433219951,0,0,84,68,48,256,1,1,262144,1,1
"KERNEL_DISPATCH","Agent 4",1,0,5743,1351,117,"void at::native::vectorized_elementwise_kernel<4, at::native::FillFunctor<int>, std::array<char*, 1ul> >(int, at::native::FillFunctor<int>, std::array<char*, 1ul>)",1351,2850334433228591,2850334433430353,0,0,8,0,16,256,1,1,16777216,1,1
"KERNEL_DISPATCH","Agent 4",1,0,5743,1352,213,"gemm_kernel_v2",1352,2850334433439848,2850334434875064,0,0,84,68,48,256,1,1,262144,1,1
"KERNEL_DISPATCH","Agent 4",1,0,5743,1353,117,"void at::native::vectorized_elementwise_kernel<4, at::native::FillFunctor<int>, std::array<char*, 1ul> >(int, at::native::FillFunctor<int>, std::array<char*, 1ul>)",1353,2850334434883704,2850334435086426,0,0,8,0,16,256,1,1,16777216,1,1
"KERNEL_DISPATCH","Agent 4",1,0,5743,1354,213,"gemm_kernel_v2",1354,2850334435096186,2850334436529803,0,0,84,68,48,256,1,1,262144,1,1
"KERNEL_DISPATCH","Agent 4",1,0,5743,1355,117,"void at::native::vectorized_elementwise_kernel<4, at::native::FillFunctor<int>, std::array<char*, 1ul> >(int, at::native::FillFunctor<int>, std::array<char*, 1ul>)",1355,2850334436538123,2850334436739565,0,0,8,0,16,256,1,1,16777216,1,1
"KERNEL_DISPATCH","Agent 4",1,0,5743,1356,213,"gemm_kernel_v2",1356,2850334436749005,2850334438180862,0,0,84,68,48,256,1,1,262144,1,1
"KERNEL_DISPATCH","Agent 4",1,0,5743,1357,117,"void at::native::vectorized_elementwise_kernel<4, at::native::FillFunctor<int>, std::array<char*, 1ul> >(int, at::native::FillFunctor<int>, std::array<char*, 1ul>)",1357,2850334438189662,2850334438389344,0,0,8,0,16,256,1,1,16777216,1,1
"KERNEL_DISPATCH","Agent 4",1,0,5743,1358,213,"gemm_kernel_v2",1358,2850334438398944,2850334439834161,0,0,84,68,48,256,1,1,262144,1,1
"KERNEL_DISPATCH","Agent 4",1,0,5743,1359,117,"void at::native::vectorized_elementwise_kernel<4, at::native::FillFunctor<int>, std::array<char*, 1ul> >(int, at::native::FillFunctor<int>, std::array<char*, 1ul>)",1359,2850334439842481,2850334440040563,0,0,8,0,16,256,1,1,16777216,1,1
"KERNEL_DISPATCH","Agent 4",1,0,5743,1360,213,"gemm_kernel_v2",1360,2850334440049844,2850334441491940,0,0,84,68,48,256,1,1,262144,1,1
"KERNEL_DISPATCH","Agent 4",1,0,5743,1361,117,"void at::native::vectorized_elementwise_kernel<4, at::native::FillFunctor<int>, std::array<char*, 1ul> >(int, at::native::FillFunctor<int>, std::array<char*, 1ul>)",1361,2850334441500580,2850334441701863,0,0,8,0,16,256,1,1,16777216,1,1
"KERNEL_DISPATCH","Agent 4",1,0,5743,1362,213,"gemm_kernel_v2",1362,2850334441711623,2850334443145239,0,0,84,68,48,256,1,1,262144,1,1
"KERNEL_DISPATCH","Agent 4",1,0,5743,1363,117,"void at::native::vectorized_elementwise_kernel<4, at::native::FillFunctor<int>, std::array<char*, 1ul> >(int, at::native::FillFunctor<int>, std::array<char*, 1ul>)",1363,2850334443153880,2850334443354362,0,0,8,0,16,256,1,1,16777216,1,1
"KERNEL_DISPATCH","Agent 4",1,0,5743,1364,213,"gemm_kernel_v2",1364,2850334443363482,2850334444795339,0,0,84,68,48,256,1,1,262144,1,1
"KERNEL_DISPATCH","Agent 4",1,0,5743,1365,117,"void at::native::vectorized_elementwise_kernel<4, at::native::FillFunctor<int>, std::array<char*, 1ul> >(int, at::native::FillFunctor<int>, std::array<char*, 1ul>)",1365,2850334444803979,2850334445004461,0,0,8,0,16,256,1,1,16777216,1,1
"KERNEL_DISPATCH","Agent 4",1,0,5743,1366,213,"gemm_kernel_v2",1366,2850334445014221,2850334446451518,0,0,84,68,48,256,1,1,262144,1,1
"KERNEL_DISPATCH","Agent 4",1,0,5743,1367,117,"void at::native::vectorized_elementwise_kernel<4, at::native::FillFunctor<int>, std::array<char*, 1ul> >(int, at::native::FillFunctor<int>, std::array<char*, 1ul>)",1367,2850334446460158,2850334446664160,0,0,8,0,16,256,1,1,16777216,1,1
"KERNEL_DISPATCH","Agent 4",1,0,5743,1368,213,"gemm_kernel_v2",1368,2850334446673920,2850334448112337,0,0,84,68,48,256,1,1,262144,1,1
"KERNEL_DISPATCH","Agent 4",1,0,5743,1369,117,"void at::native::vectorized_elementwise_kernel<4, at::native::FillFunctor<int>, std::array<char*, 1ul> >(int, at::native::FillFunctor<int>, std::array<char*, 1ul>)",1369,2850334448121137,2850334448325460,0,0,8,0,16,256,1,1,16777216,1,1
"KERNEL_DISPATCH","Agent 4",1,0,5743,1370,213,"gemm_kernel_v2",1370,2850334448334900,2850334449769156,0,0,84,68,48,256,1,1,262144,1,1
"KERNEL_DISPATCH","Agent 4",1,0,5743,1371,117,"void at::native::vectorized_elementwise_kernel<4, at::native::FillFunctor<int>, std::array<char*, 1ul> >(int, at::native::FillFunctor<int>, std::array<char*, 1ul>)",1371,2850334449777637,2850334449978119,0,0,8,0,16,256,1,1,16777216,1,1
"KERNEL_DISPATCH","Agent 4",1,0,5743,1372,213,"gemm_kernel_v2",1372,2850334449987559,2850334451420216,0,0,84,68,48,256,1,1,262144,1,1
"KERNEL_DISPATCH","Agent 4",1,0,5743,1373,117,"void at::native::vectorized_elementwise_kernel<4, at::native::FillFunctor<int>, std::array<char*, 1ul> >(int, at::native::FillFunctor<int>, std::array<char*, 1ul>)",1373,2850334451428856,2850334451630938,0,0,8,0,16,256,1,1,16777216,1,1
"KERNEL_DISPATCH","Agent 4",1,0,5743,1374,213,"gemm_kernel_v2",1374,2850334451640218,2850334453074315,0,0,84,68,48,256,1,1,262144,1,1
"KERNEL_DISPATCH","Agent 4",1,0,5743,1375,117,"void at::native::vectorized_elementwise_kernel<4, at::native::FillFunctor<int>, std::array<char*, 1ul> >(int, at::native::FillFunctor<int>, std::array<char*, 1ul>)",1375,2850334453083115,2850334453281357,0,0,8,0,16,256,1,1,16777216,1,1
"KERNEL_DISPATCH","Agent 4",1,0,5743,1376,213,"gemm_kernel_v2",1376,2850334453290637,2850334454725534,0,0,84,68,48,256,1,1,262144,1,1
"KERNEL_DISPATCH","Agent 4",1,0,5743,1377,117,"void at::native::vectorized_elementwise_kernel<4, at::native::FillFunctor<int>, std::array<char*, 1ul> >(int, at::native::FillFunctor<int>, std::array<char*, 1ul>)",1377,2850334454734334,2850334454936896,0,0,8,0,16,256,1,1,16777216,1,1
"KERNEL_DISPATCH","Agent 4",1,0,5743,1378,213,"gemm_kernel_v2",1378,2850334454946817,2850334456381713,0,0,84,68,48,256,1,1,262144,1,1
"KERNEL_DISPATCH","Agent 4",1,0,5743,1379,117,"void at::native::vectorized_elementwise_kernel<4, at::native::FillFunctor<int>, std::array<char*, 1ul> >(int, at::native::FillFunctor<int>, std::array<char*, 1ul>)",1379,2850334456390513,2850334456588916,0,0,8,0,16,256,1,1,16777216,1,1
"KERNEL_DISPATCH","Agent 4",1,0,5743,1380,213,"gemm_kernel_v2",1380,2850334456598836,2850334458031972,0,0,84,68,48,256,1,1,262144,1,1
"KERNEL_DISPATCH","Agent 4",1,0,5743,1381,117,"void at::native::vectorized_elementwise_kernel<4, at::native::FillFunctor<int>, std::array<char*, 1ul> >(int, at::native::FillFunctor<int>, std::array<char*, 1ul>)",1381,2850334458040933,2850334458241415,0,0,8,0,16,256,1,1,16777216,1,1
"KERNEL_DISPATCH","Agent 4",1,0,5743,1382,213,"gemm_kernel_v2",1382,2850334458251015,2850334459685912,0,0,84,68,48,256,1,1,262144,1,1
"KERNEL_DISPATCH","Agent 4",1,0,5743,1383,117,"void at::native::vectorized_elementwise_kernel<4, at::native::FillFunctor<int>, std::array<char*, 1ul> >(int, at::native::FillFunctor<int>, std::array<char*, 1ul>)",1383,2850334459694552,2850334459897274,0,0,8,0,16,256,1,1,16777216,1,1
"KERNEL_DISPATCH","Agent 4",1,0,5743,1384,213,"gemm_kernel_v2",1384,2850334459906874,2850334461338091,0,0,84,68,48,256,1,1,262144,1,1
"KERNEL_DISPATCH","Agent 4",1,0,5743,1385,117,"void at::native::vectorized_elementwise_kernel<4, at::native::FillFunctor<int>, std::array<char*, 1ul> >(int, at::native::FillFunctor<int>, std::array<char*, 1ul>)",1385,2850334461346891,2850334461553773,0,0,8,0,16,256,1,1,16777216,1,1
"KERNEL_DISPATCH","Agent 4",1,0,5743,1386,213,"gemm_kernel_v2",1386,2850334461563373,2850334462998590,0,0,84,68,48,256,1,1,262144,1,1
"KERNEL_DISPATCH","Agent 4",1,0,5743,1387,117,"void at::native::vectorized_elementwise_kernel<4, at::native::FillFunctor<int>, std::array<char*, 1ul> >(int, at::native::FillFunctor<int>, std::array<char*, 1ul>)",1387,2850334463007710,2850334463209633,0,0,8,0,16,256,1,1,16777216,1,1
"KERNEL_DISPATCH","Agent 4",1,0,5743,1388,213,"gemm_kernel_v2",1388,2850334463219233,2850334464653009,0,0,84,68,48,256,1,1,262144,1,1
"KERNEL_DISPATCH","Agent 4",1,0,5743,1389,117,"void at::native::vectorized_elementwise_kernel<4, at::native::FillFunctor<int>, std::array<char*, 1ul> >(int, at::native::FillFunctor<int>, std::array<char*, 1ul>)",1389,2850334464661649,2850334464861972,0,0,8,0,16,256,1,1,16777216,1,1
"KERNEL_DISPATCH","Agent 4",1,0,5743,1390,213,"gemm_kernel_v2",1390,2850334464871572,2850334466303429,0,0,84,68,48,256,1,1,262144,1,1
"KERNEL_DISPATCH","Agent 4",1,0,5743,1391,117,"void at::native::vectorized_elementwise_kernel<4, at::native::FillFunctor<int>, std::array<char*, 1ul> >(int, at::native::FillFunctor<int>, std::array<char*, 1ul>)",1391,2850334466312229,2850334466512871,0,0,8,0,16,256,1,1,16777216,1,1
"KERNEL_DISPATCH","Agent 4",1,0,5743,1392,213,"gemm_kernel_v2",1392,2850334466522311,2850334467957688,0,0,84,68,48,256,1,1,262144,1,1
"KERNEL_DISPATCH","Agent 4",1,0,5743,1393,117,"void at::native::vectorized_elementwise_kernel<4, at::native::FillFunctor<int>, std::array<char*, 1ul> >(int, at::native::FillFunctor<int>, std::array<char*, 1ul>)",1393,2850334467966808,2850334468163930,0,0,8,0,16,256,1,1,16777216,1,1
"KERNEL_DISPATCH","Agent 4",1,0,5743,1394,213,"gemm_kernel_v2",1394,2850334468173690,2850334469607467,0,0,84,68,48,256,1,1,262144,1,1
"KERNEL_DISPATCH","Agent 4",1,0,5743,1395,117,"void at::native::vectorized_elementwise_kernel<4, at::native::FillFunctor<int>, std::array<char*, 1ul> >(int, at::native::FillFunctor<int>, std::array<char*, 1ul>)",1395,2850334469616107,2850334469816589,0,0,8,0,16,256,1,1,16777216,1,1
"KERNEL_DISPATCH","Agent 4",1,0,5743,1396,213,"gemm_kernel_v2",1396,2850334469826189,2850334471255326,0,0,84,68,48,256,1,1,262144,1,1
"KERNEL_DISPATCH","Agent 4",1,0,5743,1397,117,"void at::native::vectorized_elementwise_kernel<4, at::native::FillFunctor<int>, std::array<char*, 1ul> >(int, at::native::FillFunctor<int>, std::array<char*, 1ul>)",1397,2850334471263806,2850334471464288,0,0,8,0,16,256,1,1,16777216,1,1
"KERNEL_DISPATCH","Agent 4",1,0,5743,1398,213,"gemm_kernel_v2",1398,2850334471473569,2850334472907025,0,0,84,68,48,256,1,1,262144,1,1
"KERNEL_DISPATCH","Agent 4",1,0,5743,1399,117,"void at::native::vectorized_elementwise_kernel<4, at::native::FillFunctor<int>, std::array<char*, 1ul> >(int, at::native::FillFunctor<int>, std::array<char*, 1ul>)",1399,2850334472915985,2850334473115188,0,0,8,0,16,256,1,1,16777216,1,1
"KERNEL_DISPATCH","Agent 4",1,0,5743,1400,213,"gemm_kernel_v2",1400,2850334473125108,2850334474561764,0,0,84,68,48,256,1,1,262144,1,1
"KERNEL_DISPATCH","Agent 4",1,0,5743,1401,117,"void at::native::vectorized_elementwise_kernel<4, at::native::FillFunctor<int>, std::array<char*, 1ul> >(int, at::native::FillFunctor<int>, std::array<char*, 1ul>)",1401,2850334474570085,2850334474769607,0,0,8,0,16,256,1,1,16777216,1,1
"KERNEL_DISPATCH","Agent 4",1,0,5743,1402,213,"gemm_kernel_v2",1402,2850334474778887,2850334476216344,0,0,84,68,48,256,1,1,262144,1,1
"KERNEL_DISPATCH","Agent 4",1,0,5743,1403,117,"void at::native::vectorized_elementwise_kernel<4, at::native::FillFunctor<int>, std::array<char*, 1ul> >(int, at::native::FillFunctor<int>, std::array<char*, 1ul>)",1403,2850334476225144,2850334476423226,0,0,8,0,16,256,1,1,16777216,1,1
"KERNEL_DISPATCH","Agent 4",1,0,5743,1404,213,"gemm_kernel_v2",1404,2850334476432986,2850334477869323,0,0,84,68,48,256,1,1,262144,1,1
"KERNEL_DISPATCH","Agent 4",1,0,5743,1405,117,"void at::native::vectorized_elementwise_kernel<4, at::native::FillFunctor<int>, std::array<char*, 1ul> >(int, at::native::FillFunctor<int>, std::array<char*, 1ul>)",1405,2850334477878123,2850334478077805,0,0,8,0,16,256,1,1,16777216,1,1
"KERNEL_DISPATCH","Agent 4",1,0,5743,1406,213,"gemm_kernel_v2",1406,2850334478087405,2850334479525982,0,0,84,68,48,256,1,1,262144,1,1
"KERNEL_DISPATCH","Agent 4",1,0,5743,1407,117,"void at::native::vectorized_elementwise_kernel<4, at::native::FillFunctor<int>, std::array<char*, 1ul> >(int, at::native::FillFunctor<int>, std::array<char*, 1ul>)",1407,2850334479534462,2850334479736865,0,0,8,0,16,256,1,1,16777216,1,1
"KERNEL_DISPATCH","Agent 4",1,0,5743,1408,213,"gemm_kernel_v2",1408,2850334479746305,2850334481181201,0,0,84,68,48,256,1,1,262144,1,1
"KERNEL_DISPATCH","Agent 4",1,0,5743,1409,117,"void at::native::vectorized_elementwise_kernel<4, at::native::FillFunctor<int>, std::array<char*, 1ul> >(int, at::native::FillFunctor<int>, std::array<char*, 1ul>)",1409,2850334481190161,2850334481391924,0,0,8,0,16,256,1,1,16777216,1,1
"KERNEL_DISPATCH","Agent 4",1,0,5743,1410,213,"gemm_kernel_v2",1410,2850334481401364,2850334482837061,0,0,84,68,48,256,1,1,262144,1,1
"KERNEL_DISPATCH","Agent 4",1,0,5743,1411,117,"void at::native::vectorized_elementwise_kernel<4, at::native::FillFunctor<int>, std::array<char*, 1ul> >(int, at::native::FillFunctor<int>, std::array<char*, 1ul>)",1411,2850334482845861,2850334483043463,0,0,8,0,16,256,1,1,16777216,1,1
"KERNEL_DISPATCH","Agent 4",1,0,5743,1412,213,"gemm_kernel_v2",1412,2850334483052743,2850334484488760,0,0,84,68,48,256,1,1,262144,1,1
"KERNEL_DISPATCH","Agent 4",1,0,5743,1413,117,"void at::native::vectorized_elementwise_kernel<4, at::native::FillFunctor<int>, std::array<char*, 1ul> >(int, at::native::FillFunctor<int>, std::array<char*, 1ul>)",1413,2850334484497400,2850334484697882,0,0,8,0,16,256,1,1,16777216,1,1
"KERNEL_DISPATCH","Agent 4",1,0,5743,1414,213,"gemm_kernel_v2",1414,2850334484707322,2850334486148139,0,0,84,68,48,256,1,1,262144,1,1
"KERNEL_DISPATCH","Agent 4",1,0,5743,1415,117,"void at::native::vectorized_elementwise_kernel<4, at::native::FillFunctor<int>, std::array<char*, 1ul> >(int, at::native::FillFunctor<int>, std::array<char*, 1ul>)",1415,2850334486156779,2850334486356782,0,0,8,0,16,256,1,1,16777216,1,1
"KERNEL_DISPATCH","Agent 4",1,0,5743,1416,213,"gemm_kernel_v2",1416,2850334486365902,2850334487803038,0,0,84,68,48,256,1,1,262144,1,1
"KERNEL_DISPATCH","Agent 4",1,0,5743,1417,117,"void at::native::vectorized_elementwise_kernel<4, at::native::FillFunctor<int>, std::array<char*, 1ul> >(int, at::native::FillFunctor<int>, std::array<char*, 1ul>)",1417,2850334487811678,2850334488011521,0,0,8,0,16,256,1,1,16777216,1,1
"KERNEL_DISPATCH","Agent 4",1,0,5743,1418,213,"gemm_kernel_v2",1418,2850334488021121,2850334489460018,0,0,84,68,48,256,1,1,262144,1,1
"KERNEL_DISPATCH","Agent 4",1,0,5743,1419,117,"void at::native::vectorized_elementwise_kernel<4, at::native::FillFunctor<int>, std::array<char*, 1ul> >(int, at::native::FillFunctor<int>, std::array<char*, 1ul>)",1419,2850334489468498,2850334489667380,0,0,8,0,16,256,1,1,16777216,1,1
"KERNEL_DISPATCH","Agent 4",1,0,5743,1420,213,"gemm_kernel_v2",1420,2850334489676820,2850334491120357,0,0,84,68,48,256,1,1,262144,1,1
"KERNEL_DISPATCH","Agent 4",1,0,5743,1421,117,"void at::native::vectorized_elementwise_kernel<4, at::native::FillFunctor<int>, std::array<char*, 1ul> >(int, at::native::FillFunctor<int>, std::array<char*, 1ul>)",1421,2850334491128997,2850334491325959,0,0,8,0,16,256,1,1,16777216,1,1
"KERNEL_DISPATCH","Agent 4",1,0,5743,1422,213,"gemm_kernel_v2",1422,2850334491335719,2850334492772216,0,0,84,68,48,256,1,1,262144,1,1
"KERNEL_DISPATCH","Agent 4",1,0,5743,1423,117,"void at::native::vectorized_elementwise_kernel<4, at::native::FillFunctor<int>, std::array<char*, 1ul> >(int, at::native::FillFunctor<int>, std::array<char*, 1ul>)",1423,2850334492780696,2850334492980858,0,0,8,0,16,256,1,1,16777216,1,1
"KERNEL_DISPATCH","Agent 4",1,0,5743,1424,213,"gemm_kernel_v2",1424,2850334492990459,2850334494425195,0,0,84,68,48,256,1,1,262144,1,1
"KERNEL_DISPATCH","Agent 4",1,0,5743,1425,117,"void at::native::vectorized_elementwise_kernel<4, at::native::FillFunctor<int>, std::array<char*, 1ul> >(int, at::native::FillFunctor<int>, std::array<char*, 1ul>)",1425,2850334494433835,2850334494632878,0,0,8,0,16,256,1,1,16777216,1,1
"KERNEL_DISPATCH","Agent 4",1,0,5743,1426,213,"gemm_kernel_v2",1426,2850334494642318,2850334496080574,0,0,84,68,48,256,1,1,262144,1,1
"KERNEL_DISPATCH","Agent 4",1,0,5743,1427,117,"void at::native::vectorized_elementwise_kernel<4, at::native::FillFunctor<int>, std::array<char*, 1ul> >(int, at::native::FillFunctor<int>, std::array<char*, 1ul>)",1427,2850334496089055,2850334496286977,0,0,8,0,16,256,1,1,16777216,1,1
"KERNEL_DISPATCH","Agent 4",1,0,5743,1428,213,"gemm_kernel_v2",1428,2850334496296783,2850334497729759,0,0,84,68,48,256,1,1,262144,1,1
"KERNEL_DISPATCH","Agent 4",1,0,5743,1429,117,"void at::native::vectorized_elementwise_kernel<4, at::native::FillFunctor<int>, std::array<char*, 1ul> >(int, at::native::FillFunctor<int>, std::array<char*, 1ul>)",1429,2850334497738239,2850334497936321,0,0,8,0,16,256,1,1,16777216,1,1
"KERNEL_DISPATCH","Agent 4",1,0,5743,1430,213,"gemm_kernel_v2",1430,2850334497945601,2850334499378738,0,0,84,68,48,256,1,1,262144,1,1
"KERNEL_DISPATCH","Agent 4",1,0,5743,1431,117,"void at::native::vectorized_elementwise_kernel<4, at::native::FillFunctor<int>, std::array<char*, 1ul> >(int, at::native::FillFunctor<int>, std::array<char*, 1ul>)",1431,2850334499387378,2850334499587220,0,0,8,0,16,256,1,1,16777216,1,1
"KERNEL_DISPATCH","Agent 4",1,0,5743,1432,213,"gemm_kernel_v2",1432,2850334499596660,2850334501030917,0,0,84,68,48,256,1,1,262144,1,1
"KERNEL_DISPATCH","Agent 4",1,0,5743,1433,214,"gemm_kernel_v2",1433,2850334531160708,2850334532563284,0,0,68,4,32,512,1,1,524288,1,1
"KERNEL_DISPATCH","Agent 4",1,0,5743,1434,117,"void at::native::vectorized_elementwise_kernel<4, at::native::FillFunctor<int>, std::array<char*, 1ul> >(int, at::native::FillFunctor<int>, std::array<char*, 1ul>)",1434,2850334532646165,2850334532845688,0,0,8,0,16,256,1,1,16777216,1,1
"KERNEL_DISPATCH","Agent 4",1,0,5743,1435,214,"gemm_kernel_v2",1435,2850334532845688,2850334534245224,0,0,68,4,32,512,1,1,524288,1,1
"KERNEL_DISPATCH","Agent 4",1,0,5743,1436,117,"void at::native::vectorized_elementwise_kernel<4, at::native::FillFunctor<int>, std::array<char*, 1ul> >(int, at::native::FillFunctor<int>, std::array<char*, 1ul>)",1436,2850334534245224,2850334534447946,0,0,8,0,16,256,1,1,16777216,1,1
"KERNEL_DISPATCH","Agent 4",1,0,5743,1437,214,"gemm_kernel_v2",1437,2850334534447946,2850334535845083,0,0,68,4,32,512,1,1,524288,1,1
"KERNEL_DISPATCH","Agent 4",1,0,5743,1438,117,"void at::native::vectorized_elementwise_kernel<4, at::native::FillFunctor<int>, std::array<char*, 1ul> >(int, at::native::FillFunctor<int>, std::array<char*, 1ul>)",1438,2850334535845083,2850334536046845,0,0,8,0,16,256,1,1,16777216,1,1
"KERNEL_DISPATCH","Agent 4",1,0,5743,1439,214,"gemm_kernel_v2",1439,2850334536046845,2850334537446061,0,0,68,4,32,512,1,1,524288,1,1
"KERNEL_DISPATCH","Agent 4",1,0,5743,1440,117,"void at::native::vectorized_elementwise_kernel<4, at::native::FillFunctor<int>, std::array<char*, 1ul> >(int, at::native::FillFunctor<int>, std::array<char*, 1ul>)",1440,2850334537446061,2850334537647984,0,0,8,0,16,256,1,1,16777216,1,1
"KERNEL_DISPATCH","Agent 4",1,0,5743,1441,214,"gemm_kernel_v2",1441,2850334537647984,2850334539049280,0,0,68,4,32,512,1,1,524288,1,1
"KERNEL_DISPATCH","Agent 4",1,0,5743,1442,117,"void at::native::vectorized_elementwise_kernel<4, at::native::FillFunctor<int>, std::array<char*, 1ul> >(int, at::native::FillFunctor<int>, std::array<char*, 1ul>)",1442,2850334539049280,2850334539254242,0,0,8,0,16,256,1,1,16777216,1,1
"KERNEL_DISPATCH","Agent 4",1,0,5743,1443,214,"gemm_kernel_v2",1443,2850334539254242,2850334540651379,0,0,68,4,32,512,1,1,524288,1,1
"KERNEL_DISPATCH","Agent 4",1,0,5743,1444,214,"gemm_kernel_v2",1444,2850334540839381,2850334542238757,0,0,68,4,32,512,1,1,524288,1,1
"KERNEL_DISPATCH","Agent 4",1,0,5743,1445,214,"gemm_kernel_v2",1445,2850334542238757,2850334543639094,0,0,68,4,32,512,1,1,524288,1,1
"KERNEL_DISPATCH","Agent 4",1,0,5743,1446,214,"gemm_kernel_v2",1446,2850334543639094,2850334545039430,0,0,68,4,32,512,1,1,524288,1,1
"KERNEL_DISPATCH","Agent 4",1,0,5743,1447,214,"gemm_kernel_v2",1447,2850334545039430,2850334546442166,0,0,68,4,32,512,1,1,524288,1,1
"KERNEL_DISPATCH","Agent 4",1,0,5743,1448,214,"gemm_kernel_v2",1448,2850334546442166,2850334547842503,0,0,68,4,32,512,1,1,524288,1,1
"KERNEL_DISPATCH","Agent 4",1,0,5743,1449,214,"gemm_kernel_v2",1449,2850334547842503,2850334549242519,0,0,68,4,32,512,1,1,524288,1,1
"KERNEL_DISPATCH","Agent 4",1,0,5743,1450,214,"gemm_kernel_v2",1450,2850334549242519,2850334550643335,0,0,68,4,32,512,1,1,524288,1,1
"KERNEL_DISPATCH","Agent 4",1,0,5743,1451,214,"gemm_kernel_v2",1451,2850334550643335,2850334552043191,0,0,68,4,32,512,1,1,524288,1,1
"KERNEL_DISPATCH","Agent 4",1,0,5743,1452,214,"gemm_kernel_v2",1452,2850334552043191,2850334553445288,0,0,68,4,32,512,1,1,524288,1,1
"KERNEL_DISPATCH","Agent 4",1,0,5743,1453,214,"gemm_kernel_v2",1453,2850334553445288,2850334554845144,0,0,68,4,32,512,1,1,524288,1,1
"KERNEL_DISPATCH","Agent 4",1,0,5743,1454,214,"gemm_kernel_v2",1454,2850334554845144,2850334556245960,0,0,68,4,32,512,1,1,524288,1,1
"KERNEL_DISPATCH","Agent 4",1,0,5743,1455,214,"gemm_kernel_v2",1455,2850334556245960,2850334557649657,0,0,68,4,32,512,1,1,524288,1,1
"KERNEL_DISPATCH","Agent 4",1,0,5743,1456,214,"gemm_kernel_v2",1456,2850334557649657,2850334559049673,0,0,68,4,32,512,1,1,524288,1,1
"KERNEL_DISPATCH","Agent 4",1,0,5743,1457,214,"gemm_kernel_v2",1457,2850334559049616,2850334560448992,0,0,68,4,32,512,1,1,524288,1,1
"KERNEL_DISPATCH","Agent 4",1,0,5743,1458,214,"gemm_kernel_v2",1458,2850334560448992,2850334561851088,0,0,68,4,32,512,1,1,524288,1,1
"KERNEL_DISPATCH","Agent 4",1,0,5743,1459,117,"void at::native::vectorized_elementwise_kernel<4, at::native::FillFunctor<int>, std::array<char*, 1ul> >(int, at::native::FillFunctor<int>, std::array<char*, 1ul>)",1459,2850334561851088,2850334562049010,0,0,8,0,16,256,1,1,16777216,1,1
"KERNEL_DISPATCH","Agent 4",1,0,5743,1460,214,"gemm_kernel_v2",1460,2850334562060050,2850334563466147,0,0,68,4,32,512,1,1,524288,1,1
"KERNEL_DISPATCH","Agent 4",1,0,5743,1461,117,"void at::native::vectorized_elementwise_kernel<4, at::native::FillFunctor<int>, std::array<char*, 1ul> >(int, at::native::FillFunctor<int>, std::array<char*, 1ul>)",1461,2850334563474627,2850334563673989,0,0,8,0,16,256,1,1,16777216,1,1
"KERNEL_DISPATCH","Agent 4",1,0,5743,1462,214,"gemm_kernel_v2",1462,2850334563683429,2850334565083925,0,0,68,4,32,512,1,1,524288,1,1
"KERNEL_DISPATCH","Agent 4",1,0,5743,1463,117,"void at::native::vectorized_elementwise_kernel<4, at::native::FillFunctor<int>, std::array<char*, 1ul> >(int, at::native::FillFunctor<int>, std::array<char*, 1ul>)",1463,2850334565092405,2850334565291928,0,0,8,0,16,256,1,1,16777216,1,1
"KERNEL_DISPATCH","Agent 4",1,0,5743,1464,214,"gemm_kernel_v2",1464,2850334565301368,2850334566700584,0,0,68,4,32,512,1,1,524288,1,1
"KERNEL_DISPATCH","Agent 4",1,0,5743,1465,117,"void at::native::vectorized_elementwise_kernel<4, at::native::FillFunctor<int>, std::array<char*, 1ul> >(int, at::native::FillFunctor<int>, std::array<char*, 1ul>)",1465,2850334566709224,2850334566908427,0,0,8,0,16,256,1,1,16777216,1,1
"KERNEL_DISPATCH","Agent 4",1,0,5743,1466,214,"gemm_kernel_v2",1466,2850334566917867,2850334568317563,0,0,68,4,32,512,1,1,524288,1,1
"KERNEL_DISPATCH","Agent 4",1,0,5743,1467,117,"void at::native::vectorized_elementwise_kernel<4, at::native::FillFunctor<int>, std::array<char*, 1ul> >(int, at::native::FillFunctor<int>, std::array<char*, 1ul>)",1467,2850334568326203,2850334568526045,0,0,8,0,16,256,1,1,16777216,1,1
"KERNEL_DISPATCH","Agent 4",1,0,5743,1468,214,"gemm_kernel_v2",1468,2850334568535486,2850334569932462,0,0,68,4,32,512,1,1,524288,1,1
"KERNEL_DISPATCH","Agent 4",1,0,5743,1469,117,"void at::native::vectorized_elementwise_kernel<4, at::native::FillFunctor<int>, std::array<char*, 1ul> >(int, at::native::FillFunctor<int>, std::array<char*, 1ul>)",1469,2850334569941582,2850334570144144,0,0,8,0,16,256,1,1,16777216,1,1
"KERNEL_DISPATCH","Agent 4",1,0,5743,1470,214,"gemm_kernel_v2",1470,2850334570153584,2850334571556641,0,0,68,4,32,512,1,1,524288,1,1
"KERNEL_DISPATCH","Agent 4",1,0,5743,1471,117,"void at::native::vectorized_elementwise_kernel<4, at::native::FillFunctor<int>, std::array<char*, 1ul> >(int, at::native::FillFunctor<int>, std::array<char*, 1ul>)",1471,2850334571565121,2850334571767043,0,0,8,0,16,256,1,1,16777216,1,1
"KERNEL_DISPATCH","Agent 4",1,0,5743,1472,214,"gemm_kernel_v2",1472,2850334571776643,2850334573179540,0,0,68,4,32,512,1,1,524288,1,1
"KERNEL_DISPATCH","Agent 4",1,0,5743,1473,117,"void at::native::vectorized_elementwise_kernel<4, at::native::FillFunctor<int>, std::array<char*, 1ul> >(int, at::native::FillFunctor<int>, std::array<char*, 1ul>)",1473,2850334573187860,2850334573384662,0,0,8,0,16,256,1,1,16777216,1,1
"KERNEL_DISPATCH","Agent 4",1,0,5743,1474,214,"gemm_kernel_v2",1474,2850334573394262,2850334574797638,0,0,68,4,32,512,1,1,524288,1,1
"KERNEL_DISPATCH","Agent 4",1,0,5743,1475,117,"void at::native::vectorized_elementwise_kernel<4, at::native::FillFunctor<int>, std::array<char*, 1ul> >(int, at::native::FillFunctor<int>, std::array<char*, 1ul>)",1475,2850334574806279,2850334575004841,0,0,8,0,16,256,1,1,16777216,1,1
"KERNEL_DISPATCH","Agent 4",1,0,5743,1476,214,"gemm_kernel_v2",1476,2850334575014281,2850334576414137,0,0,68,4,32,512,1,1,524288,1,1
"KERNEL_DISPATCH","Agent 4",1,0,5743,1477,117,"void at::native::vectorized_elementwise_kernel<4, at::native::FillFunctor<int>, std::array<char*, 1ul> >(int, at::native::FillFunctor<int>, std::array<char*, 1ul>)",1477,2850334576422617,2850334576624220,0,0,8,0,16,256,1,1,16777216,1,1
"KERNEL_DISPATCH","Agent 4",1,0,5743,1478,214,"gemm_kernel_v2",1478,2850334576633500,2850334578037676,0,0,68,4,32,512,1,1,524288,1,1
"KERNEL_DISPATCH","Agent 4",1,0,5743,1479,117,"void at::native::vectorized_elementwise_kernel<4, at::native::FillFunctor<int>, std::array<char*, 1ul> >(int, at::native::FillFunctor<int>, std::array<char*, 1ul>)",1479,2850334578046636,2850334578246799,0,0,8,0,16,256,1,1,16777216,1,1
"KERNEL_DISPATCH","Agent 4",1,0,5743,1480,214,"gemm_kernel_v2",1480,2850334578256559,2850334579658015,0,0,68,4,32,512,1,1,524288,1,1
"KERNEL_DISPATCH","Agent 4",1,0,5743,1481,117,"void at::native::vectorized_elementwise_kernel<4, at::native::FillFunctor<int>, std::array<char*, 1ul> >(int, at::native::FillFunctor<int>, std::array<char*, 1ul>)",1481,2850334579666655,2850334579869698,0,0,8,0,16,256,1,1,16777216,1,1
"KERNEL_DISPATCH","Agent 4",1,0,5743,1482,214,"gemm_kernel_v2",1482,2850334579879138,2850334581282674,0,0,68,4,32,512,1,1,524288,1,1
"KERNEL_DISPATCH","Agent 4",1,0,5743,1483,117,"void at::native::vectorized_elementwise_kernel<4, at::native::FillFunctor<int>, std::array<char*, 1ul> >(int, at::native::FillFunctor<int>, std::array<char*, 1ul>)",1483,2850334581291474,2850334581492116,0,0,8,0,16,256,1,1,16777216,1,1
"KERNEL_DISPATCH","Agent 4",1,0,5743,1484,214,"gemm_kernel_v2",1484,2850334581501557,2850334582903333,0,0,68,4,32,512,1,1,524288,1,1
"KERNEL_DISPATCH","Agent 4",1,0,5743,1485,117,"void at::native::vectorized_elementwise_kernel<4, at::native::FillFunctor<int>, std::array<char*, 1ul> >(int, at::native::FillFunctor<int>, std::array<char*, 1ul>)",1485,2850334582911973,2850334583117575,0,0,8,0,16,256,1,1,16777216,1,1
"KERNEL_DISPATCH","Agent 4",1,0,5743,1486,214,"gemm_kernel_v2",1486,2850334583127335,2850334584529592,0,0,68,4,32,512,1,1,524288,1,1
"KERNEL_DISPATCH","Agent 4",1,0,5743,1487,117,"void at::native::vectorized_elementwise_kernel<4, at::native::FillFunctor<int>, std::array<char*, 1ul> >(int, at::native::FillFunctor<int>, std::array<char*, 1ul>)",1487,2850334584538552,2850334584739194,0,0,8,0,16,256,1,1,16777216,1,1
"KERNEL_DISPATCH","Agent 4",1,0,5743,1488,214,"gemm_kernel_v2",1488,2850334584748634,2850334586150571,0,0,68,4,32,512,1,1,524288,1,1
"KERNEL_DISPATCH","Agent 4",1,0,5743,1489,117,"void at::native::vectorized_elementwise_kernel<4, at::native::FillFunctor<int>, std::array<char*, 1ul> >(int, at::native::FillFunctor<int>, std::array<char*, 1ul>)",1489,2850334586159371,2850334586360173,0,0,8,0,16,256,1,1,16777216,1,1
"KERNEL_DISPATCH","Agent 4",1,0,5743,1490,214,"gemm_kernel_v2",1490,2850334586369773,2850334587773150,0,0,68,4,32,512,1,1,524288,1,1
"KERNEL_DISPATCH","Agent 4",1,0,5743,1491,117,"void at::native::vectorized_elementwise_kernel<4, at::native::FillFunctor<int>, std::array<char*, 1ul> >(int, at::native::FillFunctor<int>, std::array<char*, 1ul>)",1491,2850334587781950,2850334587981472,0,0,8,0,16,256,1,1,16777216,1,1
"KERNEL_DISPATCH","Agent 4",1,0,5743,1492,214,"gemm_kernel_v2",1492,2850334587990912,2850334589390128,0,0,68,4,32,512,1,1,524288,1,1
"KERNEL_DISPATCH","Agent 4",1,0,5743,1493,117,"void at::native::vectorized_elementwise_kernel<4, at::native::FillFunctor<int>, std::array<char*, 1ul> >(int, at::native::FillFunctor<int>, std::array<char*, 1ul>)",1493,2850334589398928,2850334589598931,0,0,8,0,16,256,1,1,16777216,1,1
"KERNEL_DISPATCH","Agent 4",1,0,5743,1494,214,"gemm_kernel_v2",1494,2850334589608531,2850334591011267,0,0,68,4,32,512,1,1,524288,1,1
"KERNEL_DISPATCH","Agent 4",1,0,5743,1495,117,"void at::native::vectorized_elementwise_kernel<4, at::native::FillFunctor<int>, std::array<char*, 1ul> >(int, at::native::FillFunctor<int>, std::array<char*, 1ul>)",1495,2850334591020067,2850334591221670,0,0,8,0,16,256,1,1,16777216,1,1
"KERNEL_DISPATCH","Agent 4",1,0,5743,1496,214,"gemm_kernel_v2",1496,2850334591231110,2850334592635126,0,0,68,4,32,512,1,1,524288,1,1
"KERNEL_DISPATCH","Agent 4",1,0,5743,1497,117,"void at::native::vectorized_elementwise_kernel<4, at::native::FillFunctor<int>, std::array<char*, 1ul> >(int, at::native::FillFunctor<int>, std::array<char*, 1ul>)",1497,2850334592643926,2850334592844409,0,0,8,0,16,256,1,1,16777216,1,1
"KERNEL_DISPATCH","Agent 4",1,0,5743,1498,214,"gemm_kernel_v2",1498,2850334592853849,2850334594255145,0,0,68,4,32,512,1,1,524288,1,1
"KERNEL_DISPATCH","Agent 4",1,0,5743,1499,117,"void at::native::vectorized_elementwise_kernel<4, at::native::FillFunctor<int>, std::array<char*, 1ul> >(int, at::native::FillFunctor<int>, std::array<char*, 1ul>)",1499,2850334594263785,2850334594468268,0,0,8,0,16,256,1,1,16777216,1,1
"KERNEL_DISPATCH","Agent 4",1,0,5743,1500,214,"gemm_kernel_v2",1500,2850334594478188,2850334595883324,0,0,68,4,32,512,1,1,524288,1,1
"KERNEL_DISPATCH","Agent 4",1,0,5743,1501,117,"void at::native::vectorized_elementwise_kernel<4, at::native::FillFunctor<int>, std::array<char*, 1ul> >(int, at::native::FillFunctor<int>, std::array<char*, 1ul>)",1501,2850334595892124,2850334596090206,0,0,8,0,16,256,1,1,16777216,1,1
"KERNEL_DISPATCH","Agent 4",1,0,5743,1502,214,"gemm_kernel_v2",1502,2850334596099807,2850334597503183,0,0,68,4,32,512,1,1,524288,1,1
"KERNEL_DISPATCH","Agent 4",1,0,5743,1503,117,"void at::native::vectorized_elementwise_kernel<4, at::native::FillFunctor<int>, std::array<char*, 1ul> >(int, at::native::FillFunctor<int>, std::array<char*, 1ul>)",1503,2850334597511503,2850334597710545,0,0,8,0,16,256,1,1,16777216,1,1
"KERNEL_DISPATCH","Agent 4",1,0,5743,1504,214,"gemm_kernel_v2",1504,2850334597720305,2850334599121122,0,0,68,4,32,512,1,1,524288,1,1
"KERNEL_DISPATCH","Agent 4",1,0,5743,1505,117,"void at::native::vectorized_elementwise_kernel<4, at::native::FillFunctor<int>, std::array<char*, 1ul> >(int, at::native::FillFunctor<int>, std::array<char*, 1ul>)",1505,2850334599129762,2850334599328964,0,0,8,0,16,256,1,1,16777216,1,1
"KERNEL_DISPATCH","Agent 4",1,0,5743,1506,214,"gemm_kernel_v2",1506,2850334599338404,2850334600740021,0,0,68,4,32,512,1,1,524288,1,1
"KERNEL_DISPATCH","Agent 4",1,0,5743,1507,117,"void at::native::vectorized_elementwise_kernel<4, at::native::FillFunctor<int>, std::array<char*, 1ul> >(int, at::native::FillFunctor<int>, std::array<char*, 1ul>)",1507,2850334600748501,2850334600949463,0,0,8,0,16,256,1,1,16777216,1,1
"KERNEL_DISPATCH","Agent 4",1,0,5743,1508,214,"gemm_kernel_v2",1508,2850334600958903,2850334602358119,0,0,68,4,32,512,1,1,524288,1,1
"KERNEL_DISPATCH","Agent 4",1,0,5743,1509,117,"void at::native::vectorized_elementwise_kernel<4, at::native::FillFunctor<int>, std::array<char*, 1ul> >(int, at::native::FillFunctor<int>, std::array<char*, 1ul>)",1509,2850334602366920,2850334602569162,0,0,8,0,16,256,1,1,16777216,1,1
"KERNEL_DISPATCH","Agent 4",1,0,5743,1510,214,"gemm_kernel_v2",1510,2850334602578762,2850334603976538,0,0,68,4,32,512,1,1,524288,1,1
"KERNEL_DISPATCH","Agent 4",1,0,5743,1511,117,"void at::native::vectorized_elementwise_kernel<4, at::native::FillFunctor<int>, std::array<char*, 1ul> >(int, at::native::FillFunctor<int>, std::array<char*, 1ul>)",1511,2850334603985018,2850334604184701,0,0,8,0,16,256,1,1,16777216,1,1
"KERNEL_DISPATCH","Agent 4",1,0,5743,1512,214,"gemm_kernel_v2",1512,2850334604194301,2850334605597677,0,0,68,4,32,512,1,1,524288,1,1
"KERNEL_DISPATCH","Agent 4",1,0,5743,1513,117,"void at::native::vectorized_elementwise_kernel<4, at::native::FillFunctor<int>, std::array<char*, 1ul> >(int, at::native::FillFunctor<int>, std::array<char*, 1ul>)",1513,2850334605606477,2850334605807600,0,0,8,0,16,256,1,1,16777216,1,1
"KERNEL_DISPATCH","Agent 4",1,0,5743,1514,214,"gemm_kernel_v2",1514,2850334605817520,2850334607218496,0,0,68,4,32,512,1,1,524288,1,1
"KERNEL_DISPATCH","Agent 4",1,0,5743,1515,117,"void at::native::vectorized_elementwise_kernel<4, at::native::FillFunctor<int>, std::array<char*, 1ul> >(int, at::native::FillFunctor<int>, std::array<char*, 1ul>)",1515,2850334607226976,2850334607428098,0,0,8,0,16,256,1,1,16777216,1,1
"KERNEL_DISPATCH","Agent 4",1,0,5743,1516,214,"gemm_kernel_v2",1516,2850334607437539,2850334608842515,0,0,68,4,32,512,1,1,524288,1,1
"KERNEL_DISPATCH","Agent 4",1,0,5743,1517,117,"void at::native::vectorized_elementwise_kernel<4, at::native::FillFunctor<int>, std::array<char*, 1ul> >(int, at::native::FillFunctor<int>, std::array<char*, 1ul>)",1517,2850334608850995,2850334609053237,0,0,8,0,16,256,1,1,16777216,1,1
"KERNEL_DISPATCH","Agent 4",1,0,5743,1518,214,"gemm_kernel_v2",1518,2850334609062837,2850334610467174,0,0,68,4,32,512,1,1,524288,1,1
"KERNEL_DISPATCH","Agent 4",1,0,5743,1519,117,"void at::native::vectorized_elementwise_kernel<4, at::native::FillFunctor<int>, std::array<char*, 1ul> >(int, at::native::FillFunctor<int>, std::array<char*, 1ul>)",1519,2850334610476134,2850334610673256,0,0,8,0,16,256,1,1,16777216,1,1
"KERNEL_DISPATCH","Agent 4",1,0,5743,1520,214,"gemm_kernel_v2",1520,2850334610682856,2850334612084633,0,0,68,4,32,512,1,1,524288,1,1
"KERNEL_DISPATCH","Agent 4",1,0,5743,1521,117,"void at::native::vectorized_elementwise_kernel<4, at::native::FillFunctor<int>, std::array<char*, 1ul> >(int, at::native::FillFunctor<int>, std::array<char*, 1ul>)",1521,2850334612093273,2850334612294715,0,0,8,0,16,256,1,1,16777216,1,1
"KERNEL_DISPATCH","Agent 4",1,0,5743,1522,214,"gemm_kernel_v2",1522,2850334612304315,2850334613705612,0,0,68,4,32,512,1,1,524288,1,1
"KERNEL_DISPATCH","Agent 4",1,0,5743,1523,117,"void at::native::vectorized_elementwise_kernel<4, at::native::FillFunctor<int>, std::array<char*, 1ul> >(int, at::native::FillFunctor<int>, std::array<char*, 1ul>)",1523,2850334613714252,2850334613915374,0,0,8,0,16,256,1,1,16777216,1,1
"KERNEL_DISPATCH","Agent 4",1,0,5743,1524,214,"gemm_kernel_v2",1524,2850334613924814,2850334615326750,0,0,68,4,32,512,1,1,524288,1,1
"KERNEL_DISPATCH","Agent 4",1,0,5743,1525,117,"void at::native::vectorized_elementwise_kernel<4, at::native::FillFunctor<int>, std::array<char*, 1ul> >(int, at::native::FillFunctor<int>, std::array<char*, 1ul>)",1525,2850334615335391,2850334615536833,0,0,8,0,16,256,1,1,16777216,1,1
"KERNEL_DISPATCH","Agent 4",1,0,5743,1526,214,"gemm_kernel_v2",1526,2850334615546433,2850334616946929,0,0,68,4,32,512,1,1,524288,1,1
"KERNEL_DISPATCH","Agent 4",1,0,5743,1527,117,"void at::native::vectorized_elementwise_kernel<4, at::native::FillFunctor<int>, std::array<char*, 1ul> >(int, at::native::FillFunctor<int>, std::array<char*, 1ul>)",1527,2850334616955569,2850334617154612,0,0,8,0,16,256,1,1,16777216,1,1
"KERNEL_DISPATCH","Agent 4",1,0,5743,1528,214,"gemm_kernel_v2",1528,2850334617163732,2850334618565828,0,0,68,4,32,512,1,1,524288,1,1
"KERNEL_DISPATCH","Agent 4",1,0,5743,1529,117,"void at::native::vectorized_elementwise_kernel<4, at::native::FillFunctor<int>, std::array<char*, 1ul> >(int, at::native::FillFunctor<int>, std::array<char*, 1ul>)",1529,2850334618574468,2850334618774951,0,0,8,0,16,256,1,1,16777216,1,1
"KERNEL_DISPATCH","Agent 4",1,0,5743,1530,214,"gemm_kernel_v2",1530,2850334618784711,2850334620187607,0,0,68,4,32,512,1,1,524288,1,1
"KERNEL_DISPATCH","Agent 4",1,0,5743,1531,117,"void at::native::vectorized_elementwise_kernel<4, at::native::FillFunctor<int>, std::array<char*, 1ul> >(int, at::native::FillFunctor<int>, std::array<char*, 1ul>)",1531,2850334620196247,2850334620398489,0,0,8,0,16,256,1,1,16777216,1,1
"KERNEL_DISPATCH","Agent 4",1,0,5743,1532,214,"gemm_kernel_v2",1532,2850334620408090,2850334621810666,0,0,68,4,32,512,1,1,524288,1,1
"KERNEL_DISPATCH","Agent 4",1,0,5743,1533,117,"void at::native::vectorized_elementwise_kernel<4, at::native::FillFunctor<int>, std::array<char*, 1ul> >(int, at::native::FillFunctor<int>, std::array<char*, 1ul>)",1533,2850334621819306,2850334622023308,0,0,8,0,16,256,1,1,16777216,1,1
"KERNEL_DISPATCH","Agent 4",1,0,5743,1534,214,"gemm_kernel_v2",1534,2850334622032868,2850334623433684,0,0,68,4,32,512,1,1,524288,1,1
"KERNEL_DISPATCH","Agent 4",1,0,5743,1535,117,"void at::native::vectorized_elementwise_kernel<4, at::native::FillFunctor<int>, std::array<char*, 1ul> >(int, at::native::FillFunctor<int>, std::array<char*, 1ul>)",1535,2850334623442484,2850334623644246,0,0,8,0,16,256,1,1,16777216,1,1
"KERNEL_DISPATCH","Agent 4",1,0,5743,1536,214,"gemm_kernel_v2",1536,2850334623654006,2850334625054822,0,0,68,4,32,512,1,1,524288,1,1
"KERNEL_DISPATCH","Agent 4",1,0,5743,1537,117,"void at::native::vectorized_elementwise_kernel<4, at::native::FillFunctor<int>, std::array<char*, 1ul> >(int, at::native::FillFunctor<int>, std::array<char*, 1ul>)",1537,2850334625063302,2850334625263625,0,0,8,0,16,256,1,1,16777216,1,1
"KERNEL_DISPATCH","Agent 4",1,0,5743,1538,214,"gemm_kernel_v2",1538,2850334625273065,2850334626675161,0,0,68,4,32,512,1,1,524288,1,1
"KERNEL_DISPATCH","Agent 4",1,0,5743,1539,117,"void at::native::vectorized_elementwise_kernel<4, at::native::FillFunctor<int>, std::array<char*, 1ul> >(int, at::native::FillFunctor<int>, std::array<char*, 1ul>)",1539,2850334626683961,2850334626886204,0,0,8,0,16,256,1,1,16777216,1,1
"KERNEL_DISPATCH","Agent 4",1,0,5743,1540,214,"gemm_kernel_v2",1540,2850334626895324,2850334628296780,0,0,68,4,32,512,1,1,524288,1,1
"KERNEL_DISPATCH","Agent 4",1,0,5743,1541,117,"void at::native::vectorized_elementwise_kernel<4, at::native::FillFunctor<int>, std::array<char*, 1ul> >(int, at::native::FillFunctor<int>, std::array<char*, 1ul>)",1541,2850334628305260,2850334628507983,0,0,8,0,16,256,1,1,16777216,1,1
"KERNEL_DISPATCH","Agent 4",1,0,5743,1542,214,"gemm_kernel_v2",1542,2850334628517743,2850334629921279,0,0,68,4,32,512,1,1,524288,1,1
"KERNEL_DISPATCH","Agent 4",1,0,5743,1543,117,"void at::native::vectorized_elementwise_kernel<4, at::native::FillFunctor<int>, std::array<char*, 1ul> >(int, at::native::FillFunctor<int>, std::array<char*, 1ul>)",1543,2850334629930239,2850334630130561,0,0,8,0,16,256,1,1,16777216,1,1
"KERNEL_DISPATCH","Agent 4",1,0,5743,1544,214,"gemm_kernel_v2",1544,2850334630140161,2850334631542898,0,0,68,4,32,512,1,1,524288,1,1
"KERNEL_DISPATCH","Agent 4",1,0,5743,1545,117,"void at::native::vectorized_elementwise_kernel<4, at::native::FillFunctor<int>, std::array<char*, 1ul> >(int, at::native::FillFunctor<int>, std::array<char*, 1ul>)",1545,2850334631551538,2850334631747540,0,0,8,0,16,256,1,1,16777216,1,1
"KERNEL_DISPATCH","Agent 4",1,0,5743,1546,214,"gemm_kernel_v2",1546,2850334631756980,2850334633160997,0,0,68,4,32,512,1,1,524288,1,1
"KERNEL_DISPATCH","Agent 4",1,0,5743,1547,117,"void at::native::vectorized_elementwise_kernel<4, at::native::FillFunctor<int>, std::array<char*, 1ul> >(int, at::native::FillFunctor<int>, std::array<char*, 1ul>)",1547,2850334633170277,2850334633369479,0,0,8,0,16,256,1,1,16777216,1,1
"KERNEL_DISPATCH","Agent 4",1,0,5743,1548,214,"gemm_kernel_v2",1548,2850334633379399,2850334634779575,0,0,68,4,32,512,1,1,524288,1,1
"KERNEL_DISPATCH","Agent 4",1,0,5743,1549,117,"void at::native::vectorized_elementwise_kernel<4, at::native::FillFunctor<int>, std::array<char*, 1ul> >(int, at::native::FillFunctor<int>, std::array<char*, 1ul>)",1549,2850334634788216,2850334634990618,0,0,8,0,16,256,1,1,16777216,1,1
"KERNEL_DISPATCH","Agent 4",1,0,5743,1550,214,"gemm_kernel_v2",1550,2850334635000218,2850334636406634,0,0,68,4,32,512,1,1,524288,1,1
"KERNEL_DISPATCH","Agent 4",1,0,5743,1551,117,"void at::native::vectorized_elementwise_kernel<4, at::native::FillFunctor<int>, std::array<char*, 1ul> >(int, at::native::FillFunctor<int>, std::array<char*, 1ul>)",1551,2850334636415275,2850334636615117,0,0,8,0,16,256,1,1,16777216,1,1
"KERNEL_DISPATCH","Agent 4",1,0,5743,1552,214,"gemm_kernel_v2",1552,2850334636625197,2850334638028733,0,0,68,4,32,512,1,1,524288,1,1
"KERNEL_DISPATCH","Agent 4",1,0,5743,1553,117,"void at::native::vectorized_elementwise_kernel<4, at::native::FillFunctor<int>, std::array<char*, 1ul> >(int, at::native::FillFunctor<int>, std::array<char*, 1ul>)",1553,2850334638037373,2850334638233696,0,0,8,0,16,256,1,1,16777216,1,1
"KERNEL_DISPATCH","Agent 4",1,0,5743,1554,214,"gemm_kernel_v2",1554,2850334638243136,2850334639644272,0,0,68,4,32,512,1,1,524288,1,1
"KERNEL_DISPATCH","Agent 4",1,0,5743,1555,117,"void at::native::vectorized_elementwise_kernel<4, at::native::FillFunctor<int>, std::array<char*, 1ul> >(int, at::native::FillFunctor<int>, std::array<char*, 1ul>)",1555,2850334639652752,2850334639854195,0,0,8,0,16,256,1,1,16777216,1,1
"KERNEL_DISPATCH","Agent 4",1,0,5743,1556,214,"gemm_kernel_v2",1556,2850334639863795,2850334641265891,0,0,68,4,32,512,1,1,524288,1,1
"KERNEL_DISPATCH","Agent 4",1,0,5743,1557,117,"void at::native::vectorized_elementwise_kernel<4, at::native::FillFunctor<int>, std::array<char*, 1ul> >(int, at::native::FillFunctor<int>, std::array<char*, 1ul>)",1557,2850334641274371,2850334641478533,0,0,8,0,16,256,1,1,16777216,1,1
"KERNEL_DISPATCH","Agent 4",1,0,5743,1558,214,"gemm_kernel_v2",1558,2850334641488294,2850334642890710,0,0,68,4,32,512,1,1,524288,1,1
"KERNEL_DISPATCH","Agent 4",1,0,5743,1559,117,"void at::native::vectorized_elementwise_kernel<4, at::native::FillFunctor<int>, std::array<char*, 1ul> >(int, at::native::FillFunctor<int>, std::array<char*, 1ul>)",1559,2850334642899350,2850334643099512,0,0,8,0,16,256,1,1,16777216,1,1
"KERNEL_DISPATCH","Agent 4",1,0,5743,1560,214,"gemm_kernel_v2",1560,2850334643108952,2850334644515689,0,0,68,4,32,512,1,1,524288,1,1
"KERNEL_DISPATCH","Agent 4",1,0,5743,1561,117,"void at::native::vectorized_elementwise_kernel<4, at::native::FillFunctor<int>, std::array<char*, 1ul> >(int, at::native::FillFunctor<int>, std::array<char*, 1ul>)",1561,2850334644524489,2850334644722731,0,0,8,0,16,256,1,1,16777216,1,1
"KERNEL_DISPATCH","Agent 4",1,0,5743,1562,214,"gemm_kernel_v2",1562,2850334644731851,2850334646132508,0,0,68,4,32,512,1,1,524288,1,1
"KERNEL_DISPATCH","Agent 4",1,0,5743,1563,117,"void at::native::vectorized_elementwise_kernel<4, at::native::FillFunctor<int>, std::array<char*, 1ul> >(int, at::native::FillFunctor<int>, std::array<char*, 1ul>)",1563,2850334646141148,2850334646344830,0,0,8,0,16,256,1,1,16777216,1,1
"KERNEL_DISPATCH","Agent 4",1,0,5743,1564,214,"gemm_kernel_v2",1564,2850334646354270,2850334647756047,0,0,68,4,32,512,1,1,524288,1,1
"KERNEL_DISPATCH","Agent 4",1,0,5743,1565,117,"void at::native::vectorized_elementwise_kernel<4, at::native::FillFunctor<int>, std::array<char*, 1ul> >(int, at::native::FillFunctor<int>, std::array<char*, 1ul>)",1565,2850334647764687,2850334647963889,0,0,8,0,16,256,1,1,16777216,1,1
"KERNEL_DISPATCH","Agent 4",1,0,5743,1566,214,"gemm_kernel_v2",1566,2850334647973329,2850334649374305,0,0,68,4,32,512,1,1,524288,1,1
"KERNEL_DISPATCH","Agent 4",1,0,5743,1567,117,"void at::native::vectorized_elementwise_kernel<4, at::native::FillFunctor<int>, std::array<char*, 1ul> >(int, at::native::FillFunctor<int>, std::array<char*, 1ul>)",1567,2850334649383105,2850334649584068,0,0,8,0,16,256,1,1,16777216,1,1
"KERNEL_DISPATCH","Agent 4",1,0,5743,1568,214,"gemm_kernel_v2",1568,2850334649593348,2850334650990964,0,0,68,4,32,512,1,1,524288,1,1
"KERNEL_DISPATCH","Agent 4",1,0,5743,1569,117,"void at::native::vectorized_elementwise_kernel<4, at::native::FillFunctor<int>, std::array<char*, 1ul> >(int, at::native::FillFunctor<int>, std::array<char*, 1ul>)",1569,2850334650999444,2850334651202487,0,0,8,0,16,256,1,1,16777216,1,1
"KERNEL_DISPATCH","Agent 4",1,0,5743,1570,214,"gemm_kernel_v2",1570,2850334651212087,2850334652612743,0,0,68,4,32,512,1,1,524288,1,1
"KERNEL_DISPATCH","Agent 4",1,0,5743,1571,117,"void at::native::vectorized_elementwise_kernel<4, at::native::FillFunctor<int>, std::array<char*, 1ul> >(int, at::native::FillFunctor<int>, std::array<char*, 1ul>)",1571,2850334652621383,2850334652820745,0,0,8,0,16,256,1,1,16777216,1,1
"KERNEL_DISPATCH","Agent 4",1,0,5743,1572,214,"gemm_kernel_v2",1572,2850334652830186,2850334654234042,0,0,68,4,32,512,1,1,524288,1,1
"KERNEL_DISPATCH","Agent 4",1,0,5743,1573,117,"void at::native::vectorized_elementwise_kernel<4, at::native::FillFunctor<int>, std::array<char*, 1ul> >(int, at::native::FillFunctor<int>, std::array<char*, 1ul>)",1573,2850334654242842,2850334654444604,0,0,8,0,16,256,1,1,16777216,1,1
"KERNEL_DISPATCH","Agent 4",1,0,5743,1574,214,"gemm_kernel_v2",1574,2850334654453884,2850334655857261,0,0,68,4,32,512,1,1,524288,1,1
"KERNEL_DISPATCH","Agent 4",1,0,5743,1575,117,"void at::native::vectorized_elementwise_kernel<4, at::native::FillFunctor<int>, std::array<char*, 1ul> >(int, at::native::FillFunctor<int>, std::array<char*, 1ul>)",1575,2850334655866061,2850334656063503,0,0,8,0,16,256,1,1,16777216,1,1
"KERNEL_DISPATCH","Agent 4",1,0,5743,1576,214,"gemm_kernel_v2",1576,2850334656072943,2850334657477280,0,0,68,4,32,512,1,1,524288,1,1
"KERNEL_DISPATCH","Agent 4",1,0,5743,1577,117,"void at::native::vectorized_elementwise_kernel<4, at::native::FillFunctor<int>, std::array<char*, 1ul> >(int, at::native::FillFunctor<int>, std::array<char*, 1ul>)",1577,2850334657486240,2850334657687682,0,0,8,0,16,256,1,1,16777216,1,1
"KERNEL_DISPATCH","Agent 4",1,0,5743,1578,214,"gemm_kernel_v2",1578,2850334657696962,2850334659099859,0,0,68,4,32,512,1,1,524288,1,1
"KERNEL_DISPATCH","Agent 4",1,0,5743,1579,117,"void at::native::vectorized_elementwise_kernel<4, at::native::FillFunctor<int>, std::array<char*, 1ul> >(int, at::native::FillFunctor<int>, std::array<char*, 1ul>)",1579,2850334659108339,2850334659312661,0,0,8,0,16,256,1,1,16777216,1,1
"KERNEL_DISPATCH","Agent 4",1,0,5743,1580,214,"gemm_kernel_v2",1580,2850334659322261,2850334660724197,0,0,68,4,32,512,1,1,524288,1,1
"KERNEL_DISPATCH","Agent 4",1,0,5743,1581,117,"void at::native::vectorized_elementwise_kernel<4, at::native::FillFunctor<int>, std::array<char*, 1ul> >(int, at::native::FillFunctor<int>, std::array<char*, 1ul>)",1581,2850334660732998,2850334660934600,0,0,8,0,16,256,1,1,16777216,1,1
"KERNEL_DISPATCH","Agent 4",1,0,5743,1582,214,"gemm_kernel_v2",1582,2850334660943720,2850334662344696,0,0,68,4,32,512,1,1,524288,1,1
"KERNEL_DISPATCH","Agent 4",1,0,5743,1583,215,"gemm_kernel_v2",1583,2850334730501082,2850334731963339,0,0,104,64,48,256,1,1,262144,1,1
"KERNEL_DISPATCH","Agent 4",1,0,5743,1584,117,"void at::native::vectorized_elementwise_kernel<4, at::native::FillFunctor<int>, std::array<char*, 1ul> >(int, at::native::FillFunctor<int>, std::array<char*, 1ul>)",1584,2850334732041099,2850334732239822,0,0,8,0,16,256,1,1,16777216,1,1
"KERNEL_DISPATCH","Agent 4",1,0,5743,1585,215,"gemm_kernel_v2",1585,2850334732239822,2850334733697919,0,0,104,64,48,256,1,1,262144,1,1
"KERNEL_DISPATCH","Agent 4",1,0,5743,1586,117,"void at::native::vectorized_elementwise_kernel<4, at::native::FillFunctor<int>, std::array<char*, 1ul> >(int, at::native::FillFunctor<int>, std::array<char*, 1ul>)",1586,2850334733697919,2850334733901601,0,0,8,0,16,256,1,1,16777216,1,1
"KERNEL_DISPATCH","Agent 4",1,0,5743,1587,215,"gemm_kernel_v2",1587,2850334733901601,2850334735358898,0,0,104,64,48,256,1,1,262144,1,1
"KERNEL_DISPATCH","Agent 4",1,0,5743,1588,117,"void at::native::vectorized_elementwise_kernel<4, at::native::FillFunctor<int>, std::array<char*, 1ul> >(int, at::native::FillFunctor<int>, std::array<char*, 1ul>)",1588,2850334735358898,2850334735563700,0,0,8,0,16,256,1,1,16777216,1,1
"KERNEL_DISPATCH","Agent 4",1,0,5743,1589,215,"gemm_kernel_v2",1589,2850334735563700,2850334737018757,0,0,104,64,48,256,1,1,262144,1,1
"KERNEL_DISPATCH","Agent 4",1,0,5743,1590,117,"void at::native::vectorized_elementwise_kernel<4, at::native::FillFunctor<int>, std::array<char*, 1ul> >(int, at::native::FillFunctor<int>, std::array<char*, 1ul>)",1590,2850334737018757,2850334737219240,0,0,8,0,16,256,1,1,16777216,1,1
"KERNEL_DISPATCH","Agent 4",1,0,5743,1591,215,"gemm_kernel_v2",1591,2850334737219240,2850334738675737,0,0,104,64,48,256,1,1,262144,1,1
"KERNEL_DISPATCH","Agent 4",1,0,5743,1592,117,"void at::native::vectorized_elementwise_kernel<4, at::native::FillFunctor<int>, std::array<char*, 1ul> >(int, at::native::FillFunctor<int>, std::array<char*, 1ul>)",1592,2850334738675737,2850334738879419,0,0,8,0,16,256,1,1,16777216,1,1
"KERNEL_DISPATCH","Agent 4",1,0,5743,1593,215,"gemm_kernel_v2",1593,2850334738879419,2850334740337516,0,0,104,64,48,256,1,1,262144,1,1
"KERNEL_DISPATCH","Agent 4",1,0,5743,1594,215,"gemm_kernel_v2",1594,2850334740520718,2850334741979295,0,0,104,64,48,256,1,1,262144,1,1
"KERNEL_DISPATCH","Agent 4",1,0,5743,1595,215,"gemm_kernel_v2",1595,2850334741979295,2850334743435472,0,0,104,64,48,256,1,1,262144,1,1
"KERNEL_DISPATCH","Agent 4",1,0,5743,1596,215,"gemm_kernel_v2",1596,2850334743435472,2850334744892609,0,0,104,64,48,256,1,1,262144,1,1
"KERNEL_DISPATCH","Agent 4",1,0,5743,1597,215,"gemm_kernel_v2",1597,2850334744892609,2850334746347826,0,0,104,64,48,256,1,1,262144,1,1
"KERNEL_DISPATCH","Agent 4",1,0,5743,1598,215,"gemm_kernel_v2",1598,2850334746347826,2850334747803043,0,0,104,64,48,256,1,1,262144,1,1
"KERNEL_DISPATCH","Agent 4",1,0,5743,1599,215,"gemm_kernel_v2",1599,2850334747803043,2850334749260660,0,0,104,64,48,256,1,1,262144,1,1
"KERNEL_DISPATCH","Agent 4",1,0,5743,1600,215,"gemm_kernel_v2",1600,2850334749260660,2850334750717317,0,0,104,64,48,256,1,1,262144,1,1
"KERNEL_DISPATCH","Agent 4",1,0,5743,1601,215,"gemm_kernel_v2",1601,2850334750717317,2850334752173494,0,0,104,64,48,256,1,1,262144,1,1
"KERNEL_DISPATCH","Agent 4",1,0,5743,1602,215,"gemm_kernel_v2",1602,2850334752173494,2850334753630471,0,0,104,64,48,256,1,1,262144,1,1
"KERNEL_DISPATCH","Agent 4",1,0,5743,1603,215,"gemm_kernel_v2",1603,2850334753630471,2850334755089368,0,0,104,64,48,256,1,1,262144,1,1
"KERNEL_DISPATCH","Agent 4",1,0,5743,1604,215,"gemm_kernel_v2",1604,2850334755089368,2850334756549385,0,0,104,64,48,256,1,1,262144,1,1
"KERNEL_DISPATCH","Agent 4",1,0,5743,1605,215,"gemm_kernel_v2",1605,2850334756549385,2850334758010362,0,0,104,64,48,256,1,1,262144,1,1
"KERNEL_DISPATCH","Agent 4",1,0,5743,1606,215,"gemm_kernel_v2",1606,2850334758010362,2850334759468779,0,0,104,64,48,256,1,1,262144,1,1
"KERNEL_DISPATCH","Agent 4",1,0,5743,1607,215,"gemm_kernel_v2",1607,2850334759468779,2850334760928956,0,0,104,64,48,256,1,1,262144,1,1
"KERNEL_DISPATCH","Agent 4",1,0,5743,1608,215,"gemm_kernel_v2",1608,2850334760928956,2850334762388653,0,0,104,64,48,256,1,1,262144,1,1
"KERNEL_DISPATCH","Agent 4",1,0,5743,1609,117,"void at::native::vectorized_elementwise_kernel<4, at::native::FillFunctor<int>, std::array<char*, 1ul> >(int, at::native::FillFunctor<int>, std::array<char*, 1ul>)",1609,2850334762388653,2850334762589295,0,0,8,0,16,256,1,1,16777216,1,1
"KERNEL_DISPATCH","Agent 4",1,0,5743,1610,215,"gemm_kernel_v2",1610,2850334762600495,2850334764059072,0,0,104,64,48,256,1,1,262144,1,1
"KERNEL_DISPATCH","Agent 4",1,0,5743,1611,117,"void at::native::vectorized_elementwise_kernel<4, at::native::FillFunctor<int>, std::array<char*, 1ul> >(int, at::native::FillFunctor<int>, std::array<char*, 1ul>)",1611,2850334764067552,2850334764265955,0,0,8,0,16,256,1,1,16777216,1,1
"KERNEL_DISPATCH","Agent 4",1,0,5743,1612,215,"gemm_kernel_v2",1612,2850334764275715,2850334765734772,0,0,104,64,48,256,1,1,262144,1,1
"KERNEL_DISPATCH","Agent 4",1,0,5743,1613,117,"void at::native::vectorized_elementwise_kernel<4, at::native::FillFunctor<int>, std::array<char*, 1ul> >(int, at::native::FillFunctor<int>, std::array<char*, 1ul>)",1613,2850334765743412,2850334765949654,0,0,8,0,16,256,1,1,16777216,1,1
"KERNEL_DISPATCH","Agent 4",1,0,5743,1614,215,"gemm_kernel_v2",1614,2850334765959414,2850334767420552,0,0,104,64,48,256,1,1,262144,1,1
"KERNEL_DISPATCH","Agent 4",1,0,5743,1615,117,"void at::native::vectorized_elementwise_kernel<4, at::native::FillFunctor<int>, std::array<char*, 1ul> >(int, at::native::FillFunctor<int>, std::array<char*, 1ul>)",1615,2850334767429032,2850334767632874,0,0,8,0,16,256,1,1,16777216,1,1
"KERNEL_DISPATCH","Agent 4",1,0,5743,1616,215,"gemm_kernel_v2",1616,2850334767642474,2850334769104411,0,0,104,64,48,256,1,1,262144,1,1
"KERNEL_DISPATCH","Agent 4",1,0,5743,1617,117,"void at::native::vectorized_elementwise_kernel<4, at::native::FillFunctor<int>, std::array<char*, 1ul> >(int, at::native::FillFunctor<int>, std::array<char*, 1ul>)",1617,2850334769113051,2850334769311134,0,0,8,0,16,256,1,1,16777216,1,1
"KERNEL_DISPATCH","Agent 4",1,0,5743,1618,215,"gemm_kernel_v2",1618,2850334769320414,2850334770783151,0,0,104,64,48,256,1,1,262144,1,1
"KERNEL_DISPATCH","Agent 4",1,0,5743,1619,117,"void at::native::vectorized_elementwise_kernel<4, at::native::FillFunctor<int>, std::array<char*, 1ul> >(int, at::native::FillFunctor<int>, std::array<char*, 1ul>)",1619,2850334770791791,2850334770995313,0,0,8,0,16,256,1,1,16777216,1,1
"KERNEL_DISPATCH","Agent 4",1,0,5743,1620,215,"gemm_kernel_v2",1620,2850334771005073,2850334772466210,0,0,104,64,48,256,1,1,262144,1,1
"KERNEL_DISPATCH","Agent 4",1,0,5743,1621,117,"void at::native::vectorized_elementwise_kernel<4, at::native::FillFunctor<int>, std::array<char*, 1ul> >(int, at::native::FillFunctor<int>, std::array<char*, 1ul>)",1621,2850334772475170,2850334772678693,0,0,8,0,16,256,1,1,16777216,1,1
"KERNEL_DISPATCH","Agent 4",1,0,5743,1622,215,"gemm_kernel_v2",1622,2850334772688133,2850334774148150,0,0,104,64,48,256,1,1,262144,1,1
"KERNEL_DISPATCH","Agent 4",1,0,5743,1623,117,"void at::native::vectorized_elementwise_kernel<4, at::native::FillFunctor<int>, std::array<char*, 1ul> >(int, at::native::FillFunctor<int>, std::array<char*, 1ul>)",1623,2850334774156790,2850334774358552,0,0,8,0,16,256,1,1,16777216,1,1
"KERNEL_DISPATCH","Agent 4",1,0,5743,1624,215,"gemm_kernel_v2",1624,2850334774368152,2850334775827689,0,0,104,64,48,256,1,1,262144,1,1
"KERNEL_DISPATCH","Agent 4",1,0,5743,1625,117,"void at::native::vectorized_elementwise_kernel<4, at::native::FillFunctor<int>, std::array<char*, 1ul> >(int, at::native::FillFunctor<int>, std::array<char*, 1ul>)",1625,2850334775836170,2850334776037612,0,0,8,0,16,256,1,1,16777216,1,1
"KERNEL_DISPATCH","Agent 4",1,0,5743,1626,215,"gemm_kernel_v2",1626,2850334776047372,2850334777510269,0,0,104,64,48,256,1,1,262144,1,1
"KERNEL_DISPATCH","Agent 4",1,0,5743,1627,117,"void at::native::vectorized_elementwise_kernel<4, at::native::FillFunctor<int>, std::array<char*, 1ul> >(int, at::native::FillFunctor<int>, std::array<char*, 1ul>)",1627,2850334777518749,2850334777718111,0,0,8,0,16,256,1,1,16777216,1,1
"KERNEL_DISPATCH","Agent 4",1,0,5743,1628,215,"gemm_kernel_v2",1628,2850334777727872,2850334779189329,0,0,104,64,48,256,1,1,262144,1,1
"KERNEL_DISPATCH","Agent 4",1,0,5743,1629,117,"void at::native::vectorized_elementwise_kernel<4, at::native::FillFunctor<int>, std::array<char*, 1ul> >(int, at::native::FillFunctor<int>, std::array<char*, 1ul>)",1629,2850334779198129,2850334779400211,0,0,8,0,16,256,1,1,16777216,1,1
"KERNEL_DISPATCH","Agent 4",1,0,5743,1630,215,"gemm_kernel_v2",1630,2850334779409811,2850334780871588,0,0,104,64,48,256,1,1,262144,1,1
"KERNEL_DISPATCH","Agent 4",1,0,5743,1631,117,"void at::native::vectorized_elementwise_kernel<4, at::native::FillFunctor<int>, std::array<char*, 1ul> >(int, at::native::FillFunctor<int>, std::array<char*, 1ul>)",1631,2850334780880228,2850334781080871,0,0,8,0,16,256,1,1,16777216,1,1
"KERNEL_DISPATCH","Agent 4",1,0,5743,1632,215,"gemm_kernel_v2",1632,2850334781090471,2850334782549368,0,0,104,64,48,256,1,1,262144,1,1
"KERNEL_DISPATCH","Agent 4",1,0,5743,1633,117,"void at::native::vectorized_elementwise_kernel<4, at::native::FillFunctor<int>, std::array<char*, 1ul> >(int, at::native::FillFunctor<int>, std::array<char*, 1ul>)",1633,2850334782558328,2850334782759610,0,0,8,0,16,256,1,1,16777216,1,1
"KERNEL_DISPATCH","Agent 4",1,0,5743,1634,215,"gemm_kernel_v2",1634,2850334782769210,2850334784230187,0,0,104,64,48,256,1,1,262144,1,1
"KERNEL_DISPATCH","Agent 4",1,0,5743,1635,117,"void at::native::vectorized_elementwise_kernel<4, at::native::FillFunctor<int>, std::array<char*, 1ul> >(int, at::native::FillFunctor<int>, std::array<char*, 1ul>)",1635,2850334784238987,2850334784442510,0,0,8,0,16,256,1,1,16777216,1,1
"KERNEL_DISPATCH","Agent 4",1,0,5743,1636,215,"gemm_kernel_v2",1636,2850334784452270,2850334785911647,0,0,104,64,48,256,1,1,262144,1,1
"KERNEL_DISPATCH","Agent 4",1,0,5743,1637,117,"void at::native::vectorized_elementwise_kernel<4, at::native::FillFunctor<int>, std::array<char*, 1ul> >(int, at::native::FillFunctor<int>, std::array<char*, 1ul>)",1637,2850334785920447,2850334786119009,0,0,8,0,16,256,1,1,16777216,1,1
"KERNEL_DISPATCH","Agent 4",1,0,5743,1638,215,"gemm_kernel_v2",1638,2850334786128929,2850334787587666,0,0,104,64,48,256,1,1,262144,1,1
"KERNEL_DISPATCH","Agent 4",1,0,5743,1639,117,"void at::native::vectorized_elementwise_kernel<4, at::native::FillFunctor<int>, std::array<char*, 1ul> >(int, at::native::FillFunctor<int>, std::array<char*, 1ul>)",1639,2850334787596147,2850334787795349,0,0,8,0,16,256,1,1,16777216,1,1
"KERNEL_DISPATCH","Agent 4",1,0,5743,1640,215,"gemm_kernel_v2",1640,2850334787804629,2850334789265126,0,0,104,64,48,256,1,1,262144,1,1
"KERNEL_DISPATCH","Agent 4",1,0,5743,1641,117,"void at::native::vectorized_elementwise_kernel<4, at::native::FillFunctor<int>, std::array<char*, 1ul> >(int, at::native::FillFunctor<int>, std::array<char*, 1ul>)",1641,2850334789273926,2850334789472808,0,0,8,0,16,256,1,1,16777216,1,1
"KERNEL_DISPATCH","Agent 4",1,0,5743,1642,215,"gemm_kernel_v2",1642,2850334789482409,2850334790943866,0,0,104,64,48,256,1,1,262144,1,1
"KERNEL_DISPATCH","Agent 4",1,0,5743,1643,117,"void at::native::vectorized_elementwise_kernel<4, at::native::FillFunctor<int>, std::array<char*, 1ul> >(int, at::native::FillFunctor<int>, std::array<char*, 1ul>)",1643,2850334790952346,2850334791151228,0,0,8,0,16,256,1,1,16777216,1,1
"KERNEL_DISPATCH","Agent 4",1,0,5743,1644,215,"gemm_kernel_v2",1644,2850334791160988,2850334792621805,0,0,104,64,48,256,1,1,262144,1,1
"KERNEL_DISPATCH","Agent 4",1,0,5743,1645,117,"void at::native::vectorized_elementwise_kernel<4, at::native::FillFunctor<int>, std::array<char*, 1ul> >(int, at::native::FillFunctor<int>, std::array<char*, 1ul>)",1645,2850334792630285,2850334792833488,0,0,8,0,16,256,1,1,16777216,1,1
"KERNEL_DISPATCH","Agent 4",1,0,5743,1646,215,"gemm_kernel_v2",1646,2850334792843088,2850334794304545,0,0,104,64,48,256,1,1,262144,1,1
"KERNEL_DISPATCH","Agent 4",1,0,5743,1647,117,"void at::native::vectorized_elementwise_kernel<4, at::native::FillFunctor<int>, std::array<char*, 1ul> >(int, at::native::FillFunctor<int>, std::array<char*, 1ul>)",1647,2850334794313180,2850334794511742,0,0,8,0,16,256,1,1,16777216,1,1
"KERNEL_DISPATCH","Agent 4",1,0,5743,1648,215,"gemm_kernel_v2",1648,2850334794521502,2850334795982478,0,0,104,64,48,256,1,1,262144,1,1
"KERNEL_DISPATCH","Agent 4",1,0,5743,1649,117,"void at::native::vectorized_elementwise_kernel<4, at::native::FillFunctor<int>, std::array<char*, 1ul> >(int, at::native::FillFunctor<int>, std::array<char*, 1ul>)",1649,2850334795991119,2850334796190641,0,0,8,0,16,256,1,1,16777216,1,1
"KERNEL_DISPATCH","Agent 4",1,0,5743,1650,215,"gemm_kernel_v2",1650,2850334796200081,2850334797660098,0,0,104,64,48,256,1,1,262144,1,1
"KERNEL_DISPATCH","Agent 4",1,0,5743,1651,117,"void at::native::vectorized_elementwise_kernel<4, at::native::FillFunctor<int>, std::array<char*, 1ul> >(int, at::native::FillFunctor<int>, std::array<char*, 1ul>)",1651,2850334797668578,2850334797867140,0,0,8,0,16,256,1,1,16777216,1,1
"KERNEL_DISPATCH","Agent 4",1,0,5743,1652,215,"gemm_kernel_v2",1652,2850334797876900,2850334799337878,0,0,104,64,48,256,1,1,262144,1,1
"KERNEL_DISPATCH","Agent 4",1,0,5743,1653,117,"void at::native::vectorized_elementwise_kernel<4, at::native::FillFunctor<int>, std::array<char*, 1ul> >(int, at::native::FillFunctor<int>, std::array<char*, 1ul>)",1653,2850334799346358,2850334799549080,0,0,8,0,16,256,1,1,16777216,1,1
"KERNEL_DISPATCH","Agent 4",1,0,5743,1654,215,"gemm_kernel_v2",1654,2850334799558520,2850334801019977,0,0,104,64,48,256,1,1,262144,1,1
"KERNEL_DISPATCH","Agent 4",1,0,5743,1655,117,"void at::native::vectorized_elementwise_kernel<4, at::native::FillFunctor<int>, std::array<char*, 1ul> >(int, at::native::FillFunctor<int>, std::array<char*, 1ul>)",1655,2850334801028617,2850334801231340,0,0,8,0,16,256,1,1,16777216,1,1
"KERNEL_DISPATCH","Agent 4",1,0,5743,1656,215,"gemm_kernel_v2",1656,2850334801240780,2850334802699037,0,0,104,64,48,256,1,1,262144,1,1
"KERNEL_DISPATCH","Agent 4",1,0,5743,1657,117,"void at::native::vectorized_elementwise_kernel<4, at::native::FillFunctor<int>, std::array<char*, 1ul> >(int, at::native::FillFunctor<int>, std::array<char*, 1ul>)",1657,2850334802707357,2850334802905119,0,0,8,0,16,256,1,1,16777216,1,1
"KERNEL_DISPATCH","Agent 4",1,0,5743,1658,215,"gemm_kernel_v2",1658,2850334802914879,2850334804376016,0,0,104,64,48,256,1,1,262144,1,1
"KERNEL_DISPATCH","Agent 4",1,0,5743,1659,117,"void at::native::vectorized_elementwise_kernel<4, at::native::FillFunctor<int>, std::array<char*, 1ul> >(int, at::native::FillFunctor<int>, std::array<char*, 1ul>)",1659,2850334804384816,2850334804591699,0,0,8,0,16,256,1,1,16777216,1,1
"KERNEL_DISPATCH","Agent 4",1,0,5743,1660,215,"gemm_kernel_v2",1660,2850334804601459,2850334806062436,0,0,104,64,48,256,1,1,262144,1,1
"KERNEL_DISPATCH","Agent 4",1,0,5743,1661,117,"void at::native::vectorized_elementwise_kernel<4, at::native::FillFunctor<int>, std::array<char*, 1ul> >(int, at::native::FillFunctor<int>, std::array<char*, 1ul>)",1661,2850334806071076,2850334806273318,0,0,8,0,16,256,1,1,16777216,1,1
"KERNEL_DISPATCH","Agent 4",1,0,5743,1662,215,"gemm_kernel_v2",1662,2850334806282758,2850334807743255,0,0,104,64,48,256,1,1,262144,1,1
"KERNEL_DISPATCH","Agent 4",1,0,5743,1663,117,"void at::native::vectorized_elementwise_kernel<4, at::native::FillFunctor<int>, std::array<char*, 1ul> >(int, at::native::FillFunctor<int>, std::array<char*, 1ul>)",1663,2850334807751736,2850334807954938,0,0,8,0,16,256,1,1,16777216,1,1
"KERNEL_DISPATCH","Agent 4",1,0,5743,1664,215,"gemm_kernel_v2",1664,2850334807964378,2850334809424555,0,0,104,64,48,256,1,1,262144,1,1
"KERNEL_DISPATCH","Agent 4",1,0,5743,1665,117,"void at::native::vectorized_elementwise_kernel<4, at::native::FillFunctor<int>, std::array<char*, 1ul> >(int, at::native::FillFunctor<int>, std::array<char*, 1ul>)",1665,2850334809433195,2850334809633837,0,0,8,0,16,256,1,1,16777216,1,1
"KERNEL_DISPATCH","Agent 4",1,0,5743,1666,215,"gemm_kernel_v2",1666,2850334809643598,2850334811103615,0,0,104,64,48,256,1,1,262144,1,1
"KERNEL_DISPATCH","Agent 4",1,0,5743,1667,117,"void at::native::vectorized_elementwise_kernel<4, at::native::FillFunctor<int>, std::array<char*, 1ul> >(int, at::native::FillFunctor<int>, std::array<char*, 1ul>)",1667,2850334811112255,2850334811312417,0,0,8,0,16,256,1,1,16777216,1,1
"KERNEL_DISPATCH","Agent 4",1,0,5743,1668,215,"gemm_kernel_v2",1668,2850334811322017,2850334812783314,0,0,104,64,48,256,1,1,262144,1,1
"KERNEL_DISPATCH","Agent 4",1,0,5743,1669,117,"void at::native::vectorized_elementwise_kernel<4, at::native::FillFunctor<int>, std::array<char*, 1ul> >(int, at::native::FillFunctor<int>, std::array<char*, 1ul>)",1669,2850334812792274,2850334812990517,0,0,8,0,16,256,1,1,16777216,1,1
"KERNEL_DISPATCH","Agent 4",1,0,5743,1670,215,"gemm_kernel_v2",1670,2850334813000117,2850334814462374,0,0,104,64,48,256,1,1,262144,1,1
"KERNEL_DISPATCH","Agent 4",1,0,5743,1671,117,"void at::native::vectorized_elementwise_kernel<4, at::native::FillFunctor<int>, std::array<char*, 1ul> >(int, at::native::FillFunctor<int>, std::array<char*, 1ul>)",1671,2850334814470854,2850334814670536,0,0,8,0,16,256,1,1,16777216,1,1
"KERNEL_DISPATCH","Agent 4",1,0,5743,1672,215,"gemm_kernel_v2",1672,2850334814679976,2850334816138553,0,0,104,64,48,256,1,1,262144,1,1
"KERNEL_DISPATCH","Agent 4",1,0,5743,1673,117,"void at::native::vectorized_elementwise_kernel<4, at::native::FillFunctor<int>, std::array<char*, 1ul> >(int, at::native::FillFunctor<int>, std::array<char*, 1ul>)",1673,2850334816147193,2850334816346236,0,0,8,0,16,256,1,1,16777216,1,1
"KERNEL_DISPATCH","Agent 4",1,0,5743,1674,215,"gemm_kernel_v2",1674,2850334816356156,2850334817820333,0,0,104,64,48,256,1,1,262144,1,1
"KERNEL_DISPATCH","Agent 4",1,0,5743,1675,117,"void at::native::vectorized_elementwise_kernel<4, at::native::FillFunctor<int>, std::array<char*, 1ul> >(int, at::native::FillFunctor<int>, std::array<char*, 1ul>)",1675,2850334817828973,2850334818029295,0,0,8,0,16,256,1,1,16777216,1,1
"KERNEL_DISPATCH","Agent 4",1,0,5743,1676,215,"gemm_kernel_v2",1676,2850334818038895,2850334819500672,0,0,104,64,48,256,1,1,262144,1,1
"KERNEL_DISPATCH","Agent 4",1,0,5743,1677,117,"void at::native::vectorized_elementwise_kernel<4, at::native::FillFunctor<int>, std::array<char*, 1ul> >(int, at::native::FillFunctor<int>, std::array<char*, 1ul>)",1677,2850334819509472,2850334819709315,0,0,8,0,16,256,1,1,16777216,1,1
"KERNEL_DISPATCH","Agent 4",1,0,5743,1678,215,"gemm_kernel_v2",1678,2850334819718915,2850334821180052,0,0,104,64,48,256,1,1,262144,1,1
"KERNEL_DISPATCH","Agent 4",1,0,5743,1679,117,"void at::native::vectorized_elementwise_kernel<4, at::native::FillFunctor<int>, std::array<char*, 1ul> >(int, at::native::FillFunctor<int>, std::array<char*, 1ul>)",1679,2850334821189332,2850334821387254,0,0,8,0,16,256,1,1,16777216,1,1
"KERNEL_DISPATCH","Agent 4",1,0,5743,1680,215,"gemm_kernel_v2",1680,2850334821396694,2850334822855751,0,0,104,64,48,256,1,1,262144,1,1
"KERNEL_DISPATCH","Agent 4",1,0,5743,1681,117,"void at::native::vectorized_elementwise_kernel<4, at::native::FillFunctor<int>, std::array<char*, 1ul> >(int, at::native::FillFunctor<int>, std::array<char*, 1ul>)",1681,2850334822864712,2850334823068234,0,0,8,0,16,256,1,1,16777216,1,1
"KERNEL_DISPATCH","Agent 4",1,0,5743,1682,215,"gemm_kernel_v2",1682,2850334823078154,2850334824540251,0,0,104,64,48,256,1,1,262144,1,1
"KERNEL_DISPATCH","Agent 4",1,0,5743,1683,117,"void at::native::vectorized_elementwise_kernel<4, at::native::FillFunctor<int>, std::array<char*, 1ul> >(int, at::native::FillFunctor<int>, std::array<char*, 1ul>)",1683,2850334824548891,2850334824751614,0,0,8,0,16,256,1,1,16777216,1,1
"KERNEL_DISPATCH","Agent 4",1,0,5743,1684,215,"gemm_kernel_v2",1684,2850334824760894,2850334826222511,0,0,104,64,48,256,1,1,262144,1,1
"KERNEL_DISPATCH","Agent 4",1,0,5743,1685,117,"void at::native::vectorized_elementwise_kernel<4, at::native::FillFunctor<int>, std::array<char*, 1ul> >(int, at::native::FillFunctor<int>, std::array<char*, 1ul>)",1685,2850334826231311,2850334826432433,0,0,8,0,16,256,1,1,16777216,1,1
"KERNEL_DISPATCH","Agent 4",1,0,5743,1686,215,"gemm_kernel_v2",1686,2850334826442193,2850334827904130,0,0,104,64,48,256,1,1,262144,1,1
"KERNEL_DISPATCH","Agent 4",1,0,5743,1687,117,"void at::native::vectorized_elementwise_kernel<4, at::native::FillFunctor<int>, std::array<char*, 1ul> >(int, at::native::FillFunctor<int>, std::array<char*, 1ul>)",1687,2850334827912770,2850334828111813,0,0,8,0,16,256,1,1,16777216,1,1
"KERNEL_DISPATCH","Agent 4",1,0,5743,1688,215,"gemm_kernel_v2",1688,2850334828121253,2850334829583030,0,0,104,64,48,256,1,1,262144,1,1
"KERNEL_DISPATCH","Agent 4",1,0,5743,1689,117,"void at::native::vectorized_elementwise_kernel<4, at::native::FillFunctor<int>, std::array<char*, 1ul> >(int, at::native::FillFunctor<int>, std::array<char*, 1ul>)",1689,2850334829591830,2850334829791032,0,0,8,0,16,256,1,1,16777216,1,1
"KERNEL_DISPATCH","Agent 4",1,0,5743,1690,215,"gemm_kernel_v2",1690,2850334829800472,2850334831259529,0,0,104,64,48,256,1,1,262144,1,1
"KERNEL_DISPATCH","Agent 4",1,0,5743,1691,117,"void at::native::vectorized_elementwise_kernel<4, at::native::FillFunctor<int>, std::array<char*, 1ul> >(int, at::native::FillFunctor<int>, std::array<char*, 1ul>)",1691,2850334831268329,2850334831470732,0,0,8,0,16,256,1,1,16777216,1,1
"KERNEL_DISPATCH","Agent 4",1,0,5743,1692,215,"gemm_kernel_v2",1692,2850334831480332,2850334832940349,0,0,104,64,48,256,1,1,262144,1,1
"KERNEL_DISPATCH","Agent 4",1,0,5743,1693,117,"void at::native::vectorized_elementwise_kernel<4, at::native::FillFunctor<int>, std::array<char*, 1ul> >(int, at::native::FillFunctor<int>, std::array<char*, 1ul>)",1693,2850334832949149,2850334833152351,0,0,8,0,16,256,1,1,16777216,1,1
"KERNEL_DISPATCH","Agent 4",1,0,5743,1694,215,"gemm_kernel_v2",1694,2850334833162112,2850334834624369,0,0,104,64,48,256,1,1,262144,1,1
"KERNEL_DISPATCH","Agent 4",1,0,5743,1695,117,"void at::native::vectorized_elementwise_kernel<4, at::native::FillFunctor<int>, std::array<char*, 1ul> >(int, at::native::FillFunctor<int>, std::array<char*, 1ul>)",1695,2850334834633169,2850334834831571,0,0,8,0,16,256,1,1,16777216,1,1
"KERNEL_DISPATCH","Agent 4",1,0,5743,1696,215,"gemm_kernel_v2",1696,2850334834841331,2850334836299748,0,0,104,64,48,256,1,1,262144,1,1
"KERNEL_DISPATCH","Agent 4",1,0,5743,1697,117,"void at::native::vectorized_elementwise_kernel<4, at::native::FillFunctor<int>, std::array<char*, 1ul> >(int, at::native::FillFunctor<int>, std::array<char*, 1ul>)",1697,2850334836308228,2850334836506630,0,0,8,0,16,256,1,1,16777216,1,1
"KERNEL_DISPATCH","Agent 4",1,0,5743,1698,215,"gemm_kernel_v2",1698,2850334836516711,2850334837978808,0,0,104,64,48,256,1,1,262144,1,1
"KERNEL_DISPATCH","Agent 4",1,0,5743,1699,117,"void at::native::vectorized_elementwise_kernel<4, at::native::FillFunctor<int>, std::array<char*, 1ul> >(int, at::native::FillFunctor<int>, std::array<char*, 1ul>)",1699,2850334837987608,2850334838189690,0,0,8,0,16,256,1,1,16777216,1,1
"KERNEL_DISPATCH","Agent 4",1,0,5743,1700,215,"gemm_kernel_v2",1700,2850334838198810,2850334839659307,0,0,104,64,48,256,1,1,262144,1,1
"KERNEL_DISPATCH","Agent 4",1,0,5743,1701,117,"void at::native::vectorized_elementwise_kernel<4, at::native::FillFunctor<int>, std::array<char*, 1ul> >(int, at::native::FillFunctor<int>, std::array<char*, 1ul>)",1701,2850334839668107,2850334839871790,0,0,8,0,16,256,1,1,16777216,1,1
"KERNEL_DISPATCH","Agent 4",1,0,5743,1702,215,"gemm_kernel_v2",1702,2850334839881390,2850334841341887,0,0,104,64,48,256,1,1,262144,1,1
"KERNEL_DISPATCH","Agent 4",1,0,5743,1703,117,"void at::native::vectorized_elementwise_kernel<4, at::native::FillFunctor<int>, std::array<char*, 1ul> >(int, at::native::FillFunctor<int>, std::array<char*, 1ul>)",1703,2850334841350207,2850334841549409,0,0,8,0,16,256,1,1,16777216,1,1
"KERNEL_DISPATCH","Agent 4",1,0,5743,1704,215,"gemm_kernel_v2",1704,2850334841558689,2850334843019506,0,0,104,64,48,256,1,1,262144,1,1
"KERNEL_DISPATCH","Agent 4",1,0,5743,1705,117,"void at::native::vectorized_elementwise_kernel<4, at::native::FillFunctor<int>, std::array<char*, 1ul> >(int, at::native::FillFunctor<int>, std::array<char*, 1ul>)",1705,2850334843028306,2850334843229429,0,0,8,0,16,256,1,1,16777216,1,1
"KERNEL_DISPATCH","Agent 4",1,0,5743,1706,215,"gemm_kernel_v2",1706,2850334843239189,2850334844698726,0,0,104,64,48,256,1,1,262144,1,1
"KERNEL_DISPATCH","Agent 4",1,0,5743,1707,117,"void at::native::vectorized_elementwise_kernel<4, at::native::FillFunctor<int>, std::array<char*, 1ul> >(int, at::native::FillFunctor<int>, std::array<char*, 1ul>)",1707,2850334844707046,2850334844905608,0,0,8,0,16,256,1,1,16777216,1,1
"KERNEL_DISPATCH","Agent 4",1,0,5743,1708,215,"gemm_kernel_v2",1708,2850334844915048,2850334846379225,0,0,104,64,48,256,1,1,262144,1,1
"KERNEL_DISPATCH","Agent 4",1,0,5743,1709,117,"void at::native::vectorized_elementwise_kernel<4, at::native::FillFunctor<int>, std::array<char*, 1ul> >(int, at::native::FillFunctor<int>, std::array<char*, 1ul>)",1709,2850334846387866,2850334846589628,0,0,8,0,16,256,1,1,16777216,1,1
"KERNEL_DISPATCH","Agent 4",1,0,5743,1710,215,"gemm_kernel_v2",1710,2850334846599548,2850334848060845,0,0,104,64,48,256,1,1,262144,1,1
"KERNEL_DISPATCH","Agent 4",1,0,5743,1711,117,"void at::native::vectorized_elementwise_kernel<4, at::native::FillFunctor<int>, std::array<char*, 1ul> >(int, at::native::FillFunctor<int>, std::array<char*, 1ul>)",1711,2850334848069485,2850334848267887,0,0,8,0,16,256,1,1,16777216,1,1
"KERNEL_DISPATCH","Agent 4",1,0,5743,1712,215,"gemm_kernel_v2",1712,2850334848277328,2850334849737825,0,0,104,64,48,256,1,1,262144,1,1
"KERNEL_DISPATCH","Agent 4",1,0,5743,1713,117,"void at::native::vectorized_elementwise_kernel<4, at::native::FillFunctor<int>, std::array<char*, 1ul> >(int, at::native::FillFunctor<int>, std::array<char*, 1ul>)",1713,2850334849746305,2850334849944227,0,0,8,0,16,256,1,1,16777216,1,1
"KERNEL_DISPATCH","Agent 4",1,0,5743,1714,215,"gemm_kernel_v2",1714,2850334849953987,2850334851417524,0,0,104,64,48,256,1,1,262144,1,1
"KERNEL_DISPATCH","Agent 4",1,0,5743,1715,117,"void at::native::vectorized_elementwise_kernel<4, at::native::FillFunctor<int>, std::array<char*, 1ul> >(int, at::native::FillFunctor<int>, std::array<char*, 1ul>)",1715,2850334851426324,2850334851623767,0,0,8,0,16,256,1,1,16777216,1,1
"KERNEL_DISPATCH","Agent 4",1,0,5743,1716,215,"gemm_kernel_v2",1716,2850334851633687,2850334853096904,0,0,104,64,48,256,1,1,262144,1,1
"KERNEL_DISPATCH","Agent 4",1,0,5743,1717,117,"void at::native::vectorized_elementwise_kernel<4, at::native::FillFunctor<int>, std::array<char*, 1ul> >(int, at::native::FillFunctor<int>, std::array<char*, 1ul>)",1717,2850334853105704,2850334853304906,0,0,8,0,16,256,1,1,16777216,1,1
"KERNEL_DISPATCH","Agent 4",1,0,5743,1718,215,"gemm_kernel_v2",1718,2850334853314506,2850334854775323,0,0,104,64,48,256,1,1,262144,1,1
"KERNEL_DISPATCH","Agent 4",1,0,5743,1719,117,"void at::native::vectorized_elementwise_kernel<4, at::native::FillFunctor<int>, std::array<char*, 1ul> >(int, at::native::FillFunctor<int>, std::array<char*, 1ul>)",1719,2850334854783963,2850334854984126,0,0,8,0,16,256,1,1,16777216,1,1
"KERNEL_DISPATCH","Agent 4",1,0,5743,1720,215,"gemm_kernel_v2",1720,2850334854994206,2850334856454223,0,0,104,64,48,256,1,1,262144,1,1
"KERNEL_DISPATCH","Agent 4",1,0,5743,1721,117,"void at::native::vectorized_elementwise_kernel<4, at::native::FillFunctor<int>, std::array<char*, 1ul> >(int, at::native::FillFunctor<int>, std::array<char*, 1ul>)",1721,2850334856462863,2850334856660625,0,0,8,0,16,256,1,1,16777216,1,1
"KERNEL_DISPATCH","Agent 4",1,0,5743,1722,215,"gemm_kernel_v2",1722,2850334856670083,2850334858130580,0,0,104,64,48,256,1,1,262144,1,1
"KERNEL_DISPATCH","Agent 4",1,0,5743,1723,117,"void at::native::vectorized_elementwise_kernel<4, at::native::FillFunctor<int>, std::array<char*, 1ul> >(int, at::native::FillFunctor<int>, std::array<char*, 1ul>)",1723,2850334858139060,2850334858336342,0,0,8,0,16,256,1,1,16777216,1,1
"KERNEL_DISPATCH","Agent 4",1,0,5743,1724,215,"gemm_kernel_v2",1724,2850334858345942,2850334859806919,0,0,104,64,48,256,1,1,262144,1,1
"KERNEL_DISPATCH","Agent 4",1,0,5743,1725,117,"void at::native::vectorized_elementwise_kernel<4, at::native::FillFunctor<int>, std::array<char*, 1ul> >(int, at::native::FillFunctor<int>, std::array<char*, 1ul>)",1725,2850334859815399,2850334860017001,0,0,8,0,16,256,1,1,16777216,1,1
"KERNEL_DISPATCH","Agent 4",1,0,5743,1726,215,"gemm_kernel_v2",1726,2850334860026761,2850334861488698,0,0,104,64,48,256,1,1,262144,1,1
"KERNEL_DISPATCH","Agent 4",1,0,5743,1727,117,"void at::native::vectorized_elementwise_kernel<4, at::native::FillFunctor<int>, std::array<char*, 1ul> >(int, at::native::FillFunctor<int>, std::array<char*, 1ul>)",1727,2850334861497179,2850334861698301,0,0,8,0,16,256,1,1,16777216,1,1
"KERNEL_DISPATCH","Agent 4",1,0,5743,1728,215,"gemm_kernel_v2",1728,2850334861708061,2850334863169198,0,0,104,64,48,256,1,1,262144,1,1
"KERNEL_DISPATCH","Agent 4",1,0,5743,1729,216,"gemm_kernel_v2",1729,2850334922177921,2850334923586097,0,0,84,4,48,512,1,1,524288,1,1
"KERNEL_DISPATCH","Agent 4",1,0,5743,1730,117,"void at::native::vectorized_elementwise_kernel<4, at::native::FillFunctor<int>, std::array<char*, 1ul> >(int, at::native::FillFunctor<int>, std::array<char*, 1ul>)",1730,2850334923667857,2850334923871380,0,0,8,0,16,256,1,1,16777216,1,1
"KERNEL_DISPATCH","Agent 4",1,0,5743,1731,216,"gemm_kernel_v2",1731,2850334923871380,2850334925275876,0,0,84,4,48,512,1,1,524288,1,1
"KERNEL_DISPATCH","Agent 4",1,0,5743,1732,117,"void at::native::vectorized_elementwise_kernel<4, at::native::FillFunctor<int>, std::array<char*, 1ul> >(int, at::native::FillFunctor<int>, std::array<char*, 1ul>)",1732,2850334925275876,2850334925481959,0,0,8,0,16,256,1,1,16777216,1,1
"KERNEL_DISPATCH","Agent 4",1,0,5743,1733,216,"gemm_kernel_v2",1733,2850334925481959,2850334926886775,0,0,84,4,48,512,1,1,524288,1,1
"KERNEL_DISPATCH","Agent 4",1,0,5743,1734,117,"void at::native::vectorized_elementwise_kernel<4, at::native::FillFunctor<int>, std::array<char*, 1ul> >(int, at::native::FillFunctor<int>, std::array<char*, 1ul>)",1734,2850334926886775,2850334927085337,0,0,8,0,16,256,1,1,16777216,1,1
"KERNEL_DISPATCH","Agent 4",1,0,5743,1735,216,"gemm_kernel_v2",1735,2850334927085337,2850334928490953,0,0,84,4,48,512,1,1,524288,1,1
"KERNEL_DISPATCH","Agent 4",1,0,5743,1736,117,"void at::native::vectorized_elementwise_kernel<4, at::native::FillFunctor<int>, std::array<char*, 1ul> >(int, at::native::FillFunctor<int>, std::array<char*, 1ul>)",1736,2850334928490953,2850334928688716,0,0,8,0,16,256,1,1,16777216,1,1
"KERNEL_DISPATCH","Agent 4",1,0,5743,1737,216,"gemm_kernel_v2",1737,2850334928688716,2850334930095132,0,0,84,4,48,512,1,1,524288,1,1
"KERNEL_DISPATCH","Agent 4",1,0,5743,1738,117,"void at::native::vectorized_elementwise_kernel<4, at::native::FillFunctor<int>, std::array<char*, 1ul> >(int, at::native::FillFunctor<int>, std::array<char*, 1ul>)",1738,2850334930095132,2850334930295774,0,0,8,0,16,256,1,1,16777216,1,1
"KERNEL_DISPATCH","Agent 4",1,0,5743,1739,216,"gemm_kernel_v2",1739,2850334930295774,2850334931699311,0,0,84,4,48,512,1,1,524288,1,1
"KERNEL_DISPATCH","Agent 4",1,0,5743,1740,216,"gemm_kernel_v2",1740,2850334931882033,2850334933286209,0,0,84,4,48,512,1,1,524288,1,1
"KERNEL_DISPATCH","Agent 4",1,0,5743,1741,216,"gemm_kernel_v2",1741,2850334933286209,2850334934689266,0,0,84,4,48,512,1,1,524288,1,1
"KERNEL_DISPATCH","Agent 4",1,0,5743,1742,216,"gemm_kernel_v2",1742,2850334934689266,2850334936091042,0,0,84,4,48,512,1,1,524288,1,1
"KERNEL_DISPATCH","Agent 4",1,0,5743,1743,216,"gemm_kernel_v2",1743,2850334936091042,2850334937493138,0,0,84,4,48,512,1,1,524288,1,1
"KERNEL_DISPATCH","Agent 4",1,0,5743,1744,216,"gemm_kernel_v2",1744,2850334937493138,2850334938898115,0,0,84,4,48,512,1,1,524288,1,1
"KERNEL_DISPATCH","Agent 4",1,0,5743,1745,216,"gemm_kernel_v2",1745,2850334938898115,2850334940302931,0,0,84,4,48,512,1,1,524288,1,1
"KERNEL_DISPATCH","Agent 4",1,0,5743,1746,216,"gemm_kernel_v2",1746,2850334940302931,2850334941707747,0,0,84,4,48,512,1,1,524288,1,1
"KERNEL_DISPATCH","Agent 4",1,0,5743,1747,216,"gemm_kernel_v2",1747,2850334941707747,2850334943111284,0,0,84,4,48,512,1,1,524288,1,1
"KERNEL_DISPATCH","Agent 4",1,0,5743,1748,216,"gemm_kernel_v2",1748,2850334943111284,2850334944517220,0,0,84,4,48,512,1,1,524288,1,1
"KERNEL_DISPATCH","Agent 4",1,0,5743,1749,216,"gemm_kernel_v2",1749,2850334944517220,2850334945923636,0,0,84,4,48,512,1,1,524288,1,1
"KERNEL_DISPATCH","Agent 4",1,0,5743,1750,216,"gemm_kernel_v2",1750,2850334945923636,2850334947329253,0,0,84,4,48,512,1,1,524288,1,1
"KERNEL_DISPATCH","Agent 4",1,0,5743,1751,216,"gemm_kernel_v2",1751,2850334947329253,2850334948733749,0,0,84,4,48,512,1,1,524288,1,1
"KERNEL_DISPATCH","Agent 4",1,0,5743,1752,216,"gemm_kernel_v2",1752,2850334948733749,2850334950137605,0,0,84,4,48,512,1,1,524288,1,1
"KERNEL_DISPATCH","Agent 4",1,0,5743,1753,216,"gemm_kernel_v2",1753,2850334950137605,2850334951544182,0,0,84,4,48,512,1,1,524288,1,1
"KERNEL_DISPATCH","Agent 4",1,0,5743,1754,216,"gemm_kernel_v2",1754,2850334951544182,2850334952952038,0,0,84,4,48,512,1,1,524288,1,1
"KERNEL_DISPATCH","Agent 4",1,0,5743,1755,117,"void at::native::vectorized_elementwise_kernel<4, at::native::FillFunctor<int>, std::array<char*, 1ul> >(int, at::native::FillFunctor<int>, std::array<char*, 1ul>)",1755,2850334952952038,2850334953154120,0,0,8,0,16,256,1,1,16777216,1,1
"KERNEL_DISPATCH","Agent 4",1,0,5743,1756,216,"gemm_kernel_v2",1756,2850334953165320,2850334954572537,0,0,84,4,48,512,1,1,524288,1,1
"KERNEL_DISPATCH","Agent 4",1,0,5743,1757,117,"void at::native::vectorized_elementwise_kernel<4, at::native::FillFunctor<int>, std::array<char*, 1ul> >(int, at::native::FillFunctor<int>, std::array<char*, 1ul>)",1757,2850334954581177,2850334954782619,0,0,8,0,16,256,1,1,16777216,1,1
"KERNEL_DISPATCH","Agent 4",1,0,5743,1758,216,"gemm_kernel_v2",1758,2850334954792059,2850334956199116,0,0,84,4,48,512,1,1,524288,1,1
"KERNEL_DISPATCH","Agent 4",1,0,5743,1759,117,"void at::native::vectorized_elementwise_kernel<4, at::native::FillFunctor<int>, std::array<char*, 1ul> >(int, at::native::FillFunctor<int>, std::array<char*, 1ul>)",1759,2850334956207756,2850334956413038,0,0,8,0,16,256,1,1,16777216,1,1
"KERNEL_DISPATCH","Agent 4",1,0,5743,1760,216,"gemm_kernel_v2",1760,2850334956422798,2850334957830655,0,0,84,4,48,512,1,1,524288,1,1
"KERNEL_DISPATCH","Agent 4",1,0,5743,1761,117,"void at::native::vectorized_elementwise_kernel<4, at::native::FillFunctor<int>, std::array<char*, 1ul> >(int, at::native::FillFunctor<int>, std::array<char*, 1ul>)",1761,2850334957839455,2850334958041857,0,0,8,0,16,256,1,1,16777216,1,1
"KERNEL_DISPATCH","Agent 4",1,0,5743,1762,216,"gemm_kernel_v2",1762,2850334958051137,2850334959462994,0,0,84,4,48,512,1,1,524288,1,1
"KERNEL_DISPATCH","Agent 4",1,0,5743,1763,117,"void at::native::vectorized_elementwise_kernel<4, at::native::FillFunctor<int>, std::array<char*, 1ul> >(int, at::native::FillFunctor<int>, std::array<char*, 1ul>)",1763,2850334959471634,2850334959670036,0,0,8,0,16,256,1,1,16777216,1,1
"KERNEL_DISPATCH","Agent 4",1,0,5743,1764,216,"gemm_kernel_v2",1764,2850334959679636,2850334961084293,0,0,84,4,48,512,1,1,524288,1,1
"KERNEL_DISPATCH","Agent 4",1,0,5743,1765,117,"void at::native::vectorized_elementwise_kernel<4, at::native::FillFunctor<int>, std::array<char*, 1ul> >(int, at::native::FillFunctor<int>, std::array<char*, 1ul>)",1765,2850334961092773,2850334961295975,0,0,8,0,16,256,1,1,16777216,1,1
"KERNEL_DISPATCH","Agent 4",1,0,5743,1766,216,"gemm_kernel_v2",1766,2850334961305735,2850334962712472,0,0,84,4,48,512,1,1,524288,1,1
"KERNEL_DISPATCH","Agent 4",1,0,5743,1767,117,"void at::native::vectorized_elementwise_kernel<4, at::native::FillFunctor<int>, std::array<char*, 1ul> >(int, at::native::FillFunctor<int>, std::array<char*, 1ul>)",1767,2850334962720952,2850334962923354,0,0,8,0,16,256,1,1,16777216,1,1
"KERNEL_DISPATCH","Agent 4",1,0,5743,1768,216,"gemm_kernel_v2",1768,2850334962932794,2850334964341930,0,0,84,4,48,512,1,1,524288,1,1
"KERNEL_DISPATCH","Agent 4",1,0,5743,1769,117,"void at::native::vectorized_elementwise_kernel<4, at::native::FillFunctor<int>, std::array<char*, 1ul> >(int, at::native::FillFunctor<int>, std::array<char*, 1ul>)",1769,2850334964350571,2850334964551693,0,0,8,0,16,256,1,1,16777216,1,1
"KERNEL_DISPATCH","Agent 4",1,0,5743,1770,216,"gemm_kernel_v2",1770,2850334964561293,2850334965967709,0,0,84,4,48,512,1,1,524288,1,1
"KERNEL_DISPATCH","Agent 4",1,0,5743,1771,117,"void at::native::vectorized_elementwise_kernel<4, at::native::FillFunctor<int>, std::array<char*, 1ul> >(int, at::native::FillFunctor<int>, std::array<char*, 1ul>)",1771,2850334965976029,2850334966178432,0,0,8,0,16,256,1,1,16777216,1,1
"KERNEL_DISPATCH","Agent 4",1,0,5743,1772,216,"gemm_kernel_v2",1772,2850334966187872,2850334967597008,0,0,84,4,48,512,1,1,524288,1,1
"KERNEL_DISPATCH","Agent 4",1,0,5743,1773,117,"void at::native::vectorized_elementwise_kernel<4, at::native::FillFunctor<int>, std::array<char*, 1ul> >(int, at::native::FillFunctor<int>, std::array<char*, 1ul>)",1773,2850334967605808,2850334967806291,0,0,8,0,16,256,1,1,16777216,1,1
"KERNEL_DISPATCH","Agent 4",1,0,5743,1774,216,"gemm_kernel_v2",1774,2850334967815731,2850334969225987,0,0,84,4,48,512,1,1,524288,1,1
"KERNEL_DISPATCH","Agent 4",1,0,5743,1775,117,"void at::native::vectorized_elementwise_kernel<4, at::native::FillFunctor<int>, std::array<char*, 1ul> >(int, at::native::FillFunctor<int>, std::array<char*, 1ul>)",1775,2850334969234627,2850334969436710,0,0,8,0,16,256,1,1,16777216,1,1
"KERNEL_DISPATCH","Agent 4",1,0,5743,1776,216,"gemm_kernel_v2",1776,2850334969446150,2850334970852406,0,0,84,4,48,512,1,1,524288,1,1
"KERNEL_DISPATCH","Agent 4",1,0,5743,1777,117,"void at::native::vectorized_elementwise_kernel<4, at::native::FillFunctor<int>, std::array<char*, 1ul> >(int, at::native::FillFunctor<int>, std::array<char*, 1ul>)",1777,2850334970861046,2850334971065369,0,0,8,0,16,256,1,1,16777216,1,1
"KERNEL_DISPATCH","Agent 4",1,0,5743,1778,216,"gemm_kernel_v2",1778,2850334971074969,2850334972483465,0,0,84,4,48,512,1,1,524288,1,1
"KERNEL_DISPATCH","Agent 4",1,0,5743,1779,117,"void at::native::vectorized_elementwise_kernel<4, at::native::FillFunctor<int>, std::array<char*, 1ul> >(int, at::native::FillFunctor<int>, std::array<char*, 1ul>)",1779,2850334972492265,2850334972693388,0,0,8,0,16,256,1,1,16777216,1,1
"KERNEL_DISPATCH","Agent 4",1,0,5743,1780,216,"gemm_kernel_v2",1780,2850334972702668,2850334974109564,0,0,84,4,48,512,1,1,524288,1,1
"KERNEL_DISPATCH","Agent 4",1,0,5743,1781,117,"void at::native::vectorized_elementwise_kernel<4, at::native::FillFunctor<int>, std::array<char*, 1ul> >(int, at::native::FillFunctor<int>, std::array<char*, 1ul>)",1781,2850334974118364,2850334974321247,0,0,8,0,16,256,1,1,16777216,1,1
"KERNEL_DISPATCH","Agent 4",1,0,5743,1782,216,"gemm_kernel_v2",1782,2850334974330527,2850334975738063,0,0,84,4,48,512,1,1,524288,1,1
"KERNEL_DISPATCH","Agent 4",1,0,5743,1783,117,"void at::native::vectorized_elementwise_kernel<4, at::native::FillFunctor<int>, std::array<char*, 1ul> >(int, at::native::FillFunctor<int>, std::array<char*, 1ul>)",1783,2850334975746863,2850334975947985,0,0,8,0,16,256,1,1,16777216,1,1
"KERNEL_DISPATCH","Agent 4",1,0,5743,1784,216,"gemm_kernel_v2",1784,2850334975957746,2850334977364962,0,0,84,4,48,512,1,1,524288,1,1
"KERNEL_DISPATCH","Agent 4",1,0,5743,1785,117,"void at::native::vectorized_elementwise_kernel<4, at::native::FillFunctor<int>, std::array<char*, 1ul> >(int, at::native::FillFunctor<int>, std::array<char*, 1ul>)",1785,2850334977373922,2850334977574244,0,0,8,0,16,256,1,1,16777216,1,1
"KERNEL_DISPATCH","Agent 4",1,0,5743,1786,216,"gemm_kernel_v2",1786,2850334977583524,2850334978991061,0,0,84,4,48,512,1,1,524288,1,1
"KERNEL_DISPATCH","Agent 4",1,0,5743,1787,117,"void at::native::vectorized_elementwise_kernel<4, at::native::FillFunctor<int>, std::array<char*, 1ul> >(int, at::native::FillFunctor<int>, std::array<char*, 1ul>)",1787,2850334978999701,2850334979199543,0,0,8,0,16,256,1,1,16777216,1,1
"KERNEL_DISPATCH","Agent 4",1,0,5743,1788,216,"gemm_kernel_v2",1788,2850334979208983,2850334980616520,0,0,84,4,48,512,1,1,524288,1,1
"KERNEL_DISPATCH","Agent 4",1,0,5743,1789,117,"void at::native::vectorized_elementwise_kernel<4, at::native::FillFunctor<int>, std::array<char*, 1ul> >(int, at::native::FillFunctor<int>, std::array<char*, 1ul>)",1789,2850334980625320,2850334980825642,0,0,8,0,16,256,1,1,16777216,1,1
"KERNEL_DISPATCH","Agent 4",1,0,5743,1790,216,"gemm_kernel_v2",1790,2850334980835402,2850334982240859,0,0,84,4,48,512,1,1,524288,1,1
"KERNEL_DISPATCH","Agent 4",1,0,5743,1791,117,"void at::native::vectorized_elementwise_kernel<4, at::native::FillFunctor<int>, std::array<char*, 1ul> >(int, at::native::FillFunctor<int>, std::array<char*, 1ul>)",1791,2850334982249659,2850334982452061,0,0,8,0,16,256,1,1,16777216,1,1
"KERNEL_DISPATCH","Agent 4",1,0,5743,1792,216,"gemm_kernel_v2",1792,2850334982461501,2850334983867758,0,0,84,4,48,512,1,1,524288,1,1
"KERNEL_DISPATCH","Agent 4",1,0,5743,1793,117,"void at::native::vectorized_elementwise_kernel<4, at::native::FillFunctor<int>, std::array<char*, 1ul> >(int, at::native::FillFunctor<int>, std::array<char*, 1ul>)",1793,2850334983876238,2850334984078640,0,0,8,0,16,256,1,1,16777216,1,1
"KERNEL_DISPATCH","Agent 4",1,0,5743,1794,216,"gemm_kernel_v2",1794,2850334984088400,2850334985496097,0,0,84,4,48,512,1,1,524288,1,1
"KERNEL_DISPATCH","Agent 4",1,0,5743,1795,117,"void at::native::vectorized_elementwise_kernel<4, at::native::FillFunctor<int>, std::array<char*, 1ul> >(int, at::native::FillFunctor<int>, std::array<char*, 1ul>)",1795,2850334985504737,2850334985703139,0,0,8,0,16,256,1,1,16777216,1,1
"KERNEL_DISPATCH","Agent 4",1,0,5743,1796,216,"gemm_kernel_v2",1796,2850334985712867,2850334987119603,0,0,84,4,48,512,1,1,524288,1,1
"KERNEL_DISPATCH","Agent 4",1,0,5743,1797,117,"void at::native::vectorized_elementwise_kernel<4, at::native::FillFunctor<int>, std::array<char*, 1ul> >(int, at::native::FillFunctor<int>, std::array<char*, 1ul>)",1797,2850334987128243,2850334987326645,0,0,8,0,16,256,1,1,16777216,1,1
"KERNEL_DISPATCH","Agent 4",1,0,5743,1798,216,"gemm_kernel_v2",1798,2850334987336085,2850334988742341,0,0,84,4,48,512,1,1,524288,1,1
"KERNEL_DISPATCH","Agent 4",1,0,5743,1799,117,"void at::native::vectorized_elementwise_kernel<4, at::native::FillFunctor<int>, std::array<char*, 1ul> >(int, at::native::FillFunctor<int>, std::array<char*, 1ul>)",1799,2850334988751141,2850334988954344,0,0,8,0,16,256,1,1,16777216,1,1
"KERNEL_DISPATCH","Agent 4",1,0,5743,1800,216,"gemm_kernel_v2",1800,2850334988963944,2850334990376600,0,0,84,4,48,512,1,1,524288,1,1
"KERNEL_DISPATCH","Agent 4",1,0,5743,1801,117,"void at::native::vectorized_elementwise_kernel<4, at::native::FillFunctor<int>, std::array<char*, 1ul> >(int, at::native::FillFunctor<int>, std::array<char*, 1ul>)",1801,2850334990385081,2850334990589403,0,0,8,0,16,256,1,1,16777216,1,1
"KERNEL_DISPATCH","Agent 4",1,0,5743,1802,216,"gemm_kernel_v2",1802,2850334990599003,2850334992006219,0,0,84,4,48,512,1,1,524288,1,1
"KERNEL_DISPATCH","Agent 4",1,0,5743,1803,117,"void at::native::vectorized_elementwise_kernel<4, at::native::FillFunctor<int>, std::array<char*, 1ul> >(int, at::native::FillFunctor<int>, std::array<char*, 1ul>)",1803,2850334992014860,2850334992217422,0,0,8,0,16,256,1,1,16777216,1,1
"KERNEL_DISPATCH","Agent 4",1,0,5743,1804,216,"gemm_kernel_v2",1804,2850334992226862,2850334993637278,0,0,84,4,48,512,1,1,524288,1,1
"KERNEL_DISPATCH","Agent 4",1,0,5743,1805,117,"void at::native::vectorized_elementwise_kernel<4, at::native::FillFunctor<int>, std::array<char*, 1ul> >(int, at::native::FillFunctor<int>, std::array<char*, 1ul>)",1805,2850334993645759,2850334993845441,0,0,8,0,16,256,1,1,16777216,1,1
"KERNEL_DISPATCH","Agent 4",1,0,5743,1806,216,"gemm_kernel_v2",1806,2850334993855201,2850334995259377,0,0,84,4,48,512,1,1,524288,1,1
"KERNEL_DISPATCH","Agent 4",1,0,5743,1807,117,"void at::native::vectorized_elementwise_kernel<4, at::native::FillFunctor<int>, std::array<char*, 1ul> >(int, at::native::FillFunctor<int>, std::array<char*, 1ul>)",1807,2850334995268017,2850334995472660,0,0,8,0,16,256,1,1,16777216,1,1
"KERNEL_DISPATCH","Agent 4",1,0,5743,1808,216,"gemm_kernel_v2",1808,2850334995482580,2850334996890916,0,0,84,4,48,512,1,1,524288,1,1
"KERNEL_DISPATCH","Agent 4",1,0,5743,1809,117,"void at::native::vectorized_elementwise_kernel<4, at::native::FillFunctor<int>, std::array<char*, 1ul> >(int, at::native::FillFunctor<int>, std::array<char*, 1ul>)",1809,2850334996899396,2850334997104199,0,0,8,0,16,256,1,1,16777216,1,1
"KERNEL_DISPATCH","Agent 4",1,0,5743,1810,216,"gemm_kernel_v2",1810,2850334997113639,2850334998517655,0,0,84,4,48,512,1,1,524288,1,1
"KERNEL_DISPATCH","Agent 4",1,0,5743,1811,117,"void at::native::vectorized_elementwise_kernel<4, at::native::FillFunctor<int>, std::array<char*, 1ul> >(int, at::native::FillFunctor<int>, std::array<char*, 1ul>)",1811,2850334998526295,2850334998725658,0,0,8,0,16,256,1,1,16777216,1,1
"KERNEL_DISPATCH","Agent 4",1,0,5743,1812,216,"gemm_kernel_v2",1812,2850334998735258,2850335000142794,0,0,84,4,48,512,1,1,524288,1,1
"KERNEL_DISPATCH","Agent 4",1,0,5743,1813,117,"void at::native::vectorized_elementwise_kernel<4, at::native::FillFunctor<int>, std::array<char*, 1ul> >(int, at::native::FillFunctor<int>, std::array<char*, 1ul>)",1813,2850335000151594,2850335000350317,0,0,8,0,16,256,1,1,16777216,1,1
"KERNEL_DISPATCH","Agent 4",1,0,5743,1814,216,"gemm_kernel_v2",1814,2850335000359757,2850335001764733,0,0,84,4,48,512,1,1,524288,1,1
"KERNEL_DISPATCH","Agent 4",1,0,5743,1815,117,"void at::native::vectorized_elementwise_kernel<4, at::native::FillFunctor<int>, std::array<char*, 1ul> >(int, at::native::FillFunctor<int>, std::array<char*, 1ul>)",1815,2850335001773213,2850335001974976,0,0,8,0,16,256,1,1,16777216,1,1
"KERNEL_DISPATCH","Agent 4",1,0,5743,1816,216,"gemm_kernel_v2",1816,2850335001985056,2850335003393392,0,0,84,4,48,512,1,1,524288,1,1
"KERNEL_DISPATCH","Agent 4",1,0,5743,1817,117,"void at::native::vectorized_elementwise_kernel<4, at::native::FillFunctor<int>, std::array<char*, 1ul> >(int, at::native::FillFunctor<int>, std::array<char*, 1ul>)",1817,2850335003402192,2850335003604595,0,0,8,0,16,256,1,1,16777216,1,1
"KERNEL_DISPATCH","Agent 4",1,0,5743,1818,216,"gemm_kernel_v2",1818,2850335003613875,2850335005024771,0,0,84,4,48,512,1,1,524288,1,1
"KERNEL_DISPATCH","Agent 4",1,0,5743,1819,117,"void at::native::vectorized_elementwise_kernel<4, at::native::FillFunctor<int>, std::array<char*, 1ul> >(int, at::native::FillFunctor<int>, std::array<char*, 1ul>)",1819,2850335005033251,2850335005233414,0,0,8,0,16,256,1,1,16777216,1,1
"KERNEL_DISPATCH","Agent 4",1,0,5743,1820,216,"gemm_kernel_v2",1820,2850335005243334,2850335006651670,0,0,84,4,48,512,1,1,524288,1,1
"KERNEL_DISPATCH","Agent 4",1,0,5743,1821,117,"void at::native::vectorized_elementwise_kernel<4, at::native::FillFunctor<int>, std::array<char*, 1ul> >(int, at::native::FillFunctor<int>, std::array<char*, 1ul>)",1821,2850335006660310,2850335006863193,0,0,8,0,16,256,1,1,16777216,1,1
"KERNEL_DISPATCH","Agent 4",1,0,5743,1822,216,"gemm_kernel_v2",1822,2850335006872473,2850335008280329,0,0,84,4,48,512,1,1,524288,1,1
"KERNEL_DISPATCH","Agent 4",1,0,5743,1823,117,"void at::native::vectorized_elementwise_kernel<4, at::native::FillFunctor<int>, std::array<char*, 1ul> >(int, at::native::FillFunctor<int>, std::array<char*, 1ul>)",1823,2850335008288969,2850335008491051,0,0,8,0,16,256,1,1,16777216,1,1
"KERNEL_DISPATCH","Agent 4",1,0,5743,1824,216,"gemm_kernel_v2",1824,2850335008500332,2850335009905788,0,0,84,4,48,512,1,1,524288,1,1
"KERNEL_DISPATCH","Agent 4",1,0,5743,1825,117,"void at::native::vectorized_elementwise_kernel<4, at::native::FillFunctor<int>, std::array<char*, 1ul> >(int, at::native::FillFunctor<int>, std::array<char*, 1ul>)",1825,2850335009914428,2850335010119710,0,0,8,0,16,256,1,1,16777216,1,1
"KERNEL_DISPATCH","Agent 4",1,0,5743,1826,216,"gemm_kernel_v2",1826,2850335010129311,2850335011536687,0,0,84,4,48,512,1,1,524288,1,1
"KERNEL_DISPATCH","Agent 4",1,0,5743,1827,117,"void at::native::vectorized_elementwise_kernel<4, at::native::FillFunctor<int>, std::array<char*, 1ul> >(int, at::native::FillFunctor<int>, std::array<char*, 1ul>)",1827,2850335011545487,2850335011747089,0,0,8,0,16,256,1,1,16777216,1,1
"KERNEL_DISPATCH","Agent 4",1,0,5743,1828,216,"gemm_kernel_v2",1828,2850335011756690,2850335013165346,0,0,84,4,48,512,1,1,524288,1,1
"KERNEL_DISPATCH","Agent 4",1,0,5743,1829,117,"void at::native::vectorized_elementwise_kernel<4, at::native::FillFunctor<int>, std::array<char*, 1ul> >(int, at::native::FillFunctor<int>, std::array<char*, 1ul>)",1829,2850335013173986,2850335013377028,0,0,8,0,16,256,1,1,16777216,1,1
"KERNEL_DISPATCH","Agent 4",1,0,5743,1830,216,"gemm_kernel_v2",1830,2850335013386469,2850335014792565,0,0,84,4,48,512,1,1,524288,1,1
"KERNEL_DISPATCH","Agent 4",1,0,5743,1831,117,"void at::native::vectorized_elementwise_kernel<4, at::native::FillFunctor<int>, std::array<char*, 1ul> >(int, at::native::FillFunctor<int>, std::array<char*, 1ul>)",1831,2850335014801045,2850335014998967,0,0,8,0,16,256,1,1,16777216,1,1
"KERNEL_DISPATCH","Agent 4",1,0,5743,1832,216,"gemm_kernel_v2",1832,2850335015009047,2850335016415784,0,0,84,4,48,512,1,1,524288,1,1
"KERNEL_DISPATCH","Agent 4",1,0,5743,1833,117,"void at::native::vectorized_elementwise_kernel<4, at::native::FillFunctor<int>, std::array<char*, 1ul> >(int, at::native::FillFunctor<int>, std::array<char*, 1ul>)",1833,2850335016424264,2850335016622346,0,0,8,0,16,256,1,1,16777216,1,1
"KERNEL_DISPATCH","Agent 4",1,0,5743,1834,216,"gemm_kernel_v2",1834,2850335016631626,2850335018042363,0,0,84,4,48,512,1,1,524288,1,1
"KERNEL_DISPATCH","Agent 4",1,0,5743,1835,117,"void at::native::vectorized_elementwise_kernel<4, at::native::FillFunctor<int>, std::array<char*, 1ul> >(int, at::native::FillFunctor<int>, std::array<char*, 1ul>)",1835,2850335018051003,2850335018254365,0,0,8,0,16,256,1,1,16777216,1,1
"KERNEL_DISPATCH","Agent 4",1,0,5743,1836,216,"gemm_kernel_v2",1836,2850335018264125,2850335019671662,0,0,84,4,48,512,1,1,524288,1,1
"KERNEL_DISPATCH","Agent 4",1,0,5743,1837,117,"void at::native::vectorized_elementwise_kernel<4, at::native::FillFunctor<int>, std::array<char*, 1ul> >(int, at::native::FillFunctor<int>, std::array<char*, 1ul>)",1837,2850335019680302,2850335019877264,0,0,8,0,16,256,1,1,16777216,1,1
"KERNEL_DISPATCH","Agent 4",1,0,5743,1838,216,"gemm_kernel_v2",1838,2850335019886864,2850335021299041,0,0,84,4,48,512,1,1,524288,1,1
"KERNEL_DISPATCH","Agent 4",1,0,5743,1839,117,"void at::native::vectorized_elementwise_kernel<4, at::native::FillFunctor<int>, std::array<char*, 1ul> >(int, at::native::FillFunctor<int>, std::array<char*, 1ul>)",1839,2850335021307841,2850335021508643,0,0,8,0,16,256,1,1,16777216,1,1
"KERNEL_DISPATCH","Agent 4",1,0,5743,1840,216,"gemm_kernel_v2",1840,2850335021518243,2850335022926100,0,0,84,4,48,512,1,1,524288,1,1
"KERNEL_DISPATCH","Agent 4",1,0,5743,1841,117,"void at::native::vectorized_elementwise_kernel<4, at::native::FillFunctor<int>, std::array<char*, 1ul> >(int, at::native::FillFunctor<int>, std::array<char*, 1ul>)",1841,2850335022935060,2850335023136342,0,0,8,0,16,256,1,1,16777216,1,1
"KERNEL_DISPATCH","Agent 4",1,0,5743,1842,216,"gemm_kernel_v2",1842,2850335023146262,2850335024556519,0,0,84,4,48,512,1,1,524288,1,1
"KERNEL_DISPATCH","Agent 4",1,0,5743,1843,117,"void at::native::vectorized_elementwise_kernel<4, at::native::FillFunctor<int>, std::array<char*, 1ul> >(int, at::native::FillFunctor<int>, std::array<char*, 1ul>)",1843,2850335024565319,2850335024768201,0,0,8,0,16,256,1,1,16777216,1,1
"KERNEL_DISPATCH","Agent 4",1,0,5743,1844,216,"gemm_kernel_v2",1844,2850335024777961,2850335026189178,0,0,84,4,48,512,1,1,524288,1,1
"KERNEL_DISPATCH","Agent 4",1,0,5743,1845,117,"void at::native::vectorized_elementwise_kernel<4, at::native::FillFunctor<int>, std::array<char*, 1ul> >(int, at::native::FillFunctor<int>, std::array<char*, 1ul>)",1845,2850335026198458,2850335026398780,0,0,8,0,16,256,1,1,16777216,1,1
"KERNEL_DISPATCH","Agent 4",1,0,5743,1846,216,"gemm_kernel_v2",1846,2850335026408380,2850335027817357,0,0,84,4,48,512,1,1,524288,1,1
"KERNEL_DISPATCH","Agent 4",1,0,5743,1847,117,"void at::native::vectorized_elementwise_kernel<4, at::native::FillFunctor<int>, std::array<char*, 1ul> >(int, at::native::FillFunctor<int>, std::array<char*, 1ul>)",1847,2850335027825837,2850335028027119,0,0,8,0,16,256,1,1,16777216,1,1
"KERNEL_DISPATCH","Agent 4",1,0,5743,1848,216,"gemm_kernel_v2",1848,2850335028036879,2850335029441696,0,0,84,4,48,512,1,1,524288,1,1
"KERNEL_DISPATCH","Agent 4",1,0,5743,1849,117,"void at::native::vectorized_elementwise_kernel<4, at::native::FillFunctor<int>, std::array<char*, 1ul> >(int, at::native::FillFunctor<int>, std::array<char*, 1ul>)",1849,2850335029450336,2850335029649058,0,0,8,0,16,256,1,1,16777216,1,1
"KERNEL_DISPATCH","Agent 4",1,0,5743,1850,216,"gemm_kernel_v2",1850,2850335029658498,2850335031066035,0,0,84,4,48,512,1,1,524288,1,1
"KERNEL_DISPATCH","Agent 4",1,0,5743,1851,117,"void at::native::vectorized_elementwise_kernel<4, at::native::FillFunctor<int>, std::array<char*, 1ul> >(int, at::native::FillFunctor<int>, std::array<char*, 1ul>)",1851,2850335031074675,2850335031274997,0,0,8,0,16,256,1,1,16777216,1,1
"KERNEL_DISPATCH","Agent 4",1,0,5743,1852,216,"gemm_kernel_v2",1852,2850335031284757,2850335032693893,0,0,84,4,48,512,1,1,524288,1,1
"KERNEL_DISPATCH","Agent 4",1,0,5743,1853,117,"void at::native::vectorized_elementwise_kernel<4, at::native::FillFunctor<int>, std::array<char*, 1ul> >(int, at::native::FillFunctor<int>, std::array<char*, 1ul>)",1853,2850335032702374,2850335032903496,0,0,8,0,16,256,1,1,16777216,1,1
"KERNEL_DISPATCH","Agent 4",1,0,5743,1854,216,"gemm_kernel_v2",1854,2850335032912616,2850335034321752,0,0,84,4,48,512,1,1,524288,1,1
"KERNEL_DISPATCH","Agent 4",1,0,5743,1855,117,"void at::native::vectorized_elementwise_kernel<4, at::native::FillFunctor<int>, std::array<char*, 1ul> >(int, at::native::FillFunctor<int>, std::array<char*, 1ul>)",1855,2850335034330553,2850335034530395,0,0,8,0,16,256,1,1,16777216,1,1
"KERNEL_DISPATCH","Agent 4",1,0,5743,1856,216,"gemm_kernel_v2",1856,2850335034539835,2850335035947051,0,0,84,4,48,512,1,1,524288,1,1
"KERNEL_DISPATCH","Agent 4",1,0,5743,1857,117,"void at::native::vectorized_elementwise_kernel<4, at::native::FillFunctor<int>, std::array<char*, 1ul> >(int, at::native::FillFunctor<int>, std::array<char*, 1ul>)",1857,2850335035955851,2850335036158414,0,0,8,0,16,256,1,1,16777216,1,1
"KERNEL_DISPATCH","Agent 4",1,0,5743,1858,216,"gemm_kernel_v2",1858,2850335036168014,2850335037576830,0,0,84,4,48,512,1,1,524288,1,1
"KERNEL_DISPATCH","Agent 4",1,0,5743,1859,117,"void at::native::vectorized_elementwise_kernel<4, at::native::FillFunctor<int>, std::array<char*, 1ul> >(int, at::native::FillFunctor<int>, std::array<char*, 1ul>)",1859,2850335037585630,2850335037786913,0,0,8,0,16,256,1,1,16777216,1,1
"KERNEL_DISPATCH","Agent 4",1,0,5743,1860,216,"gemm_kernel_v2",1860,2850335037796353,2850335039204849,0,0,84,4,48,512,1,1,524288,1,1
"KERNEL_DISPATCH","Agent 4",1,0,5743,1861,117,"void at::native::vectorized_elementwise_kernel<4, at::native::FillFunctor<int>, std::array<char*, 1ul> >(int, at::native::FillFunctor<int>, std::array<char*, 1ul>)",1861,2850335039213649,2850335039417332,0,0,8,0,16,256,1,1,16777216,1,1
"KERNEL_DISPATCH","Agent 4",1,0,5743,1862,216,"gemm_kernel_v2",1862,2850335039426612,2850335040836228,0,0,84,4,48,512,1,1,524288,1,1
"KERNEL_DISPATCH","Agent 4",1,0,5743,1863,117,"void at::native::vectorized_elementwise_kernel<4, at::native::FillFunctor<int>, std::array<char*, 1ul> >(int, at::native::FillFunctor<int>, std::array<char*, 1ul>)",1863,2850335040844868,2850335041045831,0,0,8,0,16,256,1,1,16777216,1,1
"KERNEL_DISPATCH","Agent 4",1,0,5743,1864,216,"gemm_kernel_v2",1864,2850335041055591,2850335042462807,0,0,84,4,48,512,1,1,524288,1,1
"KERNEL_DISPATCH","Agent 4",1,0,5743,1865,117,"void at::native::vectorized_elementwise_kernel<4, at::native::FillFunctor<int>, std::array<char*, 1ul> >(int, at::native::FillFunctor<int>, std::array<char*, 1ul>)",1865,2850335042471447,2850335042674810,0,0,8,0,16,256,1,1,16777216,1,1
"KERNEL_DISPATCH","Agent 4",1,0,5743,1866,216,"gemm_kernel_v2",1866,2850335042684250,2850335044093546,0,0,84,4,48,512,1,1,524288,1,1
"KERNEL_DISPATCH","Agent 4",1,0,5743,1867,117,"void at::native::vectorized_elementwise_kernel<4, at::native::FillFunctor<int>, std::array<char*, 1ul> >(int, at::native::FillFunctor<int>, std::array<char*, 1ul>)",1867,2850335044102346,2850335044302029,0,0,8,0,16,256,1,1,16777216,1,1
"KERNEL_DISPATCH","Agent 4",1,0,5743,1868,216,"gemm_kernel_v2",1868,2850335044311469,2850335045719325,0,0,84,4,48,512,1,1,524288,1,1
"KERNEL_DISPATCH","Agent 4",1,0,5743,1869,117,"void at::native::vectorized_elementwise_kernel<4, at::native::FillFunctor<int>, std::array<char*, 1ul> >(int, at::native::FillFunctor<int>, std::array<char*, 1ul>)",1869,2850335045727965,2850335045930368,0,0,8,0,16,256,1,1,16777216,1,1
"KERNEL_DISPATCH","Agent 4",1,0,5743,1870,216,"gemm_kernel_v2",1870,2850335045939488,2850335047347984,0,0,84,4,48,512,1,1,524288,1,1
"KERNEL_DISPATCH","Agent 4",1,0,5743,1871,117,"void at::native::vectorized_elementwise_kernel<4, at::native::FillFunctor<int>, std::array<char*, 1ul> >(int, at::native::FillFunctor<int>, std::array<char*, 1ul>)",1871,2850335047356944,2850335047556947,0,0,8,0,16,256,1,1,16777216,1,1
"KERNEL_DISPATCH","Agent 4",1,0,5743,1872,216,"gemm_kernel_v2",1872,2850335047566547,2850335048973283,0,0,84,4,48,512,1,1,524288,1,1
"KERNEL_DISPATCH","Agent 4",1,0,5743,1873,117,"void at::native::vectorized_elementwise_kernel<4, at::native::FillFunctor<int>, std::array<char*, 1ul> >(int, at::native::FillFunctor<int>, std::array<char*, 1ul>)",1873,2850335048981763,2850335049182246,0,0,8,0,16,256,1,1,16777216,1,1
"KERNEL_DISPATCH","Agent 4",1,0,5743,1874,216,"gemm_kernel_v2",1874,2850335049191669,2850335050604325,0,0,84,4,48,512,1,1,524288,1,1
"KERNEL_DISPATCH","Agent 4",1,0,5743,1875,117,"void at::native::vectorized_elementwise_kernel<4, at::native::FillFunctor<int>, std::array<char*, 1ul> >(int, at::native::FillFunctor<int>, std::array<char*, 1ul>)",1875,2850335050612965,2850335050813447,0,0,8,0,16,256,1,1,16777216,1,1
"KERNEL_DISPATCH","Agent 4",1,0,5743,1876,216,"gemm_kernel_v2",1876,2850335050823047,2850335052232663,0,0,84,4,48,512,1,1,524288,1,1
"KERNEL_DISPATCH","Agent 4",1,0,5743,1877,117,"void at::native::vectorized_elementwise_kernel<4, at::native::FillFunctor<int>, std::array<char*, 1ul> >(int, at::native::FillFunctor<int>, std::array<char*, 1ul>)",1877,2850335052241624,2850335052443226,0,0,8,0,16,256,1,1,16777216,1,1
"KERNEL_DISPATCH","Agent 4",1,0,5743,1878,216,"gemm_kernel_v2",1878,2850335052452986,2850335053859402,0,0,84,4,48,512,1,1,524288,1,1
"KERNEL_DISPATCH","Agent 4",1,0,5743,1879,217,"gemm_kernel_v2",1879,2850335134271539,2850335136075080,0,0,24,272,48,256,1,1,131072,1,1
"KERNEL_DISPATCH","Agent 4",1,0,5743,1880,117,"void at::native::vectorized_elementwise_kernel<4, at::native::FillFunctor<int>, std::array<char*, 1ul> >(int, at::native::FillFunctor<int>, std::array<char*, 1ul>)",1880,2850335136158760,2850335136360523,0,0,8,0,16,256,1,1,16777216,1,1
"KERNEL_DISPATCH","Agent 4",1,0,5743,1881,217,"gemm_kernel_v2",1881,2850335136360523,2850335138146144,0,0,24,272,48,256,1,1,131072,1,1
"KERNEL_DISPATCH","Agent 4",1,0,5743,1882,117,"void at::native::vectorized_elementwise_kernel<4, at::native::FillFunctor<int>, std::array<char*, 1ul> >(int, at::native::FillFunctor<int>, std::array<char*, 1ul>)",1882,2850335138146144,2850335138351266,0,0,8,0,16,256,1,1,16777216,1,1
"KERNEL_DISPATCH","Agent 4",1,0,5743,1883,217,"gemm_kernel_v2",1883,2850335138351266,2850335140138967,0,0,24,272,48,256,1,1,131072,1,1
"KERNEL_DISPATCH","Agent 4",1,0,5743,1884,117,"void at::native::vectorized_elementwise_kernel<4, at::native::FillFunctor<int>, std::array<char*, 1ul> >(int, at::native::FillFunctor<int>, std::array<char*, 1ul>)",1884,2850335140138967,2850335140342329,0,0,8,0,16,256,1,1,16777216,1,1
"KERNEL_DISPATCH","Agent 4",1,0,5743,1885,217,"gemm_kernel_v2",1885,2850335140342329,2850335142133550,0,0,24,272,48,256,1,1,131072,1,1
"KERNEL_DISPATCH","Agent 4",1,0,5743,1886,117,"void at::native::vectorized_elementwise_kernel<4, at::native::FillFunctor<int>, std::array<char*, 1ul> >(int, at::native::FillFunctor<int>, std::array<char*, 1ul>)",1886,2850335142133550,2850335142342192,0,0,8,0,16,256,1,1,16777216,1,1
"KERNEL_DISPATCH","Agent 4",1,0,5743,1887,217,"gemm_kernel_v2",1887,2850335142342192,2850335144129893,0,0,24,272,48,256,1,1,131072,1,1
"KERNEL_DISPATCH","Agent 4",1,0,5743,1888,117,"void at::native::vectorized_elementwise_kernel<4, at::native::FillFunctor<int>, std::array<char*, 1ul> >(int, at::native::FillFunctor<int>, std::array<char*, 1ul>)",1888,2850335144129893,2850335144333736,0,0,8,0,16,256,1,1,16777216,1,1
"KERNEL_DISPATCH","Agent 4",1,0,5743,1889,217,"gemm_kernel_v2",1889,2850335144333736,2850335146121436,0,0,24,272,48,256,1,1,131072,1,1
"KERNEL_DISPATCH","Agent 4",1,0,5743,1890,217,"gemm_kernel_v2",1890,2850335146295519,2850335148079379,0,0,24,272,48,256,1,1,131072,1,1
"KERNEL_DISPATCH","Agent 4",1,0,5743,1891,217,"gemm_kernel_v2",1891,2850335148079379,2850335149863880,0,0,24,272,48,256,1,1,131072,1,1
"KERNEL_DISPATCH","Agent 4",1,0,5743,1892,217,"gemm_kernel_v2",1892,2850335149863880,2850335151646621,0,0,24,272,48,256,1,1,131072,1,1
"KERNEL_DISPATCH","Agent 4",1,0,5743,1893,217,"gemm_kernel_v2",1893,2850335151646621,2850335153437522,0,0,24,272,48,256,1,1,131072,1,1
"KERNEL_DISPATCH","Agent 4",1,0,5743,1894,217,"gemm_kernel_v2",1894,2850335153437522,2850335155229863,0,0,24,272,48,256,1,1,131072,1,1
"KERNEL_DISPATCH","Agent 4",1,0,5743,1895,217,"gemm_kernel_v2",1895,2850335155229863,2850335157019163,0,0,24,272,48,256,1,1,131072,1,1
"KERNEL_DISPATCH","Agent 4",1,0,5743,1896,217,"gemm_kernel_v2",1896,2850335157019163,2850335158801424,0,0,24,272,48,256,1,1,131072,1,1
"KERNEL_DISPATCH","Agent 4",1,0,5743,1897,217,"gemm_kernel_v2",1897,2850335158801424,2850335160591845,0,0,24,272,48,256,1,1,131072,1,1
"KERNEL_DISPATCH","Agent 4",1,0,5743,1898,217,"gemm_kernel_v2",1898,2850335160591845,2850335162375546,0,0,24,272,48,256,1,1,131072,1,1
"KERNEL_DISPATCH","Agent 4",1,0,5743,1899,217,"gemm_kernel_v2",1899,2850335162375546,2850335164161007,0,0,24,272,48,256,1,1,131072,1,1
"KERNEL_DISPATCH","Agent 4",1,0,5743,1900,217,"gemm_kernel_v2",1900,2850335164161007,2850335165943267,0,0,24,272,48,256,1,1,131072,1,1
"KERNEL_DISPATCH","Agent 4",1,0,5743,1901,217,"gemm_kernel_v2",1901,2850335165943267,2850335167730968,0,0,24,272,48,256,1,1,131072,1,1
"KERNEL_DISPATCH","Agent 4",1,0,5743,1902,117,"void at::native::vectorized_elementwise_kernel<4, at::native::FillFunctor<int>, std::array<char*, 1ul> >(int, at::native::FillFunctor<int>, std::array<char*, 1ul>)",1902,2850335167730968,2850335167931771,0,0,8,0,16,256,1,1,16777216,1,1
"KERNEL_DISPATCH","Agent 4",1,0,5743,1903,217,"gemm_kernel_v2",1903,2850335167943291,2850335169728431,0,0,24,272,48,256,1,1,131072,1,1
"KERNEL_DISPATCH","Agent 4",1,0,5743,1904,117,"void at::native::vectorized_elementwise_kernel<4, at::native::FillFunctor<int>, std::array<char*, 1ul> >(int, at::native::FillFunctor<int>, std::array<char*, 1ul>)",1904,2850335169738992,2850335169936114,0,0,8,0,16,256,1,1,16777216,1,1
"KERNEL_DISPATCH","Agent 4",1,0,5743,1905,217,"gemm_kernel_v2",1905,2850335169945714,2850335171735975,0,0,24,272,48,256,1,1,131072,1,1
"KERNEL_DISPATCH","Agent 4",1,0,5743,1906,117,"void at::native::vectorized_elementwise_kernel<4, at::native::FillFunctor<int>, std::array<char*, 1ul> >(int, at::native::FillFunctor<int>, std::array<char*, 1ul>)",1906,2850335171746375,2850335171948137,0,0,8,0,16,256,1,1,16777216,1,1
"KERNEL_DISPATCH","Agent 4",1,0,5743,1907,217,"gemm_kernel_v2",1907,2850335171957577,2850335173744958,0,0,24,272,48,256,1,1,131072,1,1
"KERNEL_DISPATCH","Agent 4",1,0,5743,1908,117,"void at::native::vectorized_elementwise_kernel<4, at::native::FillFunctor<int>, std::array<char*, 1ul> >(int, at::native::FillFunctor<int>, std::array<char*, 1ul>)",1908,2850335173755198,2850335173962721,0,0,8,0,16,256,1,1,16777216,1,1
"KERNEL_DISPATCH","Agent 4",1,0,5743,1909,217,"gemm_kernel_v2",1909,2850335173972321,2850335175764982,0,0,24,272,48,256,1,1,131072,1,1
"KERNEL_DISPATCH","Agent 4",1,0,5743,1910,117,"void at::native::vectorized_elementwise_kernel<4, at::native::FillFunctor<int>, std::array<char*, 1ul> >(int, at::native::FillFunctor<int>, std::array<char*, 1ul>)",1910,2850335175775222,2850335175980184,0,0,8,0,16,256,1,1,16777216,1,1
"KERNEL_DISPATCH","Agent 4",1,0,5743,1911,217,"gemm_kernel_v2",1911,2850335175989624,2850335177773165,0,0,24,272,48,256,1,1,131072,1,1
"KERNEL_DISPATCH","Agent 4",1,0,5743,1912,117,"void at::native::vectorized_elementwise_kernel<4, at::native::FillFunctor<int>, std::array<char*, 1ul> >(int, at::native::FillFunctor<int>, std::array<char*, 1ul>)",1912,2850335177783565,2850335177983408,0,0,8,0,16,256,1,1,16777216,1,1
"KERNEL_DISPATCH","Agent 4",1,0,5743,1913,217,"gemm_kernel_v2",1913,2850335177993008,2850335179777669,0,0,24,272,48,256,1,1,131072,1,1
"KERNEL_DISPATCH","Agent 4",1,0,5743,1914,117,"void at::native::vectorized_elementwise_kernel<4, at::native::FillFunctor<int>, std::array<char*, 1ul> >(int, at::native::FillFunctor<int>, std::array<char*, 1ul>)",1914,2850335179787909,2850335179988071,0,0,8,0,16,256,1,1,16777216,1,1
"KERNEL_DISPATCH","Agent 4",1,0,5743,1915,217,"gemm_kernel_v2",1915,2850335179997511,2850335181776252,0,0,24,272,48,256,1,1,131072,1,1
"KERNEL_DISPATCH","Agent 4",1,0,5743,1916,117,"void at::native::vectorized_elementwise_kernel<4, at::native::FillFunctor<int>, std::array<char*, 1ul> >(int, at::native::FillFunctor<int>, std::array<char*, 1ul>)",1916,2850335181786812,2850335181986014,0,0,8,0,16,256,1,1,16777216,1,1
"KERNEL_DISPATCH","Agent 4",1,0,5743,1917,217,"gemm_kernel_v2",1917,2850335181995614,2850335183782195,0,0,24,272,48,256,1,1,131072,1,1
"KERNEL_DISPATCH","Agent 4",1,0,5743,1918,117,"void at::native::vectorized_elementwise_kernel<4, at::native::FillFunctor<int>, std::array<char*, 1ul> >(int, at::native::FillFunctor<int>, std::array<char*, 1ul>)",1918,2850335183792755,2850335183992278,0,0,8,0,16,256,1,1,16777216,1,1
"KERNEL_DISPATCH","Agent 4",1,0,5743,1919,217,"gemm_kernel_v2",1919,2850335184001718,2850335185787179,0,0,24,272,48,256,1,1,131072,1,1
"KERNEL_DISPATCH","Agent 4",1,0,5743,1920,117,"void at::native::vectorized_elementwise_kernel<4, at::native::FillFunctor<int>, std::array<char*, 1ul> >(int, at::native::FillFunctor<int>, std::array<char*, 1ul>)",1920,2850335185797579,2850335185998701,0,0,8,0,16,256,1,1,16777216,1,1
"KERNEL_DISPATCH","Agent 4",1,0,5743,1921,217,"gemm_kernel_v2",1921,2850335186008301,2850335187795362,0,0,24,272,48,256,1,1,131072,1,1
"KERNEL_DISPATCH","Agent 4",1,0,5743,1922,117,"void at::native::vectorized_elementwise_kernel<4, at::native::FillFunctor<int>, std::array<char*, 1ul> >(int, at::native::FillFunctor<int>, std::array<char*, 1ul>)",1922,2850335187805762,2850335188000964,0,0,8,0,16,256,1,1,16777216,1,1
"KERNEL_DISPATCH","Agent 4",1,0,5743,1923,217,"gemm_kernel_v2",1923,2850335188010724,2850335189795065,0,0,24,272,48,256,1,1,131072,1,1
"KERNEL_DISPATCH","Agent 4",1,0,5743,1924,117,"void at::native::vectorized_elementwise_kernel<4, at::native::FillFunctor<int>, std::array<char*, 1ul> >(int, at::native::FillFunctor<int>, std::array<char*, 1ul>)",1924,2850335189805305,2850335190007068,0,0,8,0,16,256,1,1,16777216,1,1
"KERNEL_DISPATCH","Agent 4",1,0,5743,1925,217,"gemm_kernel_v2",1925,2850335190016828,2850335191808209,0,0,24,272,48,256,1,1,131072,1,1
"KERNEL_DISPATCH","Agent 4",1,0,5743,1926,117,"void at::native::vectorized_elementwise_kernel<4, at::native::FillFunctor<int>, std::array<char*, 1ul> >(int, at::native::FillFunctor<int>, std::array<char*, 1ul>)",1926,2850335191818609,2850335192017011,0,0,8,0,16,256,1,1,16777216,1,1
"KERNEL_DISPATCH","Agent 4",1,0,5743,1927,217,"gemm_kernel_v2",1927,2850335192026771,2850335193814952,0,0,24,272,48,256,1,1,131072,1,1
"KERNEL_DISPATCH","Agent 4",1,0,5743,1928,117,"void at::native::vectorized_elementwise_kernel<4, at::native::FillFunctor<int>, std::array<char*, 1ul> >(int, at::native::FillFunctor<int>, std::array<char*, 1ul>)",1928,2850335193825192,2850335194026315,0,0,8,0,16,256,1,1,16777216,1,1
"KERNEL_DISPATCH","Agent 4",1,0,5743,1929,217,"gemm_kernel_v2",1929,2850335194035915,2850335195828416,0,0,24,272,48,256,1,1,131072,1,1
"KERNEL_DISPATCH","Agent 4",1,0,5743,1930,117,"void at::native::vectorized_elementwise_kernel<4, at::native::FillFunctor<int>, std::array<char*, 1ul> >(int, at::native::FillFunctor<int>, std::array<char*, 1ul>)",1930,2850335195838656,2850335196041698,0,0,8,0,16,256,1,1,16777216,1,1
"KERNEL_DISPATCH","Agent 4",1,0,5743,1931,217,"gemm_kernel_v2",1931,2850335196051138,2850335197839319,0,0,24,272,48,256,1,1,131072,1,1
"KERNEL_DISPATCH","Agent 4",1,0,5743,1932,117,"void at::native::vectorized_elementwise_kernel<4, at::native::FillFunctor<int>, std::array<char*, 1ul> >(int, at::native::FillFunctor<int>, std::array<char*, 1ul>)",1932,2850335197849879,2850335198050201,0,0,8,0,16,256,1,1,16777216,1,1
"KERNEL_DISPATCH","Agent 4",1,0,5743,1933,217,"gemm_kernel_v2",1933,2850335198060097,2850335199846037,0,0,24,272,48,256,1,1,131072,1,1
"KERNEL_DISPATCH","Agent 4",1,0,5743,1934,117,"void at::native::vectorized_elementwise_kernel<4, at::native::FillFunctor<int>, std::array<char*, 1ul> >(int, at::native::FillFunctor<int>, std::array<char*, 1ul>)",1934,2850335199856277,2850335200057559,0,0,8,0,16,256,1,1,16777216,1,1
"KERNEL_DISPATCH","Agent 4",1,0,5743,1935,217,"gemm_kernel_v2",1935,2850335200066999,2850335201861100,0,0,24,272,48,256,1,1,131072,1,1
"KERNEL_DISPATCH","Agent 4",1,0,5743,1936,117,"void at::native::vectorized_elementwise_kernel<4, at::native::FillFunctor<int>, std::array<char*, 1ul> >(int, at::native::FillFunctor<int>, std::array<char*, 1ul>)",1936,2850335201871340,2850335202073102,0,0,8,0,16,256,1,1,16777216,1,1
"KERNEL_DISPATCH","Agent 4",1,0,5743,1937,217,"gemm_kernel_v2",1937,2850335202082702,2850335203867203,0,0,24,272,48,256,1,1,131072,1,1
"KERNEL_DISPATCH","Agent 4",1,0,5743,1938,117,"void at::native::vectorized_elementwise_kernel<4, at::native::FillFunctor<int>, std::array<char*, 1ul> >(int, at::native::FillFunctor<int>, std::array<char*, 1ul>)",1938,2850335203877763,2850335204077126,0,0,8,0,16,256,1,1,16777216,1,1
"KERNEL_DISPATCH","Agent 4",1,0,5743,1939,217,"gemm_kernel_v2",1939,2850335204086406,2850335205870747,0,0,24,272,48,256,1,1,131072,1,1
"KERNEL_DISPATCH","Agent 4",1,0,5743,1940,117,"void at::native::vectorized_elementwise_kernel<4, at::native::FillFunctor<int>, std::array<char*, 1ul> >(int, at::native::FillFunctor<int>, std::array<char*, 1ul>)",1940,2850335205881147,2850335206079869,0,0,8,0,16,256,1,1,16777216,1,1
"KERNEL_DISPATCH","Agent 4",1,0,5743,1941,217,"gemm_kernel_v2",1941,2850335206089149,2850335207880050,0,0,24,272,48,256,1,1,131072,1,1
"KERNEL_DISPATCH","Agent 4",1,0,5743,1942,117,"void at::native::vectorized_elementwise_kernel<4, at::native::FillFunctor<int>, std::array<char*, 1ul> >(int, at::native::FillFunctor<int>, std::array<char*, 1ul>)",1942,2850335207890610,2850335208094612,0,0,8,0,16,256,1,1,16777216,1,1
"KERNEL_DISPATCH","Agent 4",1,0,5743,1943,217,"gemm_kernel_v2",1943,2850335208104053,2850335209889833,0,0,24,272,48,256,1,1,131072,1,1
"KERNEL_DISPATCH","Agent 4",1,0,5743,1944,117,"void at::native::vectorized_elementwise_kernel<4, at::native::FillFunctor<int>, std::array<char*, 1ul> >(int, at::native::FillFunctor<int>, std::array<char*, 1ul>)",1944,2850335209900073,2850335210100876,0,0,8,0,16,256,1,1,16777216,1,1
"KERNEL_DISPATCH","Agent 4",1,0,5743,1945,217,"gemm_kernel_v2",1945,2850335210110316,2850335211891297,0,0,24,272,48,256,1,1,131072,1,1
"KERNEL_DISPATCH","Agent 4",1,0,5743,1946,117,"void at::native::vectorized_elementwise_kernel<4, at::native::FillFunctor<int>, std::array<char*, 1ul> >(int, at::native::FillFunctor<int>, std::array<char*, 1ul>)",1946,2850335211901857,2850335212103299,0,0,8,0,16,256,1,1,16777216,1,1
"KERNEL_DISPATCH","Agent 4",1,0,5743,1947,217,"gemm_kernel_v2",1947,2850335212112899,2850335213897240,0,0,24,272,48,256,1,1,131072,1,1
"KERNEL_DISPATCH","Agent 4",1,0,5743,1948,117,"void at::native::vectorized_elementwise_kernel<4, at::native::FillFunctor<int>, std::array<char*, 1ul> >(int, at::native::FillFunctor<int>, std::array<char*, 1ul>)",1948,2850335213907480,2850335214112763,0,0,8,0,16,256,1,1,16777216,1,1
"KERNEL_DISPATCH","Agent 4",1,0,5743,1949,217,"gemm_kernel_v2",1949,2850335214122523,2850335215908303,0,0,24,272,48,256,1,1,131072,1,1
"KERNEL_DISPATCH","Agent 4",1,0,5743,1950,117,"void at::native::vectorized_elementwise_kernel<4, at::native::FillFunctor<int>, std::array<char*, 1ul> >(int, at::native::FillFunctor<int>, std::array<char*, 1ul>)",1950,2850335215918704,2850335216118226,0,0,8,0,16,256,1,1,16777216,1,1
"KERNEL_DISPATCH","Agent 4",1,0,5743,1951,217,"gemm_kernel_v2",1951,2850335216127826,2850335217911047,0,0,24,272,48,256,1,1,131072,1,1
"KERNEL_DISPATCH","Agent 4",1,0,5743,1952,117,"void at::native::vectorized_elementwise_kernel<4, at::native::FillFunctor<int>, std::array<char*, 1ul> >(int, at::native::FillFunctor<int>, std::array<char*, 1ul>)",1952,2850335217921447,2850335218121769,0,0,8,0,16,256,1,1,16777216,1,1
"KERNEL_DISPATCH","Agent 4",1,0,5743,1953,217,"gemm_kernel_v2",1953,2850335218131049,2850335219911870,0,0,24,272,48,256,1,1,131072,1,1
"KERNEL_DISPATCH","Agent 4",1,0,5743,1954,117,"void at::native::vectorized_elementwise_kernel<4, at::native::FillFunctor<int>, std::array<char*, 1ul> >(int, at::native::FillFunctor<int>, std::array<char*, 1ul>)",1954,2850335219922110,2850335220122913,0,0,8,0,16,256,1,1,16777216,1,1
"KERNEL_DISPATCH","Agent 4",1,0,5743,1955,217,"gemm_kernel_v2",1955,2850335220132353,2850335221923733,0,0,24,272,48,256,1,1,131072,1,1
"KERNEL_DISPATCH","Agent 4",1,0,5743,1956,117,"void at::native::vectorized_elementwise_kernel<4, at::native::FillFunctor<int>, std::array<char*, 1ul> >(int, at::native::FillFunctor<int>, std::array<char*, 1ul>)",1956,2850335221934294,2850335222135896,0,0,8,0,16,256,1,1,16777216,1,1
"KERNEL_DISPATCH","Agent 4",1,0,5743,1957,217,"gemm_kernel_v2",1957,2850335222145336,2850335223932397,0,0,24,272,48,256,1,1,131072,1,1
"KERNEL_DISPATCH","Agent 4",1,0,5743,1958,117,"void at::native::vectorized_elementwise_kernel<4, at::native::FillFunctor<int>, std::array<char*, 1ul> >(int, at::native::FillFunctor<int>, std::array<char*, 1ul>)",1958,2850335223942797,2850335224142639,0,0,8,0,16,256,1,1,16777216,1,1
"KERNEL_DISPATCH","Agent 4",1,0,5743,1959,217,"gemm_kernel_v2",1959,2850335224152079,2850335225934660,0,0,24,272,48,256,1,1,131072,1,1
"KERNEL_DISPATCH","Agent 4",1,0,5743,1960,117,"void at::native::vectorized_elementwise_kernel<4, at::native::FillFunctor<int>, std::array<char*, 1ul> >(int, at::native::FillFunctor<int>, std::array<char*, 1ul>)",1960,2850335225945220,2850335226146343,0,0,8,0,16,256,1,1,16777216,1,1
"KERNEL_DISPATCH","Agent 4",1,0,5743,1961,217,"gemm_kernel_v2",1961,2850335226155943,2850335227940284,0,0,24,272,48,256,1,1,131072,1,1
"KERNEL_DISPATCH","Agent 4",1,0,5743,1962,117,"void at::native::vectorized_elementwise_kernel<4, at::native::FillFunctor<int>, std::array<char*, 1ul> >(int, at::native::FillFunctor<int>, std::array<char*, 1ul>)",1962,2850335227950524,2850335228147486,0,0,8,0,16,256,1,1,16777216,1,1
"KERNEL_DISPATCH","Agent 4",1,0,5743,1963,217,"gemm_kernel_v2",1963,2850335228156926,2850335229942547,0,0,24,272,48,256,1,1,131072,1,1
"KERNEL_DISPATCH","Agent 4",1,0,5743,1964,117,"void at::native::vectorized_elementwise_kernel<4, at::native::FillFunctor<int>, std::array<char*, 1ul> >(int, at::native::FillFunctor<int>, std::array<char*, 1ul>)",1964,2850335229952947,2850335230158229,0,0,8,0,16,256,1,1,16777216,1,1
"KERNEL_DISPATCH","Agent 4",1,0,5743,1965,217,"gemm_kernel_v2",1965,2850335230167989,2850335231950890,0,0,24,272,48,256,1,1,131072,1,1
"KERNEL_DISPATCH","Agent 4",1,0,5743,1966,117,"void at::native::vectorized_elementwise_kernel<4, at::native::FillFunctor<int>, std::array<char*, 1ul> >(int, at::native::FillFunctor<int>, std::array<char*, 1ul>)",1966,2850335231961290,2850335232164173,0,0,8,0,16,256,1,1,16777216,1,1
"KERNEL_DISPATCH","Agent 4",1,0,5743,1967,217,"gemm_kernel_v2",1967,2850335232173613,2850335233956834,0,0,24,272,48,256,1,1,131072,1,1
"KERNEL_DISPATCH","Agent 4",1,0,5743,1968,117,"void at::native::vectorized_elementwise_kernel<4, at::native::FillFunctor<int>, std::array<char*, 1ul> >(int, at::native::FillFunctor<int>, std::array<char*, 1ul>)",1968,2850335233967394,2850335234174436,0,0,8,0,16,256,1,1,16777216,1,1
"KERNEL_DISPATCH","Agent 4",1,0,5743,1969,217,"gemm_kernel_v2",1969,2850335234184356,2850335235978617,0,0,24,272,48,256,1,1,131072,1,1
"KERNEL_DISPATCH","Agent 4",1,0,5743,1970,117,"void at::native::vectorized_elementwise_kernel<4, at::native::FillFunctor<int>, std::array<char*, 1ul> >(int, at::native::FillFunctor<int>, std::array<char*, 1ul>)",1970,2850335235988857,2850335236190140,0,0,8,0,16,256,1,1,16777216,1,1
"KERNEL_DISPATCH","Agent 4",1,0,5743,1971,217,"gemm_kernel_v2",1971,2850335236199420,2850335237987601,0,0,24,272,48,256,1,1,131072,1,1
"KERNEL_DISPATCH","Agent 4",1,0,5743,1972,117,"void at::native::vectorized_elementwise_kernel<4, at::native::FillFunctor<int>, std::array<char*, 1ul> >(int, at::native::FillFunctor<int>, std::array<char*, 1ul>)",1972,2850335237998161,2850335238202963,0,0,8,0,16,256,1,1,16777216,1,1
"KERNEL_DISPATCH","Agent 4",1,0,5743,1973,217,"gemm_kernel_v2",1973,2850335238212403,2850335239996584,0,0,24,272,48,256,1,1,131072,1,1
"KERNEL_DISPATCH","Agent 4",1,0,5743,1974,117,"void at::native::vectorized_elementwise_kernel<4, at::native::FillFunctor<int>, std::array<char*, 1ul> >(int, at::native::FillFunctor<int>, std::array<char*, 1ul>)",1974,2850335240006984,2850335240208426,0,0,8,0,16,256,1,1,16777216,1,1
"KERNEL_DISPATCH","Agent 4",1,0,5743,1975,217,"gemm_kernel_v2",1975,2850335240218027,2850335241998847,0,0,24,272,48,256,1,1,131072,1,1
"KERNEL_DISPATCH","Agent 4",1,0,5743,1976,117,"void at::native::vectorized_elementwise_kernel<4, at::native::FillFunctor<int>, std::array<char*, 1ul> >(int, at::native::FillFunctor<int>, std::array<char*, 1ul>)",1976,2850335242009567,2850335242211490,0,0,8,0,16,256,1,1,16777216,1,1
"KERNEL_DISPATCH","Agent 4",1,0,5743,1977,217,"gemm_kernel_v2",1977,2850335242221090,2850335244003991,0,0,24,272,48,256,1,1,131072,1,1
"KERNEL_DISPATCH","Agent 4",1,0,5743,1978,117,"void at::native::vectorized_elementwise_kernel<4, at::native::FillFunctor<int>, std::array<char*, 1ul> >(int, at::native::FillFunctor<int>, std::array<char*, 1ul>)",1978,2850335244014391,2850335244215993,0,0,8,0,16,256,1,1,16777216,1,1
"KERNEL_DISPATCH","Agent 4",1,0,5743,1979,217,"gemm_kernel_v2",1979,2850335244225273,2850335246014094,0,0,24,272,48,256,1,1,131072,1,1
"KERNEL_DISPATCH","Agent 4",1,0,5743,1980,117,"void at::native::vectorized_elementwise_kernel<4, at::native::FillFunctor<int>, std::array<char*, 1ul> >(int, at::native::FillFunctor<int>, std::array<char*, 1ul>)",1980,2850335246024814,2850335246223536,0,0,8,0,16,256,1,1,16777216,1,1
"KERNEL_DISPATCH","Agent 4",1,0,5743,1981,217,"gemm_kernel_v2",1981,2850335246232977,2850335248017317,0,0,24,272,48,256,1,1,131072,1,1
"KERNEL_DISPATCH","Agent 4",1,0,5743,1982,117,"void at::native::vectorized_elementwise_kernel<4, at::native::FillFunctor<int>, std::array<char*, 1ul> >(int, at::native::FillFunctor<int>, std::array<char*, 1ul>)",1982,2850335248027717,2850335248231880,0,0,8,0,16,256,1,1,16777216,1,1
"KERNEL_DISPATCH","Agent 4",1,0,5743,1983,217,"gemm_kernel_v2",1983,2850335248241320,2850335250028221,0,0,24,272,48,256,1,1,131072,1,1
"KERNEL_DISPATCH","Agent 4",1,0,5743,1984,117,"void at::native::vectorized_elementwise_kernel<4, at::native::FillFunctor<int>, std::array<char*, 1ul> >(int, at::native::FillFunctor<int>, std::array<char*, 1ul>)",1984,2850335250038621,2850335250237023,0,0,8,0,16,256,1,1,16777216,1,1
"KERNEL_DISPATCH","Agent 4",1,0,5743,1985,217,"gemm_kernel_v2",1985,2850335250246463,2850335252032404,0,0,24,272,48,256,1,1,131072,1,1
"KERNEL_DISPATCH","Agent 4",1,0,5743,1986,117,"void at::native::vectorized_elementwise_kernel<4, at::native::FillFunctor<int>, std::array<char*, 1ul> >(int, at::native::FillFunctor<int>, std::array<char*, 1ul>)",1986,2850335252042964,2850335252246647,0,0,8,0,16,256,1,1,16777216,1,1
"KERNEL_DISPATCH","Agent 4",1,0,5743,1987,217,"gemm_kernel_v2",1987,2850335252256247,2850335254046348,0,0,24,272,48,256,1,1,131072,1,1
"KERNEL_DISPATCH","Agent 4",1,0,5743,1988,117,"void at::native::vectorized_elementwise_kernel<4, at::native::FillFunctor<int>, std::array<char*, 1ul> >(int, at::native::FillFunctor<int>, std::array<char*, 1ul>)",1988,2850335254056748,2850335254258350,0,0,8,0,16,256,1,1,16777216,1,1
"KERNEL_DISPATCH","Agent 4",1,0,5743,1989,217,"gemm_kernel_v2",1989,2850335254267630,2850335256052131,0,0,24,272,48,256,1,1,131072,1,1
"KERNEL_DISPATCH","Agent 4",1,0,5743,1990,117,"void at::native::vectorized_elementwise_kernel<4, at::native::FillFunctor<int>, std::array<char*, 1ul> >(int, at::native::FillFunctor<int>, std::array<char*, 1ul>)",1990,2850335256062851,2850335256263173,0,0,8,0,16,256,1,1,16777216,1,1
"KERNEL_DISPATCH","Agent 4",1,0,5743,1991,217,"gemm_kernel_v2",1991,2850335256272453,2850335258060154,0,0,24,272,48,256,1,1,131072,1,1
"KERNEL_DISPATCH","Agent 4",1,0,5743,1992,117,"void at::native::vectorized_elementwise_kernel<4, at::native::FillFunctor<int>, std::array<char*, 1ul> >(int, at::native::FillFunctor<int>, std::array<char*, 1ul>)",1992,2850335258070874,2850335258273277,0,0,8,0,16,256,1,1,16777216,1,1
"KERNEL_DISPATCH","Agent 4",1,0,5743,1993,217,"gemm_kernel_v2",1993,2850335258282717,2850335260066578,0,0,24,272,48,256,1,1,131072,1,1
"KERNEL_DISPATCH","Agent 4",1,0,5743,1994,117,"void at::native::vectorized_elementwise_kernel<4, at::native::FillFunctor<int>, std::array<char*, 1ul> >(int, at::native::FillFunctor<int>, std::array<char*, 1ul>)",1994,2850335260076978,2850335260276980,0,0,8,0,16,256,1,1,16777216,1,1
"KERNEL_DISPATCH","Agent 4",1,0,5743,1995,217,"gemm_kernel_v2",1995,2850335260286420,2850335262076041,0,0,24,272,48,256,1,1,131072,1,1
"KERNEL_DISPATCH","Agent 4",1,0,5743,1996,117,"void at::native::vectorized_elementwise_kernel<4, at::native::FillFunctor<int>, std::array<char*, 1ul> >(int, at::native::FillFunctor<int>, std::array<char*, 1ul>)",1996,2850335262086761,2850335262287724,0,0,8,0,16,256,1,1,16777216,1,1
"KERNEL_DISPATCH","Agent 4",1,0,5743,1997,217,"gemm_kernel_v2",1997,2850335262297612,2850335264092032,0,0,24,272,48,256,1,1,131072,1,1
"KERNEL_DISPATCH","Agent 4",1,0,5743,1998,117,"void at::native::vectorized_elementwise_kernel<4, at::native::FillFunctor<int>, std::array<char*, 1ul> >(int, at::native::FillFunctor<int>, std::array<char*, 1ul>)",1998,2850335264102432,2850335264302754,0,0,8,0,16,256,1,1,16777216,1,1
"KERNEL_DISPATCH","Agent 4",1,0,5743,1999,217,"gemm_kernel_v2",1999,2850335264312514,2850335266098295,0,0,24,272,48,256,1,1,131072,1,1
"KERNEL_DISPATCH","Agent 4",1,0,5743,2000,117,"void at::native::vectorized_elementwise_kernel<4, at::native::FillFunctor<int>, std::array<char*, 1ul> >(int, at::native::FillFunctor<int>, std::array<char*, 1ul>)",2000,2850335266108695,2850335266306937,0,0,8,0,16,256,1,1,16777216,1,1
"KERNEL_DISPATCH","Agent 4",1,0,5743,2001,217,"gemm_kernel_v2",2001,2850335266316377,2850335268098478,0,0,24,272,48,256,1,1,131072,1,1
"KERNEL_DISPATCH","Agent 4",1,0,5743,2002,218,"gemm_kernel_v2",2002,2850335436029836,2850335437380731,0,0,112,0,48,512,1,1,262144,1,1
"KERNEL_DISPATCH","Agent 4",1,0,5743,2003,117,"void at::native::vectorized_elementwise_kernel<4, at::native::FillFunctor<int>, std::array<char*, 1ul> >(int, at::native::FillFunctor<int>, std::array<char*, 1ul>)",2003,2850335437464571,2850335437666974,0,0,8,0,16,256,1,1,16777216,1,1
"KERNEL_DISPATCH","Agent 4",1,0,5743,2004,218,"gemm_kernel_v2",2004,2850335437666974,2850335439015310,0,0,112,0,48,512,1,1,262144,1,1
"KERNEL_DISPATCH","Agent 4",1,0,5743,2005,117,"void at::native::vectorized_elementwise_kernel<4, at::native::FillFunctor<int>, std::array<char*, 1ul> >(int, at::native::FillFunctor<int>, std::array<char*, 1ul>)",2005,2850335439015310,2850335439218832,0,0,8,0,16,256,1,1,16777216,1,1
"KERNEL_DISPATCH","Agent 4",1,0,5743,2006,218,"gemm_kernel_v2",2006,2850335439218832,2850335440564768,0,0,112,0,48,512,1,1,262144,1,1
"KERNEL_DISPATCH","Agent 4",1,0,5743,2007,117,"void at::native::vectorized_elementwise_kernel<4, at::native::FillFunctor<int>, std::array<char*, 1ul> >(int, at::native::FillFunctor<int>, std::array<char*, 1ul>)",2007,2850335440564768,2850335440769890,0,0,8,0,16,256,1,1,16777216,1,1
"KERNEL_DISPATCH","Agent 4",1,0,5743,2008,218,"gemm_kernel_v2",2008,2850335440769890,2850335442116946,0,0,112,0,48,512,1,1,262144,1,1
"KERNEL_DISPATCH","Agent 4",1,0,5743,2009,117,"void at::native::vectorized_elementwise_kernel<4, at::native::FillFunctor<int>, std::array<char*, 1ul> >(int, at::native::FillFunctor<int>, std::array<char*, 1ul>)",2009,2850335442116946,2850335442322868,0,0,8,0,16,256,1,1,16777216,1,1
"KERNEL_DISPATCH","Agent 4",1,0,5743,2010,218,"gemm_kernel_v2",2010,2850335442322868,2850335443668964,0,0,112,0,48,512,1,1,262144,1,1
"KERNEL_DISPATCH","Agent 4",1,0,5743,2011,117,"void at::native::vectorized_elementwise_kernel<4, at::native::FillFunctor<int>, std::array<char*, 1ul> >(int, at::native::FillFunctor<int>, std::array<char*, 1ul>)",2011,2850335443668964,2850335443875206,0,0,8,0,16,256,1,1,16777216,1,1
"KERNEL_DISPATCH","Agent 4",1,0,5743,2012,218,"gemm_kernel_v2",2012,2850335443875206,2850335445220022,0,0,112,0,48,512,1,1,262144,1,1
"KERNEL_DISPATCH","Agent 4",1,0,5743,2013,218,"gemm_kernel_v2",2013,2850335446129792,2850335447477008,0,0,112,0,48,512,1,1,262144,1,1
"KERNEL_DISPATCH","Agent 4",1,0,5743,2014,218,"gemm_kernel_v2",2014,2850335447477008,2850335448827584,0,0,112,0,48,512,1,1,262144,1,1
"KERNEL_DISPATCH","Agent 4",1,0,5743,2015,218,"gemm_kernel_v2",2015,2850335448827584,2850335450173840,0,0,112,0,48,512,1,1,262144,1,1
"KERNEL_DISPATCH","Agent 4",1,0,5743,2016,218,"gemm_kernel_v2",2016,2850335450173840,2850335451520895,0,0,112,0,48,512,1,1,262144,1,1
"KERNEL_DISPATCH","Agent 4",1,0,5743,2017,218,"gemm_kernel_v2",2017,2850335451520895,2850335452868911,0,0,112,0,48,512,1,1,262144,1,1
"KERNEL_DISPATCH","Agent 4",1,0,5743,2018,218,"gemm_kernel_v2",2018,2850335452868911,2850335454217567,0,0,112,0,48,512,1,1,262144,1,1
"KERNEL_DISPATCH","Agent 4",1,0,5743,2019,218,"gemm_kernel_v2",2019,2850335454217567,2850335455564942,0,0,112,0,48,512,1,1,262144,1,1
"KERNEL_DISPATCH","Agent 4",1,0,5743,2020,218,"gemm_kernel_v2",2020,2850335455564942,2850335456913438,0,0,112,0,48,512,1,1,262144,1,1
"KERNEL_DISPATCH","Agent 4",1,0,5743,2021,218,"gemm_kernel_v2",2021,2850335456913438,2850335458259854,0,0,112,0,48,512,1,1,262144,1,1
"KERNEL_DISPATCH","Agent 4",1,0,5743,2022,218,"gemm_kernel_v2",2022,2850335458259854,2850335459606590,0,0,112,0,48,512,1,1,262144,1,1
"KERNEL_DISPATCH","Agent 4",1,0,5743,2023,218,"gemm_kernel_v2",2023,2850335459606590,2850335460955725,0,0,112,0,48,512,1,1,262144,1,1
"KERNEL_DISPATCH","Agent 4",1,0,5743,2024,218,"gemm_kernel_v2",2024,2850335460955725,2850335462303901,0,0,112,0,48,512,1,1,262144,1,1
"KERNEL_DISPATCH","Agent 4",1,0,5743,2025,218,"gemm_kernel_v2",2025,2850335462303901,2850335463654637,0,0,112,0,48,512,1,1,262144,1,1
"KERNEL_DISPATCH","Agent 4",1,0,5743,2026,218,"gemm_kernel_v2",2026,2850335463654637,2850335465000892,0,0,112,0,48,512,1,1,262144,1,1
"KERNEL_DISPATCH","Agent 4",1,0,5743,2027,218,"gemm_kernel_v2",2027,2850335465000892,2850335466350348,0,0,112,0,48,512,1,1,262144,1,1
"KERNEL_DISPATCH","Agent 4",1,0,5743,2028,218,"gemm_kernel_v2",2028,2850335466350348,2850335467697564,0,0,112,0,48,512,1,1,262144,1,1
"KERNEL_DISPATCH","Agent 4",1,0,5743,2029,117,"void at::native::vectorized_elementwise_kernel<4, at::native::FillFunctor<int>, std::array<char*, 1ul> >(int, at::native::FillFunctor<int>, std::array<char*, 1ul>)",2029,2850335467697564,2850335467900126,0,0,8,0,16,256,1,1,16777216,1,1
"KERNEL_DISPATCH","Agent 4",1,0,5743,2030,218,"gemm_kernel_v2",2030,2850335467911326,2850335469260302,0,0,112,0,48,512,1,1,262144,1,1
"KERNEL_DISPATCH","Agent 4",1,0,5743,2031,117,"void at::native::vectorized_elementwise_kernel<4, at::native::FillFunctor<int>, std::array<char*, 1ul> >(int, at::native::FillFunctor<int>, std::array<char*, 1ul>)",2031,2850335469270862,2850335469471025,0,0,8,0,16,256,1,1,16777216,1,1
"KERNEL_DISPATCH","Agent 4",1,0,5743,2032,218,"gemm_kernel_v2",2032,2850335469480625,2850335470828480,0,0,112,0,48,512,1,1,262144,1,1
"KERNEL_DISPATCH","Agent 4",1,0,5743,2033,117,"void at::native::vectorized_elementwise_kernel<4, at::native::FillFunctor<int>, std::array<char*, 1ul> >(int, at::native::FillFunctor<int>, std::array<char*, 1ul>)",2033,2850335470839041,2850335471037123,0,0,8,0,16,256,1,1,16777216,1,1
"KERNEL_DISPATCH","Agent 4",1,0,5743,2034,218,"gemm_kernel_v2",2034,2850335471046403,2850335472393779,0,0,112,0,48,512,1,1,262144,1,1
"KERNEL_DISPATCH","Agent 4",1,0,5743,2035,117,"void at::native::vectorized_elementwise_kernel<4, at::native::FillFunctor<int>, std::array<char*, 1ul> >(int, at::native::FillFunctor<int>, std::array<char*, 1ul>)",2035,2850335472404179,2850335472606901,0,0,8,0,16,256,1,1,16777216,1,1
"KERNEL_DISPATCH","Agent 4",1,0,5743,2036,218,"gemm_kernel_v2",2036,2850335472616341,2850335473965957,0,0,112,0,48,512,1,1,262144,1,1
"KERNEL_DISPATCH","Agent 4",1,0,5743,2037,117,"void at::native::vectorized_elementwise_kernel<4, at::native::FillFunctor<int>, std::array<char*, 1ul> >(int, at::native::FillFunctor<int>, std::array<char*, 1ul>)",2037,2850335473976677,2850335474180519,0,0,8,0,16,256,1,1,16777216,1,1
"KERNEL_DISPATCH","Agent 4",1,0,5743,2038,218,"gemm_kernel_v2",2038,2850335474189640,2850335475538775,0,0,112,0,48,512,1,1,262144,1,1
"KERNEL_DISPATCH","Agent 4",1,0,5743,2039,117,"void at::native::vectorized_elementwise_kernel<4, at::native::FillFunctor<int>, std::array<char*, 1ul> >(int, at::native::FillFunctor<int>, std::array<char*, 1ul>)",2039,2850335475549495,2850335475750138,0,0,8,0,16,256,1,1,16777216,1,1
"KERNEL_DISPATCH","Agent 4",1,0,5743,2040,218,"gemm_kernel_v2",2040,2850335475759578,2850335477108234,0,0,112,0,48,512,1,1,262144,1,1
"KERNEL_DISPATCH","Agent 4",1,0,5743,2041,117,"void at::native::vectorized_elementwise_kernel<4, at::native::FillFunctor<int>, std::array<char*, 1ul> >(int, at::native::FillFunctor<int>, std::array<char*, 1ul>)",2041,2850335477118794,2850335477320236,0,0,8,0,16,256,1,1,16777216,1,1
"KERNEL_DISPATCH","Agent 4",1,0,5743,2042,218,"gemm_kernel_v2",2042,2850335477329676,2850335478682332,0,0,112,0,48,512,1,1,262144,1,1
"KERNEL_DISPATCH","Agent 4",1,0,5743,2043,117,"void at::native::vectorized_elementwise_kernel<4, at::native::FillFunctor<int>, std::array<char*, 1ul> >(int, at::native::FillFunctor<int>, std::array<char*, 1ul>)",2043,2850335478692892,2850335478898654,0,0,8,0,16,256,1,1,16777216,1,1
"KERNEL_DISPATCH","Agent 4",1,0,5743,2044,218,"gemm_kernel_v2",2044,2850335478908095,2850335480257550,0,0,112,0,48,512,1,1,262144,1,1
"KERNEL_DISPATCH","Agent 4",1,0,5743,2045,117,"void at::native::vectorized_elementwise_kernel<4, at::native::FillFunctor<int>, std::array<char*, 1ul> >(int, at::native::FillFunctor<int>, std::array<char*, 1ul>)",2045,2850335480267790,2850335480468433,0,0,8,0,16,256,1,1,16777216,1,1
"KERNEL_DISPATCH","Agent 4",1,0,5743,2046,218,"gemm_kernel_v2",2046,2850335480477873,2850335481827969,0,0,112,0,48,512,1,1,262144,1,1
"KERNEL_DISPATCH","Agent 4",1,0,5743,2047,117,"void at::native::vectorized_elementwise_kernel<4, at::native::FillFunctor<int>, std::array<char*, 1ul> >(int, at::native::FillFunctor<int>, std::array<char*, 1ul>)",2047,2850335481838209,2850335482037411,0,0,8,0,16,256,1,1,16777216,1,1
"KERNEL_DISPATCH","Agent 4",1,0,5743,2048,218,"gemm_kernel_v2",2048,2850335482046851,2850335483396307,0,0,112,0,48,512,1,1,262144,1,1
"KERNEL_DISPATCH","Agent 4",1,0,5743,2049,117,"void at::native::vectorized_elementwise_kernel<4, at::native::FillFunctor<int>, std::array<char*, 1ul> >(int, at::native::FillFunctor<int>, std::array<char*, 1ul>)",2049,2850335483406867,2850335483611989,0,0,8,0,16,256,1,1,16777216,1,1
"KERNEL_DISPATCH","Agent 4",1,0,5743,2050,218,"gemm_kernel_v2",2050,2850335483621590,2850335484965605,0,0,112,0,48,512,1,1,262144,1,1
"KERNEL_DISPATCH","Agent 4",1,0,5743,2051,117,"void at::native::vectorized_elementwise_kernel<4, at::native::FillFunctor<int>, std::array<char*, 1ul> >(int, at::native::FillFunctor<int>, std::array<char*, 1ul>)",2051,2850335484976005,2850335485175688,0,0,8,0,16,256,1,1,16777216,1,1
"KERNEL_DISPATCH","Agent 4",1,0,5743,2052,218,"gemm_kernel_v2",2052,2850335485185288,2850335486535223,0,0,112,0,48,512,1,1,262144,1,1
"KERNEL_DISPATCH","Agent 4",1,0,5743,2053,117,"void at::native::vectorized_elementwise_kernel<4, at::native::FillFunctor<int>, std::array<char*, 1ul> >(int, at::native::FillFunctor<int>, std::array<char*, 1ul>)",2053,2850335486546104,2850335486746586,0,0,8,0,16,256,1,1,16777216,1,1
"KERNEL_DISPATCH","Agent 4",1,0,5743,2054,218,"gemm_kernel_v2",2054,2850335486755866,2850335488105642,0,0,112,0,48,512,1,1,262144,1,1
"KERNEL_DISPATCH","Agent 4",1,0,5743,2055,117,"void at::native::vectorized_elementwise_kernel<4, at::native::FillFunctor<int>, std::array<char*, 1ul> >(int, at::native::FillFunctor<int>, std::array<char*, 1ul>)",2055,2850335488116202,2850335488324524,0,0,8,0,16,256,1,1,16777216,1,1
"KERNEL_DISPATCH","Agent 4",1,0,5743,2056,218,"gemm_kernel_v2",2056,2850335488333964,2850335489682940,0,0,112,0,48,512,1,1,262144,1,1
"KERNEL_DISPATCH","Agent 4",1,0,5743,2057,117,"void at::native::vectorized_elementwise_kernel<4, at::native::FillFunctor<int>, std::array<char*, 1ul> >(int, at::native::FillFunctor<int>, std::array<char*, 1ul>)",2057,2850335489693500,2850335489895583,0,0,8,0,16,256,1,1,16777216,1,1
"KERNEL_DISPATCH","Agent 4",1,0,5743,2058,218,"gemm_kernel_v2",2058,2850335489904863,2850335491252398,0,0,112,0,48,512,1,1,262144,1,1
"KERNEL_DISPATCH","Agent 4",1,0,5743,2059,117,"void at::native::vectorized_elementwise_kernel<4, at::native::FillFunctor<int>, std::array<char*, 1ul> >(int, at::native::FillFunctor<int>, std::array<char*, 1ul>)",2059,2850335491262639,2850335491466801,0,0,8,0,16,256,1,1,16777216,1,1
"KERNEL_DISPATCH","Agent 4",1,0,5743,2060,218,"gemm_kernel_v2",2060,2850335491476401,2850335492824737,0,0,112,0,48,512,1,1,262144,1,1
"KERNEL_DISPATCH","Agent 4",1,0,5743,2061,117,"void at::native::vectorized_elementwise_kernel<4, at::native::FillFunctor<int>, std::array<char*, 1ul> >(int, at::native::FillFunctor<int>, std::array<char*, 1ul>)",2061,2850335492835137,2850335493038339,0,0,8,0,16,256,1,1,16777216,1,1
"KERNEL_DISPATCH","Agent 4",1,0,5743,2062,218,"gemm_kernel_v2",2062,2850335493047779,2850335494393875,0,0,112,0,48,512,1,1,262144,1,1
"KERNEL_DISPATCH","Agent 4",1,0,5743,2063,117,"void at::native::vectorized_elementwise_kernel<4, at::native::FillFunctor<int>, std::array<char*, 1ul> >(int, at::native::FillFunctor<int>, std::array<char*, 1ul>)",2063,2850335494404275,2850335494606358,0,0,8,0,16,256,1,1,16777216,1,1
"KERNEL_DISPATCH","Agent 4",1,0,5743,2064,218,"gemm_kernel_v2",2064,2850335494615798,2850335495965893,0,0,112,0,48,512,1,1,262144,1,1
"KERNEL_DISPATCH","Agent 4",1,0,5743,2065,117,"void at::native::vectorized_elementwise_kernel<4, at::native::FillFunctor<int>, std::array<char*, 1ul> >(int, at::native::FillFunctor<int>, std::array<char*, 1ul>)",2065,2850335495976454,2850335496179016,0,0,8,0,16,256,1,1,16777216,1,1
"KERNEL_DISPATCH","Agent 4",1,0,5743,2066,218,"gemm_kernel_v2",2066,2850335496188296,2850335497535832,0,0,112,0,48,512,1,1,262144,1,1
"KERNEL_DISPATCH","Agent 4",1,0,5743,2067,117,"void at::native::vectorized_elementwise_kernel<4, at::native::FillFunctor<int>, std::array<char*, 1ul> >(int, at::native::FillFunctor<int>, std::array<char*, 1ul>)",2067,2850335497546392,2850335497746714,0,0,8,0,16,256,1,1,16777216,1,1
"KERNEL_DISPATCH","Agent 4",1,0,5743,2068,218,"gemm_kernel_v2",2068,2850335497756154,2850335499105610,0,0,112,0,48,512,1,1,262144,1,1
"KERNEL_DISPATCH","Agent 4",1,0,5743,2069,117,"void at::native::vectorized_elementwise_kernel<4, at::native::FillFunctor<int>, std::array<char*, 1ul> >(int, at::native::FillFunctor<int>, std::array<char*, 1ul>)",2069,2850335499116170,2850335499314572,0,0,8,0,16,256,1,1,16777216,1,1
"KERNEL_DISPATCH","Agent 4",1,0,5743,2070,218,"gemm_kernel_v2",2070,2850335499324187,2850335500674282,0,0,112,0,48,512,1,1,262144,1,1
"KERNEL_DISPATCH","Agent 4",1,0,5743,2071,117,"void at::native::vectorized_elementwise_kernel<4, at::native::FillFunctor<int>, std::array<char*, 1ul> >(int, at::native::FillFunctor<int>, std::array<char*, 1ul>)",2071,2850335500684682,2850335500887564,0,0,8,0,16,256,1,1,16777216,1,1
"KERNEL_DISPATCH","Agent 4",1,0,5743,2072,218,"gemm_kernel_v2",2072,2850335500896844,2850335502244540,0,0,112,0,48,512,1,1,262144,1,1
"KERNEL_DISPATCH","Agent 4",1,0,5743,2073,117,"void at::native::vectorized_elementwise_kernel<4, at::native::FillFunctor<int>, std::array<char*, 1ul> >(int, at::native::FillFunctor<int>, std::array<char*, 1ul>)",2073,2850335502255100,2850335502454302,0,0,8,0,16,256,1,1,16777216,1,1
"KERNEL_DISPATCH","Agent 4",1,0,5743,2074,218,"gemm_kernel_v2",2074,2850335502463742,2850335503813358,0,0,112,0,48,512,1,1,262144,1,1
"KERNEL_DISPATCH","Agent 4",1,0,5743,2075,117,"void at::native::vectorized_elementwise_kernel<4, at::native::FillFunctor<int>, std::array<char*, 1ul> >(int, at::native::FillFunctor<int>, std::array<char*, 1ul>)",2075,2850335503823918,2850335504023120,0,0,8,0,16,256,1,1,16777216,1,1
"KERNEL_DISPATCH","Agent 4",1,0,5743,2076,218,"gemm_kernel_v2",2076,2850335504032561,2850335505380416,0,0,112,0,48,512,1,1,262144,1,1
"KERNEL_DISPATCH","Agent 4",1,0,5743,2077,117,"void at::native::vectorized_elementwise_kernel<4, at::native::FillFunctor<int>, std::array<char*, 1ul> >(int, at::native::FillFunctor<int>, std::array<char*, 1ul>)",2077,2850335505390976,2850335505590179,0,0,8,0,16,256,1,1,16777216,1,1
"KERNEL_DISPATCH","Agent 4",1,0,5743,2078,218,"gemm_kernel_v2",2078,2850335505599779,2850335506945714,0,0,112,0,48,512,1,1,262144,1,1
"KERNEL_DISPATCH","Agent 4",1,0,5743,2079,117,"void at::native::vectorized_elementwise_kernel<4, at::native::FillFunctor<int>, std::array<char*, 1ul> >(int, at::native::FillFunctor<int>, std::array<char*, 1ul>)",2079,2850335506955955,2850335507159157,0,0,8,0,16,256,1,1,16777216,1,1
"KERNEL_DISPATCH","Agent 4",1,0,5743,2080,218,"gemm_kernel_v2",2080,2850335507168597,2850335508520773,0,0,112,0,48,512,1,1,262144,1,1
"KERNEL_DISPATCH","Agent 4",1,0,5743,2081,117,"void at::native::vectorized_elementwise_kernel<4, at::native::FillFunctor<int>, std::array<char*, 1ul> >(int, at::native::FillFunctor<int>, std::array<char*, 1ul>)",2081,2850335508531013,2850335508732295,0,0,8,0,16,256,1,1,16777216,1,1
"KERNEL_DISPATCH","Agent 4",1,0,5743,2082,218,"gemm_kernel_v2",2082,2850335508741895,2850335510089911,0,0,112,0,48,512,1,1,262144,1,1
"KERNEL_DISPATCH","Agent 4",1,0,5743,2083,117,"void at::native::vectorized_elementwise_kernel<4, at::native::FillFunctor<int>, std::array<char*, 1ul> >(int, at::native::FillFunctor<int>, std::array<char*, 1ul>)",2083,2850335510100631,2850335510303834,0,0,8,0,16,256,1,1,16777216,1,1
"KERNEL_DISPATCH","Agent 4",1,0,5743,2084,218,"gemm_kernel_v2",2084,2850335510313274,2850335511659369,0,0,112,0,48,512,1,1,262144,1,1
"KERNEL_DISPATCH","Agent 4",1,0,5743,2085,117,"void at::native::vectorized_elementwise_kernel<4, at::native::FillFunctor<int>, std::array<char*, 1ul> >(int, at::native::FillFunctor<int>, std::array<char*, 1ul>)",2085,2850335511669770,2850335511872172,0,0,8,0,16,256,1,1,16777216,1,1
"KERNEL_DISPATCH","Agent 4",1,0,5743,2086,218,"gemm_kernel_v2",2086,2850335511882252,2850335513230108,0,0,112,0,48,512,1,1,262144,1,1
"KERNEL_DISPATCH","Agent 4",1,0,5743,2087,117,"void at::native::vectorized_elementwise_kernel<4, at::native::FillFunctor<int>, std::array<char*, 1ul> >(int, at::native::FillFunctor<int>, std::array<char*, 1ul>)",2087,2850335513240508,2850335513443710,0,0,8,0,16,256,1,1,16777216,1,1
"KERNEL_DISPATCH","Agent 4",1,0,5743,2088,218,"gemm_kernel_v2",2088,2850335513453150,2850335514803246,0,0,112,0,48,512,1,1,262144,1,1
"KERNEL_DISPATCH","Agent 4",1,0,5743,2089,117,"void at::native::vectorized_elementwise_kernel<4, at::native::FillFunctor<int>, std::array<char*, 1ul> >(int, at::native::FillFunctor<int>, std::array<char*, 1ul>)",2089,2850335514813806,2850335515014929,0,0,8,0,16,256,1,1,16777216,1,1
"KERNEL_DISPATCH","Agent 4",1,0,5743,2090,218,"gemm_kernel_v2",2090,2850335515024369,2850335516375264,0,0,112,0,48,512,1,1,262144,1,1
"KERNEL_DISPATCH","Agent 4",1,0,5743,2091,117,"void at::native::vectorized_elementwise_kernel<4, at::native::FillFunctor<int>, std::array<char*, 1ul> >(int, at::native::FillFunctor<int>, std::array<char*, 1ul>)",2091,2850335516385985,2850335516583267,0,0,8,0,16,256,1,1,16777216,1,1
"KERNEL_DISPATCH","Agent 4",1,0,5743,2092,218,"gemm_kernel_v2",2092,2850335516592547,2850335517940243,0,0,112,0,48,512,1,1,262144,1,1
"KERNEL_DISPATCH","Agent 4",1,0,5743,2093,117,"void at::native::vectorized_elementwise_kernel<4, at::native::FillFunctor<int>, std::array<char*, 1ul> >(int, at::native::FillFunctor<int>, std::array<char*, 1ul>)",2093,2850335517950483,2850335518150325,0,0,8,0,16,256,1,1,16777216,1,1
"KERNEL_DISPATCH","Agent 4",1,0,5743,2094,218,"gemm_kernel_v2",2094,2850335518160245,2850335519509541,0,0,112,0,48,512,1,1,262144,1,1
"KERNEL_DISPATCH","Agent 4",1,0,5743,2095,117,"void at::native::vectorized_elementwise_kernel<4, at::native::FillFunctor<int>, std::array<char*, 1ul> >(int, at::native::FillFunctor<int>, std::array<char*, 1ul>)",2095,2850335519520101,2850335519723143,0,0,8,0,16,256,1,1,16777216,1,1
"KERNEL_DISPATCH","Agent 4",1,0,5743,2096,218,"gemm_kernel_v2",2096,2850335519732584,2850335521085239,0,0,112,0,48,512,1,1,262144,1,1
"KERNEL_DISPATCH","Agent 4",1,0,5743,2097,117,"void at::native::vectorized_elementwise_kernel<4, at::native::FillFunctor<int>, std::array<char*, 1ul> >(int, at::native::FillFunctor<int>, std::array<char*, 1ul>)",2097,2850335521095639,2850335521299322,0,0,8,0,16,256,1,1,16777216,1,1
"KERNEL_DISPATCH","Agent 4",1,0,5743,2098,218,"gemm_kernel_v2",2098,2850335521308922,2850335522657898,0,0,112,0,48,512,1,1,262144,1,1
"KERNEL_DISPATCH","Agent 4",1,0,5743,2099,117,"void at::native::vectorized_elementwise_kernel<4, at::native::FillFunctor<int>, std::array<char*, 1ul> >(int, at::native::FillFunctor<int>, std::array<char*, 1ul>)",2099,2850335522668938,2850335522873420,0,0,8,0,16,256,1,1,16777216,1,1
"KERNEL_DISPATCH","Agent 4",1,0,5743,2100,218,"gemm_kernel_v2",2100,2850335522882860,2850335524233916,0,0,112,0,48,512,1,1,262144,1,1
"KERNEL_DISPATCH","Agent 4",1,0,5743,2101,117,"void at::native::vectorized_elementwise_kernel<4, at::native::FillFunctor<int>, std::array<char*, 1ul> >(int, at::native::FillFunctor<int>, std::array<char*, 1ul>)",2101,2850335524244316,2850335524445119,0,0,8,0,16,256,1,1,16777216,1,1
"KERNEL_DISPATCH","Agent 4",1,0,5743,2102,218,"gemm_kernel_v2",2102,2850335524454719,2850335525804174,0,0,112,0,48,512,1,1,262144,1,1
"KERNEL_DISPATCH","Agent 4",1,0,5743,2103,117,"void at::native::vectorized_elementwise_kernel<4, at::native::FillFunctor<int>, std::array<char*, 1ul> >(int, at::native::FillFunctor<int>, std::array<char*, 1ul>)",2103,2850335525814574,2850335526017297,0,0,8,0,16,256,1,1,16777216,1,1
"KERNEL_DISPATCH","Agent 4",1,0,5743,2104,218,"gemm_kernel_v2",2104,2850335526026897,2850335527377953,0,0,112,0,48,512,1,1,262144,1,1
"KERNEL_DISPATCH","Agent 4",1,0,5743,2105,117,"void at::native::vectorized_elementwise_kernel<4, at::native::FillFunctor<int>, std::array<char*, 1ul> >(int, at::native::FillFunctor<int>, std::array<char*, 1ul>)",2105,2850335527388513,2850335527589315,0,0,8,0,16,256,1,1,16777216,1,1
"KERNEL_DISPATCH","Agent 4",1,0,5743,2106,218,"gemm_kernel_v2",2106,2850335527598915,2850335528949171,0,0,112,0,48,512,1,1,262144,1,1
"KERNEL_DISPATCH","Agent 4",1,0,5743,2107,117,"void at::native::vectorized_elementwise_kernel<4, at::native::FillFunctor<int>, std::array<char*, 1ul> >(int, at::native::FillFunctor<int>, std::array<char*, 1ul>)",2107,2850335528959571,2850335529165654,0,0,8,0,16,256,1,1,16777216,1,1
"KERNEL_DISPATCH","Agent 4",1,0,5743,2108,218,"gemm_kernel_v2",2108,2850335529175094,2850335530522149,0,0,112,0,48,512,1,1,262144,1,1
"KERNEL_DISPATCH","Agent 4",1,0,5743,2109,117,"void at::native::vectorized_elementwise_kernel<4, at::native::FillFunctor<int>, std::array<char*, 1ul> >(int, at::native::FillFunctor<int>, std::array<char*, 1ul>)",2109,2850335530532869,2850335530735752,0,0,8,0,16,256,1,1,16777216,1,1
"KERNEL_DISPATCH","Agent 4",1,0,5743,2110,218,"gemm_kernel_v2",2110,2850335530745032,2850335532091928,0,0,112,0,48,512,1,1,262144,1,1
"KERNEL_DISPATCH","Agent 4",1,0,5743,2111,117,"void at::native::vectorized_elementwise_kernel<4, at::native::FillFunctor<int>, std::array<char*, 1ul> >(int, at::native::FillFunctor<int>, std::array<char*, 1ul>)",2111,2850335532102488,2850335532300570,0,0,8,0,16,256,1,1,16777216,1,1
"KERNEL_DISPATCH","Agent 4",1,0,5743,2112,218,"gemm_kernel_v2",2112,2850335532310170,2850335533659786,0,0,112,0,48,512,1,1,262144,1,1
"KERNEL_DISPATCH","Agent 4",1,0,5743,2113,117,"void at::native::vectorized_elementwise_kernel<4, at::native::FillFunctor<int>, std::array<char*, 1ul> >(int, at::native::FillFunctor<int>, std::array<char*, 1ul>)",2113,2850335533670186,2850335533873388,0,0,8,0,16,256,1,1,16777216,1,1
"KERNEL_DISPATCH","Agent 4",1,0,5743,2114,218,"gemm_kernel_v2",2114,2850335533882989,2850335535230524,0,0,112,0,48,512,1,1,262144,1,1
"KERNEL_DISPATCH","Agent 4",1,0,5743,2115,117,"void at::native::vectorized_elementwise_kernel<4, at::native::FillFunctor<int>, std::array<char*, 1ul> >(int, at::native::FillFunctor<int>, std::array<char*, 1ul>)",2115,2850335535240764,2850335535446207,0,0,8,0,16,256,1,1,16777216,1,1
"KERNEL_DISPATCH","Agent 4",1,0,5743,2116,218,"gemm_kernel_v2",2116,2850335535455487,2850335536804943,0,0,112,0,48,512,1,1,262144,1,1
"KERNEL_DISPATCH","Agent 4",1,0,5743,2117,117,"void at::native::vectorized_elementwise_kernel<4, at::native::FillFunctor<int>, std::array<char*, 1ul> >(int, at::native::FillFunctor<int>, std::array<char*, 1ul>)",2117,2850335536815663,2850335537016465,0,0,8,0,16,256,1,1,16777216,1,1
"KERNEL_DISPATCH","Agent 4",1,0,5743,2118,218,"gemm_kernel_v2",2118,2850335537025905,2850335538376321,0,0,112,0,48,512,1,1,262144,1,1
"KERNEL_DISPATCH","Agent 4",1,0,5743,2119,117,"void at::native::vectorized_elementwise_kernel<4, at::native::FillFunctor<int>, std::array<char*, 1ul> >(int, at::native::FillFunctor<int>, std::array<char*, 1ul>)",2119,2850335538386721,2850335538583203,0,0,8,0,16,256,1,1,16777216,1,1
"KERNEL_DISPATCH","Agent 4",1,0,5743,2120,218,"gemm_kernel_v2",2120,2850335538593123,2850335539942099,0,0,112,0,48,512,1,1,262144,1,1
"KERNEL_DISPATCH","Agent 4",1,0,5743,2121,117,"void at::native::vectorized_elementwise_kernel<4, at::native::FillFunctor<int>, std::array<char*, 1ul> >(int, at::native::FillFunctor<int>, std::array<char*, 1ul>)",2121,2850335539952659,2850335540152182,0,0,8,0,16,256,1,1,16777216,1,1
"KERNEL_DISPATCH","Agent 4",1,0,5743,2122,218,"gemm_kernel_v2",2122,2850335540161622,2850335541509477,0,0,112,0,48,512,1,1,262144,1,1
"KERNEL_DISPATCH","Agent 4",1,0,5743,2123,117,"void at::native::vectorized_elementwise_kernel<4, at::native::FillFunctor<int>, std::array<char*, 1ul> >(int, at::native::FillFunctor<int>, std::array<char*, 1ul>)",2123,2850335541519718,2850335541720840,0,0,8,0,16,256,1,1,16777216,1,1
"KERNEL_DISPATCH","Agent 4",1,0,5743,2124,218,"gemm_kernel_v2",2124,2850335541730280,2850335543080376,0,0,112,0,48,512,1,1,262144,1,1
"KERNEL_DISPATCH","Agent 4",1,0,5743,2125,117,"void at::native::vectorized_elementwise_kernel<4, at::native::FillFunctor<int>, std::array<char*, 1ul> >(int, at::native::FillFunctor<int>, std::array<char*, 1ul>)",2125,2850335543090776,2850335543293978,0,0,8,0,16,256,1,1,16777216,1,1
"KERNEL_DISPATCH","Agent 4",1,0,5743,2126,218,"gemm_kernel_v2",2126,2850335543303418,2850335544650154,0,0,112,0,48,512,1,1,262144,1,1
"KERNEL_DISPATCH","Agent 4",1,0,5743,2127,117,"void at::native::vectorized_elementwise_kernel<4, at::native::FillFunctor<int>, std::array<char*, 1ul> >(int, at::native::FillFunctor<int>, std::array<char*, 1ul>)",2127,2850335544660714,2850335544861357,0,0,8,0,16,256,1,1,16777216,1,1
"KERNEL_DISPATCH","Agent 4",1,0,5743,2128,218,"gemm_kernel_v2",2128,2850335544871277,2850335546219932,0,0,112,0,48,512,1,1,262144,1,1
"KERNEL_DISPATCH","Agent 4",1,0,5743,2129,117,"void at::native::vectorized_elementwise_kernel<4, at::native::FillFunctor<int>, std::array<char*, 1ul> >(int, at::native::FillFunctor<int>, std::array<char*, 1ul>)",2129,2850335546231453,2850335546433055,0,0,8,0,16,256,1,1,16777216,1,1
"KERNEL_DISPATCH","Agent 4",1,0,5743,2130,218,"gemm_kernel_v2",2130,2850335546442335,2850335547795151,0,0,112,0,48,512,1,1,262144,1,1
"KERNEL_DISPATCH","Agent 4",1,0,5743,2131,117,"void at::native::vectorized_elementwise_kernel<4, at::native::FillFunctor<int>, std::array<char*, 1ul> >(int, at::native::FillFunctor<int>, std::array<char*, 1ul>)",2131,2850335547805711,2850335548005553,0,0,8,0,16,256,1,1,16777216,1,1
"KERNEL_DISPATCH","Agent 4",1,0,5743,2132,218,"gemm_kernel_v2",2132,2850335548015153,2850335549363809,0,0,112,0,48,512,1,1,262144,1,1
"KERNEL_DISPATCH","Agent 4",1,0,5743,2133,117,"void at::native::vectorized_elementwise_kernel<4, at::native::FillFunctor<int>, std::array<char*, 1ul> >(int, at::native::FillFunctor<int>, std::array<char*, 1ul>)",2133,2850335549374209,2850335549576932,0,0,8,0,16,256,1,1,16777216,1,1
"KERNEL_DISPATCH","Agent 4",1,0,5743,2134,218,"gemm_kernel_v2",2134,2850335549586532,2850335550934387,0,0,112,0,48,512,1,1,262144,1,1
"KERNEL_DISPATCH","Agent 4",1,0,5743,2135,117,"void at::native::vectorized_elementwise_kernel<4, at::native::FillFunctor<int>, std::array<char*, 1ul> >(int, at::native::FillFunctor<int>, std::array<char*, 1ul>)",2135,2850335550944787,2850335551146070,0,0,8,0,16,256,1,1,16777216,1,1
"KERNEL_DISPATCH","Agent 4",1,0,5743,2136,218,"gemm_kernel_v2",2136,2850335551155670,2850335552504966,0,0,112,0,48,512,1,1,262144,1,1
"KERNEL_DISPATCH","Agent 4",1,0,5743,2137,117,"void at::native::vectorized_elementwise_kernel<4, at::native::FillFunctor<int>, std::array<char*, 1ul> >(int, at::native::FillFunctor<int>, std::array<char*, 1ul>)",2137,2850335552515526,2850335552719048,0,0,8,0,16,256,1,1,16777216,1,1
"KERNEL_DISPATCH","Agent 4",1,0,5743,2138,218,"gemm_kernel_v2",2138,2850335552728808,2850335554075864,0,0,112,0,48,512,1,1,262144,1,1
"KERNEL_DISPATCH","Agent 4",1,0,5743,2139,117,"void at::native::vectorized_elementwise_kernel<4, at::native::FillFunctor<int>, std::array<char*, 1ul> >(int, at::native::FillFunctor<int>, std::array<char*, 1ul>)",2139,2850335554086104,2850335554286906,0,0,8,0,16,256,1,1,16777216,1,1
"KERNEL_DISPATCH","Agent 4",1,0,5743,2140,218,"gemm_kernel_v2",2140,2850335554296347,2850335555643882,0,0,112,0,48,512,1,1,262144,1,1
"KERNEL_DISPATCH","Agent 4",1,0,5743,2141,117,"void at::native::vectorized_elementwise_kernel<4, at::native::FillFunctor<int>, std::array<char*, 1ul> >(int, at::native::FillFunctor<int>, std::array<char*, 1ul>)",2141,2850335555654282,2850335555854445,0,0,8,0,16,256,1,1,16777216,1,1
"KERNEL_DISPATCH","Agent 4",1,0,5743,2142,218,"gemm_kernel_v2",2142,2850335555863885,2850335557212061,0,0,112,0,48,512,1,1,262144,1,1
"KERNEL_DISPATCH","Agent 4",1,0,5743,2143,117,"void at::native::vectorized_elementwise_kernel<4, at::native::FillFunctor<int>, std::array<char*, 1ul> >(int, at::native::FillFunctor<int>, std::array<char*, 1ul>)",2143,2850335557223421,2850335557424383,0,0,8,0,16,256,1,1,16777216,1,1
"KERNEL_DISPATCH","Agent 4",1,0,5743,2144,218,"gemm_kernel_v2",2144,2850335557433983,2850335558784399,0,0,112,0,48,512,1,1,262144,1,1
"KERNEL_DISPATCH","Agent 4",1,0,5743,2145,117,"void at::native::vectorized_elementwise_kernel<4, at::native::FillFunctor<int>, std::array<char*, 1ul> >(int, at::native::FillFunctor<int>, std::array<char*, 1ul>)",2145,2850335558794639,2850335558992561,0,0,8,0,16,256,1,1,16777216,1,1
"KERNEL_DISPATCH","Agent 4",1,0,5743,2146,218,"gemm_kernel_v2",2146,2850335559002001,2850335560350337,0,0,112,0,48,512,1,1,262144,1,1
"KERNEL_DISPATCH","Agent 4",1,0,5743,2147,117,"void at::native::vectorized_elementwise_kernel<4, at::native::FillFunctor<int>, std::array<char*, 1ul> >(int, at::native::FillFunctor<int>, std::array<char*, 1ul>)",2147,2850335560360897,2850335560563620,0,0,8,0,16,256,1,1,16777216,1,1
"KERNEL_DISPATCH","Agent 4",1,0,5743,2148,218,"gemm_kernel_v2",2148,2850335560572900,2850335561918995,0,0,112,0,48,512,1,1,262144,1,1
"KERNEL_DISPATCH","Agent 4",1,0,5743,2149,117,"void at::native::vectorized_elementwise_kernel<4, at::native::FillFunctor<int>, std::array<char*, 1ul> >(int, at::native::FillFunctor<int>, std::array<char*, 1ul>)",2149,2850335561929716,2850335562135798,0,0,8,0,16,256,1,1,16777216,1,1
"KERNEL_DISPATCH","Agent 4",1,0,5743,2150,218,"gemm_kernel_v2",2150,2850335562145374,2850335563494349,0,0,112,0,48,512,1,1,262144,1,1
"KERNEL_DISPATCH","Agent 4",1,0,5743,2151,117,"void at::native::vectorized_elementwise_kernel<4, at::native::FillFunctor<int>, std::array<char*, 1ul> >(int, at::native::FillFunctor<int>, std::array<char*, 1ul>)",2151,2850335563504749,2850335563704431,0,0,8,0,16,256,1,1,16777216,1,1
"KERNEL_DISPATCH","Agent 4",1,0,5743,2152,218,"gemm_kernel_v2",2152,2850335563714031,2850335565061407,0,0,112,0,48,512,1,1,262144,1,1
"KERNEL_DISPATCH","Agent 4",1,0,5743,2153,117,"void at::native::vectorized_elementwise_kernel<4, at::native::FillFunctor<int>, std::array<char*, 1ul> >(int, at::native::FillFunctor<int>, std::array<char*, 1ul>)",2153,2850335565071967,2850335565274689,0,0,8,0,16,256,1,1,16777216,1,1
"KERNEL_DISPATCH","Agent 4",1,0,5743,2154,218,"gemm_kernel_v2",2154,2850335565284449,2850335566634705,0,0,112,0,48,512,1,1,262144,1,1
"KERNEL_DISPATCH","Agent 4",1,0,5743,2155,117,"void at::native::vectorized_elementwise_kernel<4, at::native::FillFunctor<int>, std::array<char*, 1ul> >(int, at::native::FillFunctor<int>, std::array<char*, 1ul>)",2155,2850335566645265,2850335566848948,0,0,8,0,16,256,1,1,16777216,1,1
"KERNEL_DISPATCH","Agent 4",1,0,5743,2156,218,"gemm_kernel_v2",2156,2850335566858548,2850335568206723,0,0,112,0,48,512,1,1,262144,1,1
"KERNEL_DISPATCH","Agent 4",1,0,5743,2157,219,"gemm_kernel_v2",2157,2850335757210183,2850335758795961,0,0,40,256,48,256,1,1,131072,1,1
"KERNEL_DISPATCH","Agent 4",1,0,5743,2158,117,"void at::native::vectorized_elementwise_kernel<4, at::native::FillFunctor<int>, std::array<char*, 1ul> >(int, at::native::FillFunctor<int>, std::array<char*, 1ul>)",2158,2850335758882361,2850335759082364,0,0,8,0,16,256,1,1,16777216,1,1
"KERNEL_DISPATCH","Agent 4",1,0,5743,2159,219,"gemm_kernel_v2",2159,2850335759082364,2850335760644142,0,0,40,256,48,256,1,1,131072,1,1
"KERNEL_DISPATCH","Agent 4",1,0,5743,2160,117,"void at::native::vectorized_elementwise_kernel<4, at::native::FillFunctor<int>, std::array<char*, 1ul> >(int, at::native::FillFunctor<int>, std::array<char*, 1ul>)",2160,2850335760644142,2850335760849904,0,0,8,0,16,256,1,1,16777216,1,1
"KERNEL_DISPATCH","Agent 4",1,0,5743,2161,219,"gemm_kernel_v2",2161,2850335760849904,2850335762423203,0,0,40,256,48,256,1,1,131072,1,1
"KERNEL_DISPATCH","Agent 4",1,0,5743,2162,117,"void at::native::vectorized_elementwise_kernel<4, at::native::FillFunctor<int>, std::array<char*, 1ul> >(int, at::native::FillFunctor<int>, std::array<char*, 1ul>)",2162,2850335762423203,2850335762627685,0,0,8,0,16,256,1,1,16777216,1,1
"KERNEL_DISPATCH","Agent 4",1,0,5743,2163,219,"gemm_kernel_v2",2163,2850335762627685,2850335764194103,0,0,40,256,48,256,1,1,131072,1,1
"KERNEL_DISPATCH","Agent 4",1,0,5743,2164,117,"void at::native::vectorized_elementwise_kernel<4, at::native::FillFunctor<int>, std::array<char*, 1ul> >(int, at::native::FillFunctor<int>, std::array<char*, 1ul>)",2164,2850335764194103,2850335764404506,0,0,8,0,16,256,1,1,16777216,1,1
"KERNEL_DISPATCH","Agent 4",1,0,5743,2165,219,"gemm_kernel_v2",2165,2850335764404506,2850335765970764,0,0,40,256,48,256,1,1,131072,1,1
"KERNEL_DISPATCH","Agent 4",1,0,5743,2166,117,"void at::native::vectorized_elementwise_kernel<4, at::native::FillFunctor<int>, std::array<char*, 1ul> >(int, at::native::FillFunctor<int>, std::array<char*, 1ul>)",2166,2850335765970764,2850335766175086,0,0,8,0,16,256,1,1,16777216,1,1
"KERNEL_DISPATCH","Agent 4",1,0,5743,2167,219,"gemm_kernel_v2",2167,2850335766175086,2850335767743585,0,0,40,256,48,256,1,1,131072,1,1
"KERNEL_DISPATCH","Agent 4",1,0,5743,2168,219,"gemm_kernel_v2",2168,2850335767922627,2850335769494165,0,0,40,256,48,256,1,1,131072,1,1
"KERNEL_DISPATCH","Agent 4",1,0,5743,2169,219,"gemm_kernel_v2",2169,2850335769494165,2850335771059783,0,0,40,256,48,256,1,1,131072,1,1
"KERNEL_DISPATCH","Agent 4",1,0,5743,2170,219,"gemm_kernel_v2",2170,2850335771059783,2850335772624602,0,0,40,256,48,256,1,1,131072,1,1
"KERNEL_DISPATCH","Agent 4",1,0,5743,2171,219,"gemm_kernel_v2",2171,2850335772624602,2850335774196140,0,0,40,256,48,256,1,1,131072,1,1
"KERNEL_DISPATCH","Agent 4",1,0,5743,2172,219,"gemm_kernel_v2",2172,2850335774196140,2850335775756798,0,0,40,256,48,256,1,1,131072,1,1
"KERNEL_DISPATCH","Agent 4",1,0,5743,2173,219,"gemm_kernel_v2",2173,2850335775756798,2850335777316496,0,0,40,256,48,256,1,1,131072,1,1
"KERNEL_DISPATCH","Agent 4",1,0,5743,2174,219,"gemm_kernel_v2",2174,2850335777316496,2850335778881475,0,0,40,256,48,256,1,1,131072,1,1
"KERNEL_DISPATCH","Agent 4",1,0,5743,2175,219,"gemm_kernel_v2",2175,2850335778881475,2850335780453173,0,0,40,256,48,256,1,1,131072,1,1
"KERNEL_DISPATCH","Agent 4",1,0,5743,2176,219,"gemm_kernel_v2",2176,2850335780453173,2850335782018311,0,0,40,256,48,256,1,1,131072,1,1
"KERNEL_DISPATCH","Agent 4",1,0,5743,2177,219,"gemm_kernel_v2",2177,2850335782018311,2850335783586489,0,0,40,256,48,256,1,1,131072,1,1
"KERNEL_DISPATCH","Agent 4",1,0,5743,2178,219,"gemm_kernel_v2",2178,2850335783586489,2850335785156108,0,0,40,256,48,256,1,1,131072,1,1
"KERNEL_DISPATCH","Agent 4",1,0,5743,2179,219,"gemm_kernel_v2",2179,2850335785156108,2850335786718686,0,0,40,256,48,256,1,1,131072,1,1
"KERNEL_DISPATCH","Agent 4",1,0,5743,2180,219,"gemm_kernel_v2",2180,2850335786718686,2850335788283664,0,0,40,256,48,256,1,1,131072,1,1
"KERNEL_DISPATCH","Agent 4",1,0,5743,2181,219,"gemm_kernel_v2",2181,2850335788283664,2850335789854722,0,0,40,256,48,256,1,1,131072,1,1
"KERNEL_DISPATCH","Agent 4",1,0,5743,2182,117,"void at::native::vectorized_elementwise_kernel<4, at::native::FillFunctor<int>, std::array<char*, 1ul> >(int, at::native::FillFunctor<int>, std::array<char*, 1ul>)",2182,2850335789854722,2850335790056965,0,0,8,0,16,256,1,1,16777216,1,1
"KERNEL_DISPATCH","Agent 4",1,0,5743,2183,219,"gemm_kernel_v2",2183,2850335790068645,2850335791634263,0,0,40,256,48,256,1,1,131072,1,1
"KERNEL_DISPATCH","Agent 4",1,0,5743,2184,117,"void at::native::vectorized_elementwise_kernel<4, at::native::FillFunctor<int>, std::array<char*, 1ul> >(int, at::native::FillFunctor<int>, std::array<char*, 1ul>)",2184,2850335791644823,2850335791850266,0,0,8,0,16,256,1,1,16777216,1,1
"KERNEL_DISPATCH","Agent 4",1,0,5743,2185,219,"gemm_kernel_v2",2185,2850335791860026,2850335793424844,0,0,40,256,48,256,1,1,131072,1,1
"KERNEL_DISPATCH","Agent 4",1,0,5743,2186,117,"void at::native::vectorized_elementwise_kernel<4, at::native::FillFunctor<int>, std::array<char*, 1ul> >(int, at::native::FillFunctor<int>, std::array<char*, 1ul>)",2186,2850335793435084,2850335793643567,0,0,8,0,16,256,1,1,16777216,1,1
"KERNEL_DISPATCH","Agent 4",1,0,5743,2187,219,"gemm_kernel_v2",2187,2850335793653167,2850335795217665,0,0,40,256,48,256,1,1,131072,1,1
"KERNEL_DISPATCH","Agent 4",1,0,5743,2188,117,"void at::native::vectorized_elementwise_kernel<4, at::native::FillFunctor<int>, std::array<char*, 1ul> >(int, at::native::FillFunctor<int>, std::array<char*, 1ul>)",2188,2850335795228385,2850335795428227,0,0,8,0,16,256,1,1,16777216,1,1
"KERNEL_DISPATCH","Agent 4",1,0,5743,2189,219,"gemm_kernel_v2",2189,2850335795437827,2850335797006166,0,0,40,256,48,256,1,1,131072,1,1
"KERNEL_DISPATCH","Agent 4",1,0,5743,2190,117,"void at::native::vectorized_elementwise_kernel<4, at::native::FillFunctor<int>, std::array<char*, 1ul> >(int, at::native::FillFunctor<int>, std::array<char*, 1ul>)",2190,2850335797016566,2850335797219448,0,0,8,0,16,256,1,1,16777216,1,1
"KERNEL_DISPATCH","Agent 4",1,0,5743,2191,219,"gemm_kernel_v2",2191,2850335797229048,2850335798796747,0,0,40,256,48,256,1,1,131072,1,1
"KERNEL_DISPATCH","Agent 4",1,0,5743,2192,117,"void at::native::vectorized_elementwise_kernel<4, at::native::FillFunctor<int>, std::array<char*, 1ul> >(int, at::native::FillFunctor<int>, std::array<char*, 1ul>)",2192,2850335798806987,2850335799008429,0,0,8,0,16,256,1,1,16777216,1,1
"KERNEL_DISPATCH","Agent 4",1,0,5743,2193,219,"gemm_kernel_v2",2193,2850335799017869,2850335800586687,0,0,40,256,48,256,1,1,131072,1,1
"KERNEL_DISPATCH","Agent 4",1,0,5743,2194,117,"void at::native::vectorized_elementwise_kernel<4, at::native::FillFunctor<int>, std::array<char*, 1ul> >(int, at::native::FillFunctor<int>, std::array<char*, 1ul>)",2194,2850335800597408,2850335800803010,0,0,8,0,16,256,1,1,16777216,1,1
"KERNEL_DISPATCH","Agent 4",1,0,5743,2195,219,"gemm_kernel_v2",2195,2850335800812450,2850335802379668,0,0,40,256,48,256,1,1,131072,1,1
"KERNEL_DISPATCH","Agent 4",1,0,5743,2196,117,"void at::native::vectorized_elementwise_kernel<4, at::native::FillFunctor<int>, std::array<char*, 1ul> >(int, at::native::FillFunctor<int>, std::array<char*, 1ul>)",2196,2850335802390388,2850335802592151,0,0,8,0,16,256,1,1,16777216,1,1
"KERNEL_DISPATCH","Agent 4",1,0,5743,2197,219,"gemm_kernel_v2",2197,2850335802601431,2850335804169769,0,0,40,256,48,256,1,1,131072,1,1
"KERNEL_DISPATCH","Agent 4",1,0,5743,2198,117,"void at::native::vectorized_elementwise_kernel<4, at::native::FillFunctor<int>, std::array<char*, 1ul> >(int, at::native::FillFunctor<int>, std::array<char*, 1ul>)",2198,2850335804180169,2850335804384172,0,0,8,0,16,256,1,1,16777216,1,1
"KERNEL_DISPATCH","Agent 4",1,0,5743,2199,219,"gemm_kernel_v2",2199,2850335804393772,2850335805963070,0,0,40,256,48,256,1,1,131072,1,1
"KERNEL_DISPATCH","Agent 4",1,0,5743,2200,117,"void at::native::vectorized_elementwise_kernel<4, at::native::FillFunctor<int>, std::array<char*, 1ul> >(int, at::native::FillFunctor<int>, std::array<char*, 1ul>)",2200,2850335805973790,2850335806178593,0,0,8,0,16,256,1,1,16777216,1,1
"KERNEL_DISPATCH","Agent 4",1,0,5743,2201,219,"gemm_kernel_v2",2201,2850335806188193,2850335807756851,0,0,40,256,48,256,1,1,131072,1,1
"KERNEL_DISPATCH","Agent 4",1,0,5743,2202,117,"void at::native::vectorized_elementwise_kernel<4, at::native::FillFunctor<int>, std::array<char*, 1ul> >(int, at::native::FillFunctor<int>, std::array<char*, 1ul>)",2202,2850335807767411,2850335807966613,0,0,8,0,16,256,1,1,16777216,1,1
"KERNEL_DISPATCH","Agent 4",1,0,5743,2203,219,"gemm_kernel_v2",2203,2850335807976214,2850335809544872,0,0,40,256,48,256,1,1,131072,1,1
"KERNEL_DISPATCH","Agent 4",1,0,5743,2204,117,"void at::native::vectorized_elementwise_kernel<4, at::native::FillFunctor<int>, std::array<char*, 1ul> >(int, at::native::FillFunctor<int>, std::array<char*, 1ul>)",2204,2850335809555112,2850335809760714,0,0,8,0,16,256,1,1,16777216,1,1
"KERNEL_DISPATCH","Agent 4",1,0,5743,2205,219,"gemm_kernel_v2",2205,2850335809770154,2850335811338333,0,0,40,256,48,256,1,1,131072,1,1
"KERNEL_DISPATCH","Agent 4",1,0,5743,2206,117,"void at::native::vectorized_elementwise_kernel<4, at::native::FillFunctor<int>, std::array<char*, 1ul> >(int, at::native::FillFunctor<int>, std::array<char*, 1ul>)",2206,2850335811348733,2850335811553215,0,0,8,0,16,256,1,1,16777216,1,1
"KERNEL_DISPATCH","Agent 4",1,0,5743,2207,219,"gemm_kernel_v2",2207,2850335811562655,2850335813133554,0,0,40,256,48,256,1,1,131072,1,1
"KERNEL_DISPATCH","Agent 4",1,0,5743,2208,117,"void at::native::vectorized_elementwise_kernel<4, at::native::FillFunctor<int>, std::array<char*, 1ul> >(int, at::native::FillFunctor<int>, std::array<char*, 1ul>)",2208,2850335813144114,2850335813348276,0,0,8,0,16,256,1,1,16777216,1,1
"KERNEL_DISPATCH","Agent 4",1,0,5743,2209,219,"gemm_kernel_v2",2209,2850335813357716,2850335814927975,0,0,40,256,48,256,1,1,131072,1,1
"KERNEL_DISPATCH","Agent 4",1,0,5743,2210,117,"void at::native::vectorized_elementwise_kernel<4, at::native::FillFunctor<int>, std::array<char*, 1ul> >(int, at::native::FillFunctor<int>, std::array<char*, 1ul>)",2210,2850335814938215,2850335815139657,0,0,8,0,16,256,1,1,16777216,1,1
"KERNEL_DISPATCH","Agent 4",1,0,5743,2211,219,"gemm_kernel_v2",2211,2850335815149097,2850335816708315,0,0,40,256,48,256,1,1,131072,1,1
"KERNEL_DISPATCH","Agent 4",1,0,5743,2212,117,"void at::native::vectorized_elementwise_kernel<4, at::native::FillFunctor<int>, std::array<char*, 1ul> >(int, at::native::FillFunctor<int>, std::array<char*, 1ul>)",2212,2850335816718715,2850335816920158,0,0,8,0,16,256,1,1,16777216,1,1
"KERNEL_DISPATCH","Agent 4",1,0,5743,2213,219,"gemm_kernel_v2",2213,2850335816929598,2850335818497776,0,0,40,256,48,256,1,1,131072,1,1
"KERNEL_DISPATCH","Agent 4",1,0,5743,2214,117,"void at::native::vectorized_elementwise_kernel<4, at::native::FillFunctor<int>, std::array<char*, 1ul> >(int, at::native::FillFunctor<int>, std::array<char*, 1ul>)",2214,2850335818508336,2850335818712979,0,0,8,0,16,256,1,1,16777216,1,1
"KERNEL_DISPATCH","Agent 4",1,0,5743,2215,219,"gemm_kernel_v2",2215,2850335818722419,2850335820285797,0,0,40,256,48,256,1,1,131072,1,1
"KERNEL_DISPATCH","Agent 4",1,0,5743,2216,117,"void at::native::vectorized_elementwise_kernel<4, at::native::FillFunctor<int>, std::array<char*, 1ul> >(int, at::native::FillFunctor<int>, std::array<char*, 1ul>)",2216,2850335820296197,2850335820498919,0,0,8,0,16,256,1,1,16777216,1,1
"KERNEL_DISPATCH","Agent 4",1,0,5743,2217,219,"gemm_kernel_v2",2217,2850335820508596,2850335822076134,0,0,40,256,48,256,1,1,131072,1,1
"KERNEL_DISPATCH","Agent 4",1,0,5743,2218,117,"void at::native::vectorized_elementwise_kernel<4, at::native::FillFunctor<int>, std::array<char*, 1ul> >(int, at::native::FillFunctor<int>, std::array<char*, 1ul>)",2218,2850335822086534,2850335822291656,0,0,8,0,16,256,1,1,16777216,1,1
"KERNEL_DISPATCH","Agent 4",1,0,5743,2219,219,"gemm_kernel_v2",2219,2850335822301416,2850335823873594,0,0,40,256,48,256,1,1,131072,1,1
"KERNEL_DISPATCH","Agent 4",1,0,5743,2220,117,"void at::native::vectorized_elementwise_kernel<4, at::native::FillFunctor<int>, std::array<char*, 1ul> >(int, at::native::FillFunctor<int>, std::array<char*, 1ul>)",2220,2850335823883835,2850335824087837,0,0,8,0,16,256,1,1,16777216,1,1
"KERNEL_DISPATCH","Agent 4",1,0,5743,2221,219,"gemm_kernel_v2",2221,2850335824097437,2850335825662895,0,0,40,256,48,256,1,1,131072,1,1
"KERNEL_DISPATCH","Agent 4",1,0,5743,2222,117,"void at::native::vectorized_elementwise_kernel<4, at::native::FillFunctor<int>, std::array<char*, 1ul> >(int, at::native::FillFunctor<int>, std::array<char*, 1ul>)",2222,2850335825673295,2850335825877618,0,0,8,0,16,256,1,1,16777216,1,1
"KERNEL_DISPATCH","Agent 4",1,0,5743,2223,219,"gemm_kernel_v2",2223,2850335825887058,2850335827452196,0,0,40,256,48,256,1,1,131072,1,1
"KERNEL_DISPATCH","Agent 4",1,0,5743,2224,117,"void at::native::vectorized_elementwise_kernel<4, at::native::FillFunctor<int>, std::array<char*, 1ul> >(int, at::native::FillFunctor<int>, std::array<char*, 1ul>)",2224,2850335827462436,2850335827664999,0,0,8,0,16,256,1,1,16777216,1,1
"KERNEL_DISPATCH","Agent 4",1,0,5743,2225,219,"gemm_kernel_v2",2225,2850335827674599,2850335829244537,0,0,40,256,48,256,1,1,131072,1,1
"KERNEL_DISPATCH","Agent 4",1,0,5743,2226,117,"void at::native::vectorized_elementwise_kernel<4, at::native::FillFunctor<int>, std::array<char*, 1ul> >(int, at::native::FillFunctor<int>, std::array<char*, 1ul>)",2226,2850335829255097,2850335829457660,0,0,8,0,16,256,1,1,16777216,1,1
"KERNEL_DISPATCH","Agent 4",1,0,5743,2227,219,"gemm_kernel_v2",2227,2850335829467260,2850335831032398,0,0,40,256,48,256,1,1,131072,1,1
"KERNEL_DISPATCH","Agent 4",1,0,5743,2228,117,"void at::native::vectorized_elementwise_kernel<4, at::native::FillFunctor<int>, std::array<char*, 1ul> >(int, at::native::FillFunctor<int>, std::array<char*, 1ul>)",2228,2850335831042798,2850335831246480,0,0,8,0,16,256,1,1,16777216,1,1
"KERNEL_DISPATCH","Agent 4",1,0,5743,2229,219,"gemm_kernel_v2",2229,2850335831256080,2850335832822659,0,0,40,256,48,256,1,1,131072,1,1
"KERNEL_DISPATCH","Agent 4",1,0,5743,2230,117,"void at::native::vectorized_elementwise_kernel<4, at::native::FillFunctor<int>, std::array<char*, 1ul> >(int, at::native::FillFunctor<int>, std::array<char*, 1ul>)",2230,2850335832833379,2850335833032581,0,0,8,0,16,256,1,1,16777216,1,1
"KERNEL_DISPATCH","Agent 4",1,0,5743,2231,219,"gemm_kernel_v2",2231,2850335833042021,2850335834607960,0,0,40,256,48,256,1,1,131072,1,1
"KERNEL_DISPATCH","Agent 4",1,0,5743,2232,117,"void at::native::vectorized_elementwise_kernel<4, at::native::FillFunctor<int>, std::array<char*, 1ul> >(int, at::native::FillFunctor<int>, std::array<char*, 1ul>)",2232,2850335834618520,2850335834821242,0,0,8,0,16,256,1,1,16777216,1,1
"KERNEL_DISPATCH","Agent 4",1,0,5743,2233,219,"gemm_kernel_v2",2233,2850335834831002,2850335836394700,0,0,40,256,48,256,1,1,131072,1,1
"KERNEL_DISPATCH","Agent 4",1,0,5743,2234,117,"void at::native::vectorized_elementwise_kernel<4, at::native::FillFunctor<int>, std::array<char*, 1ul> >(int, at::native::FillFunctor<int>, std::array<char*, 1ul>)",2234,2850335836405261,2850335836609103,0,0,8,0,16,256,1,1,16777216,1,1
"KERNEL_DISPATCH","Agent 4",1,0,5743,2235,219,"gemm_kernel_v2",2235,2850335836618863,2850335838188801,0,0,40,256,48,256,1,1,131072,1,1
"KERNEL_DISPATCH","Agent 4",1,0,5743,2236,117,"void at::native::vectorized_elementwise_kernel<4, at::native::FillFunctor<int>, std::array<char*, 1ul> >(int, at::native::FillFunctor<int>, std::array<char*, 1ul>)",2236,2850335838199361,2850335838400324,0,0,8,0,16,256,1,1,16777216,1,1
"KERNEL_DISPATCH","Agent 4",1,0,5743,2237,219,"gemm_kernel_v2",2237,2850335838409764,2850335839978102,0,0,40,256,48,256,1,1,131072,1,1
"KERNEL_DISPATCH","Agent 4",1,0,5743,2238,117,"void at::native::vectorized_elementwise_kernel<4, at::native::FillFunctor<int>, std::array<char*, 1ul> >(int, at::native::FillFunctor<int>, std::array<char*, 1ul>)",2238,2850335839988502,2850335840193145,0,0,8,0,16,256,1,1,16777216,1,1
"KERNEL_DISPATCH","Agent 4",1,0,5743,2239,219,"gemm_kernel_v2",2239,2850335840202425,2850335841769483,0,0,40,256,48,256,1,1,131072,1,1
"KERNEL_DISPATCH","Agent 4",1,0,5743,2240,117,"void at::native::vectorized_elementwise_kernel<4, at::native::FillFunctor<int>, std::array<char*, 1ul> >(int, at::native::FillFunctor<int>, std::array<char*, 1ul>)",2240,2850335841780043,2850335841985646,0,0,8,0,16,256,1,1,16777216,1,1
"KERNEL_DISPATCH","Agent 4",1,0,5743,2241,219,"gemm_kernel_v2",2241,2850335841995406,2850335843561024,0,0,40,256,48,256,1,1,131072,1,1
"KERNEL_DISPATCH","Agent 4",1,0,5743,2242,117,"void at::native::vectorized_elementwise_kernel<4, at::native::FillFunctor<int>, std::array<char*, 1ul> >(int, at::native::FillFunctor<int>, std::array<char*, 1ul>)",2242,2850335843571584,2850335843770946,0,0,8,0,16,256,1,1,16777216,1,1
"KERNEL_DISPATCH","Agent 4",1,0,5743,2243,219,"gemm_kernel_v2",2243,2850335843780227,2850335845345365,0,0,40,256,48,256,1,1,131072,1,1
"KERNEL_DISPATCH","Agent 4",1,0,5743,2244,117,"void at::native::vectorized_elementwise_kernel<4, at::native::FillFunctor<int>, std::array<char*, 1ul> >(int, at::native::FillFunctor<int>, std::array<char*, 1ul>)",2244,2850335845356085,2850335845556887,0,0,8,0,16,256,1,1,16777216,1,1
"KERNEL_DISPATCH","Agent 4",1,0,5743,2245,219,"gemm_kernel_v2",2245,2850335845566487,2850335847132106,0,0,40,256,48,256,1,1,131072,1,1
"KERNEL_DISPATCH","Agent 4",1,0,5743,2246,117,"void at::native::vectorized_elementwise_kernel<4, at::native::FillFunctor<int>, std::array<char*, 1ul> >(int, at::native::FillFunctor<int>, std::array<char*, 1ul>)",2246,2850335847142346,2850335847345388,0,0,8,0,16,256,1,1,16777216,1,1
"KERNEL_DISPATCH","Agent 4",1,0,5743,2247,219,"gemm_kernel_v2",2247,2850335847354988,2850335848924287,0,0,40,256,48,256,1,1,131072,1,1
"KERNEL_DISPATCH","Agent 4",1,0,5743,2248,117,"void at::native::vectorized_elementwise_kernel<4, at::native::FillFunctor<int>, std::array<char*, 1ul> >(int, at::native::FillFunctor<int>, std::array<char*, 1ul>)",2248,2850335848935007,2850335849140129,0,0,8,0,16,256,1,1,16777216,1,1
"KERNEL_DISPATCH","Agent 4",1,0,5743,2249,219,"gemm_kernel_v2",2249,2850335849149729,2850335850723188,0,0,40,256,48,256,1,1,131072,1,1
"KERNEL_DISPATCH","Agent 4",1,0,5743,2250,117,"void at::native::vectorized_elementwise_kernel<4, at::native::FillFunctor<int>, std::array<char*, 1ul> >(int, at::native::FillFunctor<int>, std::array<char*, 1ul>)",2250,2850335850733588,2850335850933750,0,0,8,0,16,256,1,1,16777216,1,1
"KERNEL_DISPATCH","Agent 4",1,0,5743,2251,219,"gemm_kernel_v2",2251,2850335850943190,2850335852514568,0,0,40,256,48,256,1,1,131072,1,1
"KERNEL_DISPATCH","Agent 4",1,0,5743,2252,117,"void at::native::vectorized_elementwise_kernel<4, at::native::FillFunctor<int>, std::array<char*, 1ul> >(int, at::native::FillFunctor<int>, std::array<char*, 1ul>)",2252,2850335852524649,2850335852732011,0,0,8,0,16,256,1,1,16777216,1,1
"KERNEL_DISPATCH","Agent 4",1,0,5743,2253,219,"gemm_kernel_v2",2253,2850335852741611,2850335854310269,0,0,40,256,48,256,1,1,131072,1,1
"KERNEL_DISPATCH","Agent 4",1,0,5743,2254,117,"void at::native::vectorized_elementwise_kernel<4, at::native::FillFunctor<int>, std::array<char*, 1ul> >(int, at::native::FillFunctor<int>, std::array<char*, 1ul>)",2254,2850335854320670,2850335854527232,0,0,8,0,16,256,1,1,16777216,1,1
"KERNEL_DISPATCH","Agent 4",1,0,5743,2255,219,"gemm_kernel_v2",2255,2850335854536672,2850335856102450,0,0,40,256,48,256,1,1,131072,1,1
"KERNEL_DISPATCH","Agent 4",1,0,5743,2256,117,"void at::native::vectorized_elementwise_kernel<4, at::native::FillFunctor<int>, std::array<char*, 1ul> >(int, at::native::FillFunctor<int>, std::array<char*, 1ul>)",2256,2850335856113010,2850335856318613,0,0,8,0,16,256,1,1,16777216,1,1
"KERNEL_DISPATCH","Agent 4",1,0,5743,2257,219,"gemm_kernel_v2",2257,2850335856328213,2850335857895111,0,0,40,256,48,256,1,1,131072,1,1
"KERNEL_DISPATCH","Agent 4",1,0,5743,2258,117,"void at::native::vectorized_elementwise_kernel<4, at::native::FillFunctor<int>, std::array<char*, 1ul> >(int, at::native::FillFunctor<int>, std::array<char*, 1ul>)",2258,2850335857905671,2850335858110154,0,0,8,0,16,256,1,1,16777216,1,1
"KERNEL_DISPATCH","Agent 4",1,0,5743,2259,219,"gemm_kernel_v2",2259,2850335858119754,2850335859686172,0,0,40,256,48,256,1,1,131072,1,1
"KERNEL_DISPATCH","Agent 4",1,0,5743,2260,117,"void at::native::vectorized_elementwise_kernel<4, at::native::FillFunctor<int>, std::array<char*, 1ul> >(int, at::native::FillFunctor<int>, std::array<char*, 1ul>)",2260,2850335859696412,2850335859898015,0,0,8,0,16,256,1,1,16777216,1,1
"KERNEL_DISPATCH","Agent 4",1,0,5743,2261,219,"gemm_kernel_v2",2261,2850335859907455,2850335861474993,0,0,40,256,48,256,1,1,131072,1,1
"KERNEL_DISPATCH","Agent 4",1,0,5743,2262,117,"void at::native::vectorized_elementwise_kernel<4, at::native::FillFunctor<int>, std::array<char*, 1ul> >(int, at::native::FillFunctor<int>, std::array<char*, 1ul>)",2262,2850335861485553,2850335861686995,0,0,8,0,16,256,1,1,16777216,1,1
"KERNEL_DISPATCH","Agent 4",1,0,5743,2263,219,"gemm_kernel_v2",2263,2850335861696596,2850335863267974,0,0,40,256,48,256,1,1,131072,1,1
"KERNEL_DISPATCH","Agent 4",1,0,5743,2264,117,"void at::native::vectorized_elementwise_kernel<4, at::native::FillFunctor<int>, std::array<char*, 1ul> >(int, at::native::FillFunctor<int>, std::array<char*, 1ul>)",2264,2850335863278214,2850335863483976,0,0,8,0,16,256,1,1,16777216,1,1
"KERNEL_DISPATCH","Agent 4",1,0,5743,2265,219,"gemm_kernel_v2",2265,2850335863493576,2850335865065755,0,0,40,256,48,256,1,1,131072,1,1
"KERNEL_DISPATCH","Agent 4",1,0,5743,2266,117,"void at::native::vectorized_elementwise_kernel<4, at::native::FillFunctor<int>, std::array<char*, 1ul> >(int, at::native::FillFunctor<int>, std::array<char*, 1ul>)",2266,2850335865076315,2850335865277437,0,0,8,0,16,256,1,1,16777216,1,1
"KERNEL_DISPATCH","Agent 4",1,0,5743,2267,219,"gemm_kernel_v2",2267,2850335865287037,2850335866857456,0,0,40,256,48,256,1,1,131072,1,1
"KERNEL_DISPATCH","Agent 4",1,0,5743,2268,117,"void at::native::vectorized_elementwise_kernel<4, at::native::FillFunctor<int>, std::array<char*, 1ul> >(int, at::native::FillFunctor<int>, std::array<char*, 1ul>)",2268,2850335866867696,2850335867070898,0,0,8,0,16,256,1,1,16777216,1,1
"KERNEL_DISPATCH","Agent 4",1,0,5743,2269,219,"gemm_kernel_v2",2269,2850335867080658,2850335868648677,0,0,40,256,48,256,1,1,131072,1,1
"KERNEL_DISPATCH","Agent 4",1,0,5743,2270,117,"void at::native::vectorized_elementwise_kernel<4, at::native::FillFunctor<int>, std::array<char*, 1ul> >(int, at::native::FillFunctor<int>, std::array<char*, 1ul>)",2270,2850335868659237,2850335868861799,0,0,8,0,16,256,1,1,16777216,1,1
"KERNEL_DISPATCH","Agent 4",1,0,5743,2271,219,"gemm_kernel_v2",2271,2850335868871239,2850335870436697,0,0,40,256,48,256,1,1,131072,1,1
"KERNEL_DISPATCH","Agent 4",1,0,5743,2272,117,"void at::native::vectorized_elementwise_kernel<4, at::native::FillFunctor<int>, std::array<char*, 1ul> >(int, at::native::FillFunctor<int>, std::array<char*, 1ul>)",2272,2850335870446938,2850335870652700,0,0,8,0,16,256,1,1,16777216,1,1
"KERNEL_DISPATCH","Agent 4",1,0,5743,2273,219,"gemm_kernel_v2",2273,2850335870662140,2850335872223438,0,0,40,256,48,256,1,1,131072,1,1
"KERNEL_DISPATCH","Agent 4",1,0,5743,2274,117,"void at::native::vectorized_elementwise_kernel<4, at::native::FillFunctor<int>, std::array<char*, 1ul> >(int, at::native::FillFunctor<int>, std::array<char*, 1ul>)",2274,2850335872234318,2850335872438961,0,0,8,0,16,256,1,1,16777216,1,1
"KERNEL_DISPATCH","Agent 4",1,0,5743,2275,219,"gemm_kernel_v2",2275,2850335872448721,2850335874015299,0,0,40,256,48,256,1,1,131072,1,1
"KERNEL_DISPATCH","Agent 4",1,0,5743,2276,117,"void at::native::vectorized_elementwise_kernel<4, at::native::FillFunctor<int>, std::array<char*, 1ul> >(int, at::native::FillFunctor<int>, std::array<char*, 1ul>)",2276,2850335874025539,2850335874231782,0,0,8,0,16,256,1,1,16777216,1,1
"KERNEL_DISPATCH","Agent 4",1,0,5743,2277,219,"gemm_kernel_v2",2277,2850335874241382,2850335875810520,0,0,40,256,48,256,1,1,131072,1,1
"KERNEL_DISPATCH","Agent 4",1,0,5743,2278,117,"void at::native::vectorized_elementwise_kernel<4, at::native::FillFunctor<int>, std::array<char*, 1ul> >(int, at::native::FillFunctor<int>, std::array<char*, 1ul>)",2278,2850335875821240,2850335876024283,0,0,8,0,16,256,1,1,16777216,1,1
"KERNEL_DISPATCH","Agent 4",1,0,5743,2279,219,"gemm_kernel_v2",2279,2850335876033883,2850335877601581,0,0,40,256,48,256,1,1,131072,1,1
"KERNEL_DISPATCH","Agent 4",1,0,5743,2280,117,"void at::native::vectorized_elementwise_kernel<4, at::native::FillFunctor<int>, std::array<char*, 1ul> >(int, at::native::FillFunctor<int>, std::array<char*, 1ul>)",2280,2850335877612141,2850335877812944,0,0,8,0,16,256,1,1,16777216,1,1
"KERNEL_DISPATCH","Agent 4",1,0,5743,2281,219,"gemm_kernel_v2",2281,2850335877822384,2850335879388642,0,0,40,256,48,256,1,1,131072,1,1
"KERNEL_DISPATCH","Agent 4",1,0,5743,2282,117,"void at::native::vectorized_elementwise_kernel<4, at::native::FillFunctor<int>, std::array<char*, 1ul> >(int, at::native::FillFunctor<int>, std::array<char*, 1ul>)",2282,2850335879399202,2850335879600964,0,0,8,0,16,256,1,1,16777216,1,1
"KERNEL_DISPATCH","Agent 4",1,0,5743,2283,219,"gemm_kernel_v2",2283,2850335879610724,2850335881178903,0,0,40,256,48,256,1,1,131072,1,1
"KERNEL_DISPATCH","Agent 4",1,0,5743,2284,117,"void at::native::vectorized_elementwise_kernel<4, at::native::FillFunctor<int>, std::array<char*, 1ul> >(int, at::native::FillFunctor<int>, std::array<char*, 1ul>)",2284,2850335881189463,2850335881393785,0,0,8,0,16,256,1,1,16777216,1,1
"KERNEL_DISPATCH","Agent 4",1,0,5743,2285,219,"gemm_kernel_v2",2285,2850335881403545,2850335882976204,0,0,40,256,48,256,1,1,131072,1,1
"KERNEL_DISPATCH","Agent 4",1,0,5743,2286,117,"void at::native::vectorized_elementwise_kernel<4, at::native::FillFunctor<int>, std::array<char*, 1ul> >(int, at::native::FillFunctor<int>, std::array<char*, 1ul>)",2286,2850335882986444,2850335883189006,0,0,8,0,16,256,1,1,16777216,1,1
"KERNEL_DISPATCH","Agent 4",1,0,5743,2287,219,"gemm_kernel_v2",2287,2850335883198509,2850335884765567,0,0,40,256,48,256,1,1,131072,1,1
"KERNEL_DISPATCH","Agent 4",1,0,5743,2288,117,"void at::native::vectorized_elementwise_kernel<4, at::native::FillFunctor<int>, std::array<char*, 1ul> >(int, at::native::FillFunctor<int>, std::array<char*, 1ul>)",2288,2850335884776127,2850335884981249,0,0,8,0,16,256,1,1,16777216,1,1
"KERNEL_DISPATCH","Agent 4",1,0,5743,2289,219,"gemm_kernel_v2",2289,2850335884990529,2850335886557747,0,0,40,256,48,256,1,1,131072,1,1
"KERNEL_DISPATCH","Agent 4",1,0,5743,2290,117,"void at::native::vectorized_elementwise_kernel<4, at::native::FillFunctor<int>, std::array<char*, 1ul> >(int, at::native::FillFunctor<int>, std::array<char*, 1ul>)",2290,2850335886568307,2850335886770230,0,0,8,0,16,256,1,1,16777216,1,1
"KERNEL_DISPATCH","Agent 4",1,0,5743,2291,219,"gemm_kernel_v2",2291,2850335886779990,2850335888341288,0,0,40,256,48,256,1,1,131072,1,1
"KERNEL_DISPATCH","Agent 4",1,0,5743,2292,117,"void at::native::vectorized_elementwise_kernel<4, at::native::FillFunctor<int>, std::array<char*, 1ul> >(int, at::native::FillFunctor<int>, std::array<char*, 1ul>)",2292,2850335888351688,2850335888558251,0,0,8,0,16,256,1,1,16777216,1,1
"KERNEL_DISPATCH","Agent 4",1,0,5743,2293,219,"gemm_kernel_v2",2293,2850335888567691,2850335890133629,0,0,40,256,48,256,1,1,131072,1,1
"KERNEL_DISPATCH","Agent 4",1,0,5743,2294,220,"gemm_kernel_v2",2294,2850335948591678,2850335950044975,0,0,124,4,48,512,1,1,262144,1,1
"KERNEL_DISPATCH","Agent 4",1,0,5743,2295,117,"void at::native::vectorized_elementwise_kernel<4, at::native::FillFunctor<int>, std::array<char*, 1ul> >(int, at::native::FillFunctor<int>, std::array<char*, 1ul>)",2295,2850335950129935,2850335950329458,0,0,8,0,16,256,1,1,16777216,1,1
"KERNEL_DISPATCH","Agent 4",1,0,5743,2296,220,"gemm_kernel_v2",2296,2850335950329458,2850335951780195,0,0,124,4,48,512,1,1,262144,1,1
"KERNEL_DISPATCH","Agent 4",1,0,5743,2297,117,"void at::native::vectorized_elementwise_kernel<4, at::native::FillFunctor<int>, std::array<char*, 1ul> >(int, at::native::FillFunctor<int>, std::array<char*, 1ul>)",2297,2850335951780195,2850335951985797,0,0,8,0,16,256,1,1,16777216,1,1
"KERNEL_DISPATCH","Agent 4",1,0,5743,2298,220,"gemm_kernel_v2",2298,2850335951985797,2850335953436534,0,0,124,4,48,512,1,1,262144,1,1
"KERNEL_DISPATCH","Agent 4",1,0,5743,2299,117,"void at::native::vectorized_elementwise_kernel<4, at::native::FillFunctor<int>, std::array<char*, 1ul> >(int, at::native::FillFunctor<int>, std::array<char*, 1ul>)",2299,2850335953436534,2850335953641976,0,0,8,0,16,256,1,1,16777216,1,1
"KERNEL_DISPATCH","Agent 4",1,0,5743,2300,220,"gemm_kernel_v2",2300,2850335953641976,2850335955092553,0,0,124,4,48,512,1,1,262144,1,1
"KERNEL_DISPATCH","Agent 4",1,0,5743,2301,117,"void at::native::vectorized_elementwise_kernel<4, at::native::FillFunctor<int>, std::array<char*, 1ul> >(int, at::native::FillFunctor<int>, std::array<char*, 1ul>)",2301,2850335955092553,2850335955297036,0,0,8,0,16,256,1,1,16777216,1,1
"KERNEL_DISPATCH","Agent 4",1,0,5743,2302,220,"gemm_kernel_v2",2302,2850335955297036,2850335956742493,0,0,124,4,48,512,1,1,262144,1,1
"KERNEL_DISPATCH","Agent 4",1,0,5743,2303,117,"void at::native::vectorized_elementwise_kernel<4, at::native::FillFunctor<int>, std::array<char*, 1ul> >(int, at::native::FillFunctor<int>, std::array<char*, 1ul>)",2303,2850335956742493,2850335956949855,0,0,8,0,16,256,1,1,16777216,1,1
"KERNEL_DISPATCH","Agent 4",1,0,5743,2304,220,"gemm_kernel_v2",2304,2850335956949855,2850335958396592,0,0,124,4,48,512,1,1,262144,1,1
"KERNEL_DISPATCH","Agent 4",1,0,5743,2305,220,"gemm_kernel_v2",2305,2850335958600914,2850335960047331,0,0,124,4,48,512,1,1,262144,1,1
"KERNEL_DISPATCH","Agent 4",1,0,5743,2306,220,"gemm_kernel_v2",2306,2850335960047331,2850335961493428,0,0,124,4,48,512,1,1,262144,1,1
"KERNEL_DISPATCH","Agent 4",1,0,5743,2307,220,"gemm_kernel_v2",2307,2850335961493428,2850335962944005,0,0,124,4,48,512,1,1,262144,1,1
"KERNEL_DISPATCH","Agent 4",1,0,5743,2308,220,"gemm_kernel_v2",2308,2850335962944005,2850335964390262,0,0,124,4,48,512,1,1,262144,1,1
"KERNEL_DISPATCH","Agent 4",1,0,5743,2309,220,"gemm_kernel_v2",2309,2850335964390262,2850335965835239,0,0,124,4,48,512,1,1,262144,1,1
"KERNEL_DISPATCH","Agent 4",1,0,5743,2310,220,"gemm_kernel_v2",2310,2850335965835239,2850335967283575,0,0,124,4,48,512,1,1,262144,1,1
"KERNEL_DISPATCH","Agent 4",1,0,5743,2311,220,"gemm_kernel_v2",2311,2850335967283575,2850335968729832,0,0,124,4,48,512,1,1,262144,1,1
"KERNEL_DISPATCH","Agent 4",1,0,5743,2312,220,"gemm_kernel_v2",2312,2850335968729832,2850335970178009,0,0,124,4,48,512,1,1,262144,1,1
"KERNEL_DISPATCH","Agent 4",1,0,5743,2313,220,"gemm_kernel_v2",2313,2850335970178009,2850335971629546,0,0,124,4,48,512,1,1,262144,1,1
"KERNEL_DISPATCH","Agent 4",1,0,5743,2314,220,"gemm_kernel_v2",2314,2850335971629546,2850335973075963,0,0,124,4,48,512,1,1,262144,1,1
"KERNEL_DISPATCH","Agent 4",1,0,5743,2315,220,"gemm_kernel_v2",2315,2850335973075963,2850335974519340,0,0,124,4,48,512,1,1,262144,1,1
"KERNEL_DISPATCH","Agent 4",1,0,5743,2316,220,"gemm_kernel_v2",2316,2850335974519340,2850335975964157,0,0,124,4,48,512,1,1,262144,1,1
"KERNEL_DISPATCH","Agent 4",1,0,5743,2317,220,"gemm_kernel_v2",2317,2850335975964157,2850335977414094,0,0,124,4,48,512,1,1,262144,1,1
"KERNEL_DISPATCH","Agent 4",1,0,5743,2318,220,"gemm_kernel_v2",2318,2850335977414094,2850335978861471,0,0,124,4,48,512,1,1,262144,1,1
"KERNEL_DISPATCH","Agent 4",1,0,5743,2319,220,"gemm_kernel_v2",2319,2850335978861471,2850335980310287,0,0,124,4,48,512,1,1,262144,1,1
"KERNEL_DISPATCH","Agent 4",1,0,5743,2320,117,"void at::native::vectorized_elementwise_kernel<4, at::native::FillFunctor<int>, std::array<char*, 1ul> >(int, at::native::FillFunctor<int>, std::array<char*, 1ul>)",2320,2850335980310287,2850335980513170,0,0,8,0,16,256,1,1,16777216,1,1
"KERNEL_DISPATCH","Agent 4",1,0,5743,2321,220,"gemm_kernel_v2",2321,2850335980524210,2850335981973347,0,0,124,4,48,512,1,1,262144,1,1
"KERNEL_DISPATCH","Agent 4",1,0,5743,2322,117,"void at::native::vectorized_elementwise_kernel<4, at::native::FillFunctor<int>, std::array<char*, 1ul> >(int, at::native::FillFunctor<int>, std::array<char*, 1ul>)",2322,2850335981983747,2850335982185989,0,0,8,0,16,256,1,1,16777216,1,1
"KERNEL_DISPATCH","Agent 4",1,0,5743,2323,220,"gemm_kernel_v2",2323,2850335982195429,2850335983645046,0,0,124,4,48,512,1,1,262144,1,1
"KERNEL_DISPATCH","Agent 4",1,0,5743,2324,117,"void at::native::vectorized_elementwise_kernel<4, at::native::FillFunctor<int>, std::array<char*, 1ul> >(int, at::native::FillFunctor<int>, std::array<char*, 1ul>)",2324,2850335983655766,2850335983859609,0,0,8,0,16,256,1,1,16777216,1,1
"KERNEL_DISPATCH","Agent 4",1,0,5743,2325,220,"gemm_kernel_v2",2325,2850335983869209,2850335985318026,0,0,124,4,48,512,1,1,262144,1,1
"KERNEL_DISPATCH","Agent 4",1,0,5743,2326,117,"void at::native::vectorized_elementwise_kernel<4, at::native::FillFunctor<int>, std::array<char*, 1ul> >(int, at::native::FillFunctor<int>, std::array<char*, 1ul>)",2326,2850335985328586,2850335985529388,0,0,8,0,16,256,1,1,16777216,1,1
"KERNEL_DISPATCH","Agent 4",1,0,5743,2327,220,"gemm_kernel_v2",2327,2850335985539148,2850335986987005,0,0,124,4,48,512,1,1,262144,1,1
"KERNEL_DISPATCH","Agent 4",1,0,5743,2328,117,"void at::native::vectorized_elementwise_kernel<4, at::native::FillFunctor<int>, std::array<char*, 1ul> >(int, at::native::FillFunctor<int>, std::array<char*, 1ul>)",2328,2850335986997245,2850335987203968,0,0,8,0,16,256,1,1,16777216,1,1
"KERNEL_DISPATCH","Agent 4",1,0,5743,2329,220,"gemm_kernel_v2",2329,2850335987213408,2850335988661265,0,0,124,4,48,512,1,1,262144,1,1
"KERNEL_DISPATCH","Agent 4",1,0,5743,2330,117,"void at::native::vectorized_elementwise_kernel<4, at::native::FillFunctor<int>, std::array<char*, 1ul> >(int, at::native::FillFunctor<int>, std::array<char*, 1ul>)",2330,2850335988671505,2850335988875827,0,0,8,0,16,256,1,1,16777216,1,1
"KERNEL_DISPATCH","Agent 4",1,0,5743,2331,220,"gemm_kernel_v2",2331,2850335988885427,2850335990333764,0,0,124,4,48,512,1,1,262144,1,1
"KERNEL_DISPATCH","Agent 4",1,0,5743,2332,117,"void at::native::vectorized_elementwise_kernel<4, at::native::FillFunctor<int>, std::array<char*, 1ul> >(int, at::native::FillFunctor<int>, std::array<char*, 1ul>)",2332,2850335990344324,2850335990547847,0,0,8,0,16,256,1,1,16777216,1,1
"KERNEL_DISPATCH","Agent 4",1,0,5743,2333,220,"gemm_kernel_v2",2333,2850335990557447,2850335992005144,0,0,124,4,48,512,1,1,262144,1,1
"KERNEL_DISPATCH","Agent 4",1,0,5743,2334,117,"void at::native::vectorized_elementwise_kernel<4, at::native::FillFunctor<int>, std::array<char*, 1ul> >(int, at::native::FillFunctor<int>, std::array<char*, 1ul>)",2334,2850335992015544,2850335992214426,0,0,8,0,16,256,1,1,16777216,1,1
"KERNEL_DISPATCH","Agent 4",1,0,5743,2335,220,"gemm_kernel_v2",2335,2850335992223866,2850335993673323,0,0,124,4,48,512,1,1,262144,1,1
"KERNEL_DISPATCH","Agent 4",1,0,5743,2336,117,"void at::native::vectorized_elementwise_kernel<4, at::native::FillFunctor<int>, std::array<char*, 1ul> >(int, at::native::FillFunctor<int>, std::array<char*, 1ul>)",2336,2850335993684043,2850335993886446,0,0,8,0,16,256,1,1,16777216,1,1
"KERNEL_DISPATCH","Agent 4",1,0,5743,2337,220,"gemm_kernel_v2",2337,2850335993895726,2850335995349983,0,0,124,4,48,512,1,1,262144,1,1
"KERNEL_DISPATCH","Agent 4",1,0,5743,2338,117,"void at::native::vectorized_elementwise_kernel<4, at::native::FillFunctor<int>, std::array<char*, 1ul> >(int, at::native::FillFunctor<int>, std::array<char*, 1ul>)",2338,2850335995360223,2850335995561025,0,0,8,0,16,256,1,1,16777216,1,1
"KERNEL_DISPATCH","Agent 4",1,0,5743,2339,220,"gemm_kernel_v2",2339,2850335995570465,2850335997017362,0,0,124,4,48,512,1,1,262144,1,1
"KERNEL_DISPATCH","Agent 4",1,0,5743,2340,117,"void at::native::vectorized_elementwise_kernel<4, at::native::FillFunctor<int>, std::array<char*, 1ul> >(int, at::native::FillFunctor<int>, std::array<char*, 1ul>)",2340,2850335997028082,2850335997231125,0,0,8,0,16,256,1,1,16777216,1,1
"KERNEL_DISPATCH","Agent 4",1,0,5743,2341,220,"gemm_kernel_v2",2341,2850335997240565,2850335998687462,0,0,124,4,48,512,1,1,262144,1,1
"KERNEL_DISPATCH","Agent 4",1,0,5743,2342,117,"void at::native::vectorized_elementwise_kernel<4, at::native::FillFunctor<int>, std::array<char*, 1ul> >(int, at::native::FillFunctor<int>, std::array<char*, 1ul>)",2342,2850335998698022,2850335998898184,0,0,8,0,16,256,1,1,16777216,1,1
"KERNEL_DISPATCH","Agent 4",1,0,5743,2343,220,"gemm_kernel_v2",2343,2850335998907624,2850336000355641,0,0,124,4,48,512,1,1,262144,1,1
"KERNEL_DISPATCH","Agent 4",1,0,5743,2344,117,"void at::native::vectorized_elementwise_kernel<4, at::native::FillFunctor<int>, std::array<char*, 1ul> >(int, at::native::FillFunctor<int>, std::array<char*, 1ul>)",2344,2850336000366201,2850336000569724,0,0,8,0,16,256,1,1,16777216,1,1
"KERNEL_DISPATCH","Agent 4",1,0,5743,2345,220,"gemm_kernel_v2",2345,2850336000579484,2850336002027021,0,0,124,4,48,512,1,1,262144,1,1
"KERNEL_DISPATCH","Agent 4",1,0,5743,2346,117,"void at::native::vectorized_elementwise_kernel<4, at::native::FillFunctor<int>, std::array<char*, 1ul> >(int, at::native::FillFunctor<int>, std::array<char*, 1ul>)",2346,2850336002037421,2850336002239023,0,0,8,0,16,256,1,1,16777216,1,1
"KERNEL_DISPATCH","Agent 4",1,0,5743,2347,220,"gemm_kernel_v2",2347,2850336002248783,2850336003695840,0,0,124,4,48,512,1,1,262144,1,1
"KERNEL_DISPATCH","Agent 4",1,0,5743,2348,117,"void at::native::vectorized_elementwise_kernel<4, at::native::FillFunctor<int>, std::array<char*, 1ul> >(int, at::native::FillFunctor<int>, std::array<char*, 1ul>)",2348,2850336003706080,2850336003908483,0,0,8,0,16,256,1,1,16777216,1,1
"KERNEL_DISPATCH","Agent 4",1,0,5743,2349,220,"gemm_kernel_v2",2349,2850336003918243,2850336005367220,0,0,124,4,48,512,1,1,262144,1,1
"KERNEL_DISPATCH","Agent 4",1,0,5743,2350,117,"void at::native::vectorized_elementwise_kernel<4, at::native::FillFunctor<int>, std::array<char*, 1ul> >(int, at::native::FillFunctor<int>, std::array<char*, 1ul>)",2350,2850336005377780,2850336005581142,0,0,8,0,16,256,1,1,16777216,1,1
"KERNEL_DISPATCH","Agent 4",1,0,5743,2351,220,"gemm_kernel_v2",2351,2850336005591382,2850336007041799,0,0,124,4,48,512,1,1,262144,1,1
"KERNEL_DISPATCH","Agent 4",1,0,5743,2352,117,"void at::native::vectorized_elementwise_kernel<4, at::native::FillFunctor<int>, std::array<char*, 1ul> >(int, at::native::FillFunctor<int>, std::array<char*, 1ul>)",2352,2850336007052039,2850336007256202,0,0,8,0,16,256,1,1,16777216,1,1
"KERNEL_DISPATCH","Agent 4",1,0,5743,2353,220,"gemm_kernel_v2",2353,2850336007266122,2850336008713499,0,0,124,4,48,512,1,1,262144,1,1
"KERNEL_DISPATCH","Agent 4",1,0,5743,2354,117,"void at::native::vectorized_elementwise_kernel<4, at::native::FillFunctor<int>, std::array<char*, 1ul> >(int, at::native::FillFunctor<int>, std::array<char*, 1ul>)",2354,2850336008723899,2850336008930301,0,0,8,0,16,256,1,1,16777216,1,1
"KERNEL_DISPATCH","Agent 4",1,0,5743,2355,220,"gemm_kernel_v2",2355,2850336008940221,2850336010389198,0,0,124,4,48,512,1,1,262144,1,1
"KERNEL_DISPATCH","Agent 4",1,0,5743,2356,117,"void at::native::vectorized_elementwise_kernel<4, at::native::FillFunctor<int>, std::array<char*, 1ul> >(int, at::native::FillFunctor<int>, std::array<char*, 1ul>)",2356,2850336010399758,2850336010603761,0,0,8,0,16,256,1,1,16777216,1,1
"KERNEL_DISPATCH","Agent 4",1,0,5743,2357,220,"gemm_kernel_v2",2357,2850336010613041,2850336012062018,0,0,124,4,48,512,1,1,262144,1,1
"KERNEL_DISPATCH","Agent 4",1,0,5743,2358,117,"void at::native::vectorized_elementwise_kernel<4, at::native::FillFunctor<int>, std::array<char*, 1ul> >(int, at::native::FillFunctor<int>, std::array<char*, 1ul>)",2358,2850336012072258,2850336012277700,0,0,8,0,16,256,1,1,16777216,1,1
"KERNEL_DISPATCH","Agent 4",1,0,5743,2359,220,"gemm_kernel_v2",2359,2850336012287329,2850336013734545,0,0,124,4,48,512,1,1,262144,1,1
"KERNEL_DISPATCH","Agent 4",1,0,5743,2360,117,"void at::native::vectorized_elementwise_kernel<4, at::native::FillFunctor<int>, std::array<char*, 1ul> >(int, at::native::FillFunctor<int>, std::array<char*, 1ul>)",2360,2850336013744785,2850336013943667,0,0,8,0,16,256,1,1,16777216,1,1
"KERNEL_DISPATCH","Agent 4",1,0,5743,2361,220,"gemm_kernel_v2",2361,2850336013953587,2850336015400804,0,0,124,4,48,512,1,1,262144,1,1
"KERNEL_DISPATCH","Agent 4",1,0,5743,2362,117,"void at::native::vectorized_elementwise_kernel<4, at::native::FillFunctor<int>, std::array<char*, 1ul> >(int, at::native::FillFunctor<int>, std::array<char*, 1ul>)",2362,2850336015411364,2850336015615526,0,0,8,0,16,256,1,1,16777216,1,1
"KERNEL_DISPATCH","Agent 4",1,0,5743,2363,220,"gemm_kernel_v2",2363,2850336015625127,2850336017075543,0,0,124,4,48,512,1,1,262144,1,1
"KERNEL_DISPATCH","Agent 4",1,0,5743,2364,117,"void at::native::vectorized_elementwise_kernel<4, at::native::FillFunctor<int>, std::array<char*, 1ul> >(int, at::native::FillFunctor<int>, std::array<char*, 1ul>)",2364,2850336017085944,2850336017290586,0,0,8,0,16,256,1,1,16777216,1,1
"KERNEL_DISPATCH","Agent 4",1,0,5743,2365,220,"gemm_kernel_v2",2365,2850336017300506,2850336018751403,0,0,124,4,48,512,1,1,262144,1,1
"KERNEL_DISPATCH","Agent 4",1,0,5743,2366,117,"void at::native::vectorized_elementwise_kernel<4, at::native::FillFunctor<int>, std::array<char*, 1ul> >(int, at::native::FillFunctor<int>, std::array<char*, 1ul>)",2366,2850336018761963,2850336018964685,0,0,8,0,16,256,1,1,16777216,1,1
"KERNEL_DISPATCH","Agent 4",1,0,5743,2367,220,"gemm_kernel_v2",2367,2850336018974126,2850336020424222,0,0,124,4,48,512,1,1,262144,1,1
"KERNEL_DISPATCH","Agent 4",1,0,5743,2368,117,"void at::native::vectorized_elementwise_kernel<4, at::native::FillFunctor<int>, std::array<char*, 1ul> >(int, at::native::FillFunctor<int>, std::array<char*, 1ul>)",2368,2850336020435103,2850336020639425,0,0,8,0,16,256,1,1,16777216,1,1
"KERNEL_DISPATCH","Agent 4",1,0,5743,2369,220,"gemm_kernel_v2",2369,2850336020648865,2850336022099122,0,0,124,4,48,512,1,1,262144,1,1
"KERNEL_DISPATCH","Agent 4",1,0,5743,2370,117,"void at::native::vectorized_elementwise_kernel<4, at::native::FillFunctor<int>, std::array<char*, 1ul> >(int, at::native::FillFunctor<int>, std::array<char*, 1ul>)",2370,2850336022109682,2850336022313045,0,0,8,0,16,256,1,1,16777216,1,1
"KERNEL_DISPATCH","Agent 4",1,0,5743,2371,220,"gemm_kernel_v2",2371,2850336022322805,2850336023773862,0,0,124,4,48,512,1,1,262144,1,1
"KERNEL_DISPATCH","Agent 4",1,0,5743,2372,117,"void at::native::vectorized_elementwise_kernel<4, at::native::FillFunctor<int>, std::array<char*, 1ul> >(int, at::native::FillFunctor<int>, std::array<char*, 1ul>)",2372,2850336023784422,2850336023988264,0,0,8,0,16,256,1,1,16777216,1,1
"KERNEL_DISPATCH","Agent 4",1,0,5743,2373,220,"gemm_kernel_v2",2373,2850336023997544,2850336025445561,0,0,124,4,48,512,1,1,262144,1,1
"KERNEL_DISPATCH","Agent 4",1,0,5743,2374,117,"void at::native::vectorized_elementwise_kernel<4, at::native::FillFunctor<int>, std::array<char*, 1ul> >(int, at::native::FillFunctor<int>, std::array<char*, 1ul>)",2374,2850336025456121,2850336025663164,0,0,8,0,16,256,1,1,16777216,1,1
"KERNEL_DISPATCH","Agent 4",1,0,5743,2375,220,"gemm_kernel_v2",2375,2850336025672764,2850336027123021,0,0,124,4,48,512,1,1,262144,1,1
"KERNEL_DISPATCH","Agent 4",1,0,5743,2376,117,"void at::native::vectorized_elementwise_kernel<4, at::native::FillFunctor<int>, std::array<char*, 1ul> >(int, at::native::FillFunctor<int>, std::array<char*, 1ul>)",2376,2850336027133581,2850336027337263,0,0,8,0,16,256,1,1,16777216,1,1
"KERNEL_DISPATCH","Agent 4",1,0,5743,2377,220,"gemm_kernel_v2",2377,2850336027347183,2850336028795360,0,0,124,4,48,512,1,1,262144,1,1
"KERNEL_DISPATCH","Agent 4",1,0,5743,2378,117,"void at::native::vectorized_elementwise_kernel<4, at::native::FillFunctor<int>, std::array<char*, 1ul> >(int, at::native::FillFunctor<int>, std::array<char*, 1ul>)",2378,2850336028805920,2850336029009923,0,0,8,0,16,256,1,1,16777216,1,1
"KERNEL_DISPATCH","Agent 4",1,0,5743,2379,220,"gemm_kernel_v2",2379,2850336029019363,2850336030467860,0,0,124,4,48,512,1,1,262144,1,1
"KERNEL_DISPATCH","Agent 4",1,0,5743,2380,117,"void at::native::vectorized_elementwise_kernel<4, at::native::FillFunctor<int>, std::array<char*, 1ul> >(int, at::native::FillFunctor<int>, std::array<char*, 1ul>)",2380,2850336030478260,2850336030680342,0,0,8,0,16,256,1,1,16777216,1,1
"KERNEL_DISPATCH","Agent 4",1,0,5743,2381,220,"gemm_kernel_v2",2381,2850336030689782,2850336032136359,0,0,124,4,48,512,1,1,262144,1,1
"KERNEL_DISPATCH","Agent 4",1,0,5743,2382,117,"void at::native::vectorized_elementwise_kernel<4, at::native::FillFunctor<int>, std::array<char*, 1ul> >(int, at::native::FillFunctor<int>, std::array<char*, 1ul>)",2382,2850336032146759,2850336032345482,0,0,8,0,16,256,1,1,16777216,1,1
"KERNEL_DISPATCH","Agent 4",1,0,5743,2383,220,"gemm_kernel_v2",2383,2850336032355242,2850336033805339,0,0,124,4,48,512,1,1,262144,1,1
"KERNEL_DISPATCH","Agent 4",1,0,5743,2384,117,"void at::native::vectorized_elementwise_kernel<4, at::native::FillFunctor<int>, std::array<char*, 1ul> >(int, at::native::FillFunctor<int>, std::array<char*, 1ul>)",2384,2850336033815899,2850336034018461,0,0,8,0,16,256,1,1,16777216,1,1
"KERNEL_DISPATCH","Agent 4",1,0,5743,2385,220,"gemm_kernel_v2",2385,2850336034027901,2850336035473838,0,0,124,4,48,512,1,1,262144,1,1
"KERNEL_DISPATCH","Agent 4",1,0,5743,2386,117,"void at::native::vectorized_elementwise_kernel<4, at::native::FillFunctor<int>, std::array<char*, 1ul> >(int, at::native::FillFunctor<int>, std::array<char*, 1ul>)",2386,2850336035484558,2850336035686321,0,0,8,0,16,256,1,1,16777216,1,1
"KERNEL_DISPATCH","Agent 4",1,0,5743,2387,220,"gemm_kernel_v2",2387,2850336035696081,2850336037145858,0,0,124,4,48,512,1,1,262144,1,1
"KERNEL_DISPATCH","Agent 4",1,0,5743,2388,117,"void at::native::vectorized_elementwise_kernel<4, at::native::FillFunctor<int>, std::array<char*, 1ul> >(int, at::native::FillFunctor<int>, std::array<char*, 1ul>)",2388,2850336037156418,2850336037357860,0,0,8,0,16,256,1,1,16777216,1,1
"KERNEL_DISPATCH","Agent 4",1,0,5743,2389,220,"gemm_kernel_v2",2389,2850336037367460,2850336038812437,0,0,124,4,48,512,1,1,262144,1,1
"KERNEL_DISPATCH","Agent 4",1,0,5743,2390,117,"void at::native::vectorized_elementwise_kernel<4, at::native::FillFunctor<int>, std::array<char*, 1ul> >(int, at::native::FillFunctor<int>, std::array<char*, 1ul>)",2390,2850336038822837,2850336039024279,0,0,8,0,16,256,1,1,16777216,1,1
"KERNEL_DISPATCH","Agent 4",1,0,5743,2391,220,"gemm_kernel_v2",2391,2850336039033880,2850336040482696,0,0,124,4,48,512,1,1,262144,1,1
"KERNEL_DISPATCH","Agent 4",1,0,5743,2392,117,"void at::native::vectorized_elementwise_kernel<4, at::native::FillFunctor<int>, std::array<char*, 1ul> >(int, at::native::FillFunctor<int>, std::array<char*, 1ul>)",2392,2850336040493097,2850336040696779,0,0,8,0,16,256,1,1,16777216,1,1
"KERNEL_DISPATCH","Agent 4",1,0,5743,2393,220,"gemm_kernel_v2",2393,2850336040706379,2850336042155836,0,0,124,4,48,512,1,1,262144,1,1
"KERNEL_DISPATCH","Agent 4",1,0,5743,2394,117,"void at::native::vectorized_elementwise_kernel<4, at::native::FillFunctor<int>, std::array<char*, 1ul> >(int, at::native::FillFunctor<int>, std::array<char*, 1ul>)",2394,2850336042166076,2850336042369598,0,0,8,0,16,256,1,1,16777216,1,1
"KERNEL_DISPATCH","Agent 4",1,0,5743,2395,220,"gemm_kernel_v2",2395,2850336042379199,2850336043829456,0,0,124,4,48,512,1,1,262144,1,1
"KERNEL_DISPATCH","Agent 4",1,0,5743,2396,117,"void at::native::vectorized_elementwise_kernel<4, at::native::FillFunctor<int>, std::array<char*, 1ul> >(int, at::native::FillFunctor<int>, std::array<char*, 1ul>)",2396,2850336043839856,2850336044042258,0,0,8,0,16,256,1,1,16777216,1,1
"KERNEL_DISPATCH","Agent 4",1,0,5743,2397,220,"gemm_kernel_v2",2397,2850336044051858,2850336045497795,0,0,124,4,48,512,1,1,262144,1,1
"KERNEL_DISPATCH","Agent 4",1,0,5743,2398,117,"void at::native::vectorized_elementwise_kernel<4, at::native::FillFunctor<int>, std::array<char*, 1ul> >(int, at::native::FillFunctor<int>, std::array<char*, 1ul>)",2398,2850336045508355,2850336045712838,0,0,8,0,16,256,1,1,16777216,1,1
"KERNEL_DISPATCH","Agent 4",1,0,5743,2399,220,"gemm_kernel_v2",2399,2850336045722598,2850336047172375,0,0,124,4,48,512,1,1,262144,1,1
"KERNEL_DISPATCH","Agent 4",1,0,5743,2400,117,"void at::native::vectorized_elementwise_kernel<4, at::native::FillFunctor<int>, std::array<char*, 1ul> >(int, at::native::FillFunctor<int>, std::array<char*, 1ul>)",2400,2850336047183095,2850336047384057,0,0,8,0,16,256,1,1,16777216,1,1
"KERNEL_DISPATCH","Agent 4",1,0,5743,2401,220,"gemm_kernel_v2",2401,2850336047393977,2850336048847914,0,0,124,4,48,512,1,1,262144,1,1
"KERNEL_DISPATCH","Agent 4",1,0,5743,2402,117,"void at::native::vectorized_elementwise_kernel<4, at::native::FillFunctor<int>, std::array<char*, 1ul> >(int, at::native::FillFunctor<int>, std::array<char*, 1ul>)",2402,2850336048858154,2850336049062797,0,0,8,0,16,256,1,1,16777216,1,1
"KERNEL_DISPATCH","Agent 4",1,0,5743,2403,220,"gemm_kernel_v2",2403,2850336049072077,2850336050520734,0,0,124,4,48,512,1,1,262144,1,1
"KERNEL_DISPATCH","Agent 4",1,0,5743,2404,117,"void at::native::vectorized_elementwise_kernel<4, at::native::FillFunctor<int>, std::array<char*, 1ul> >(int, at::native::FillFunctor<int>, std::array<char*, 1ul>)",2404,2850336050531134,2850336050731296,0,0,8,0,16,256,1,1,16777216,1,1
"KERNEL_DISPATCH","Agent 4",1,0,5743,2405,220,"gemm_kernel_v2",2405,2850336050741056,2850336052189073,0,0,124,4,48,512,1,1,262144,1,1
"KERNEL_DISPATCH","Agent 4",1,0,5743,2406,117,"void at::native::vectorized_elementwise_kernel<4, at::native::FillFunctor<int>, std::array<char*, 1ul> >(int, at::native::FillFunctor<int>, std::array<char*, 1ul>)",2406,2850336052199793,2850336052402356,0,0,8,0,16,256,1,1,16777216,1,1
"KERNEL_DISPATCH","Agent 4",1,0,5743,2407,220,"gemm_kernel_v2",2407,2850336052412116,2850336053860293,0,0,124,4,48,512,1,1,262144,1,1
"KERNEL_DISPATCH","Agent 4",1,0,5743,2408,117,"void at::native::vectorized_elementwise_kernel<4, at::native::FillFunctor<int>, std::array<char*, 1ul> >(int, at::native::FillFunctor<int>, std::array<char*, 1ul>)",2408,2850336053870853,2850336054071655,0,0,8,0,16,256,1,1,16777216,1,1
"KERNEL_DISPATCH","Agent 4",1,0,5743,2409,220,"gemm_kernel_v2",2409,2850336054081575,2850336055527832,0,0,124,4,48,512,1,1,262144,1,1
"KERNEL_DISPATCH","Agent 4",1,0,5743,2410,117,"void at::native::vectorized_elementwise_kernel<4, at::native::FillFunctor<int>, std::array<char*, 1ul> >(int, at::native::FillFunctor<int>, std::array<char*, 1ul>)",2410,2850336055538232,2850336055739834,0,0,8,0,16,256,1,1,16777216,1,1
"KERNEL_DISPATCH","Agent 4",1,0,5743,2411,220,"gemm_kernel_v2",2411,2850336055749275,2850336057195691,0,0,124,4,48,512,1,1,262144,1,1
"KERNEL_DISPATCH","Agent 4",1,0,5743,2412,117,"void at::native::vectorized_elementwise_kernel<4, at::native::FillFunctor<int>, std::array<char*, 1ul> >(int, at::native::FillFunctor<int>, std::array<char*, 1ul>)",2412,2850336057206572,2850336057408334,0,0,8,0,16,256,1,1,16777216,1,1
"KERNEL_DISPATCH","Agent 4",1,0,5743,2413,220,"gemm_kernel_v2",2413,2850336057418094,2850336058867071,0,0,124,4,48,512,1,1,262144,1,1
"KERNEL_DISPATCH","Agent 4",1,0,5743,2414,117,"void at::native::vectorized_elementwise_kernel<4, at::native::FillFunctor<int>, std::array<char*, 1ul> >(int, at::native::FillFunctor<int>, std::array<char*, 1ul>)",2414,2850336058877311,2850336059077313,0,0,8,0,16,256,1,1,16777216,1,1
"KERNEL_DISPATCH","Agent 4",1,0,5743,2415,220,"gemm_kernel_v2",2415,2850336059086754,2850336060537330,0,0,124,4,48,512,1,1,262144,1,1
"KERNEL_DISPATCH","Agent 4",1,0,5743,2416,117,"void at::native::vectorized_elementwise_kernel<4, at::native::FillFunctor<int>, std::array<char*, 1ul> >(int, at::native::FillFunctor<int>, std::array<char*, 1ul>)",2416,2850336060547571,2850336060752853,0,0,8,0,16,256,1,1,16777216,1,1
"KERNEL_DISPATCH","Agent 4",1,0,5743,2417,220,"gemm_kernel_v2",2417,2850336060762773,2850336062212550,0,0,124,4,48,512,1,1,262144,1,1
"KERNEL_DISPATCH","Agent 4",1,0,5743,2418,117,"void at::native::vectorized_elementwise_kernel<4, at::native::FillFunctor<int>, std::array<char*, 1ul> >(int, at::native::FillFunctor<int>, std::array<char*, 1ul>)",2418,2850336062223270,2850336062422952,0,0,8,0,16,256,1,1,16777216,1,1
"KERNEL_DISPATCH","Agent 4",1,0,5743,2419,220,"gemm_kernel_v2",2419,2850336062432553,2850336063881689,0,0,124,4,48,512,1,1,262144,1,1
"KERNEL_DISPATCH","Agent 4",1,0,5743,2420,117,"void at::native::vectorized_elementwise_kernel<4, at::native::FillFunctor<int>, std::array<char*, 1ul> >(int, at::native::FillFunctor<int>, std::array<char*, 1ul>)",2420,2850336063891770,2850336064095452,0,0,8,0,16,256,1,1,16777216,1,1
"KERNEL_DISPATCH","Agent 4",1,0,5743,2421,220,"gemm_kernel_v2",2421,2850336064105212,2850336065557069,0,0,124,4,48,512,1,1,262144,1,1
"KERNEL_DISPATCH","Agent 4",1,0,5743,2422,117,"void at::native::vectorized_elementwise_kernel<4, at::native::FillFunctor<int>, std::array<char*, 1ul> >(int, at::native::FillFunctor<int>, std::array<char*, 1ul>)",2422,2850336065567629,2850336065770351,0,0,8,0,16,256,1,1,16777216,1,1
"KERNEL_DISPATCH","Agent 4",1,0,5743,2423,220,"gemm_kernel_v2",2423,2850336065779792,2850336067228768,0,0,124,4,48,512,1,1,262144,1,1
"KERNEL_DISPATCH","Agent 4",1,0,5743,2424,117,"void at::native::vectorized_elementwise_kernel<4, at::native::FillFunctor<int>, std::array<char*, 1ul> >(int, at::native::FillFunctor<int>, std::array<char*, 1ul>)",2424,2850336067239489,2850336067439811,0,0,8,0,16,256,1,1,16777216,1,1
"KERNEL_DISPATCH","Agent 4",1,0,5743,2425,220,"gemm_kernel_v2",2425,2850336067449731,2850336068899188,0,0,124,4,48,512,1,1,262144,1,1
"KERNEL_DISPATCH","Agent 4",1,0,5743,2426,117,"void at::native::vectorized_elementwise_kernel<4, at::native::FillFunctor<int>, std::array<char*, 1ul> >(int, at::native::FillFunctor<int>, std::array<char*, 1ul>)",2426,2850336068909748,2850336069115191,0,0,8,0,16,256,1,1,16777216,1,1
"KERNEL_DISPATCH","Agent 4",1,0,5743,2427,220,"gemm_kernel_v2",2427,2850336069124631,2850336070571367,0,0,124,4,48,512,1,1,262144,1,1
"KERNEL_DISPATCH","Agent 4",1,0,5743,2428,117,"void at::native::vectorized_elementwise_kernel<4, at::native::FillFunctor<int>, std::array<char*, 1ul> >(int, at::native::FillFunctor<int>, std::array<char*, 1ul>)",2428,2850336070581768,2850336070786250,0,0,8,0,16,256,1,1,16777216,1,1
"KERNEL_DISPATCH","Agent 4",1,0,5743,2429,220,"gemm_kernel_v2",2429,2850336070795850,2850336072244667,0,0,124,4,48,512,1,1,262144,1,1
"KERNEL_DISPATCH","Agent 4",1,0,5743,2430,117,"void at::native::vectorized_elementwise_kernel<4, at::native::FillFunctor<int>, std::array<char*, 1ul> >(int, at::native::FillFunctor<int>, std::array<char*, 1ul>)",2430,2850336072255867,2850336072457789,0,0,8,0,16,256,1,1,16777216,1,1
"KERNEL_DISPATCH","Agent 4",1,0,5743,2431,220,"gemm_kernel_v2",2431,2850336072467390,2850336073917967,0,0,124,4,48,512,1,1,262144,1,1
"KERNEL_DISPATCH","Agent 4",1,0,5743,2432,117,"void at::native::vectorized_elementwise_kernel<4, at::native::FillFunctor<int>, std::array<char*, 1ul> >(int, at::native::FillFunctor<int>, std::array<char*, 1ul>)",2432,2850336073928367,2850336074133969,0,0,8,0,16,256,1,1,16777216,1,1
"KERNEL_DISPATCH","Agent 4",1,0,5743,2433,220,"gemm_kernel_v2",2433,2850336074143729,2850336075593666,0,0,124,4,48,512,1,1,262144,1,1
"KERNEL_DISPATCH","Agent 4",1,0,5743,2434,117,"void at::native::vectorized_elementwise_kernel<4, at::native::FillFunctor<int>, std::array<char*, 1ul> >(int, at::native::FillFunctor<int>, std::array<char*, 1ul>)",2434,2850336075604066,2850336075803749,0,0,8,0,16,256,1,1,16777216,1,1
"KERNEL_DISPATCH","Agent 4",1,0,5743,2435,220,"gemm_kernel_v2",2435,2850336075813523,2850336077260419,0,0,124,4,48,512,1,1,262144,1,1
"KERNEL_DISPATCH","Agent 4",1,0,5743,2436,117,"void at::native::vectorized_elementwise_kernel<4, at::native::FillFunctor<int>, std::array<char*, 1ul> >(int, at::native::FillFunctor<int>, std::array<char*, 1ul>)",2436,2850336077271139,2850336077474021,0,0,8,0,16,256,1,1,16777216,1,1
"KERNEL_DISPATCH","Agent 4",1,0,5743,2437,220,"gemm_kernel_v2",2437,2850336077483461,2850336078934518,0,0,124,4,48,512,1,1,262144,1,1
"KERNEL_DISPATCH","Agent 4",1,0,5743,2438,117,"void at::native::vectorized_elementwise_kernel<4, at::native::FillFunctor<int>, std::array<char*, 1ul> >(int, at::native::FillFunctor<int>, std::array<char*, 1ul>)",2438,2850336078944918,2850336079152281,0,0,8,0,16,256,1,1,16777216,1,1
"KERNEL_DISPATCH","Agent 4",1,0,5743,2439,220,"gemm_kernel_v2",2439,2850336079162201,2850336080616298,0,0,124,4,48,512,1,1,262144,1,1
"KERNEL_DISPATCH","Agent 4",1,0,5743,2440,221,"gemm_kernel_v2",2440,2850336133783158,2850336135539178,0,0,24,272,48,256,1,1,131072,1,1
"KERNEL_DISPATCH","Agent 4",1,0,5743,2441,117,"void at::native::vectorized_elementwise_kernel<4, at::native::FillFunctor<int>, std::array<char*, 1ul> >(int, at::native::FillFunctor<int>, std::array<char*, 1ul>)",2441,2850336135625579,2850336135829422,0,0,8,0,16,256,1,1,16777216,1,1
"KERNEL_DISPATCH","Agent 4",1,0,5743,2442,221,"gemm_kernel_v2",2442,2850336135829422,2850336137572002,0,0,24,272,48,256,1,1,131072,1,1
"KERNEL_DISPATCH","Agent 4",1,0,5743,2443,117,"void at::native::vectorized_elementwise_kernel<4, at::native::FillFunctor<int>, std::array<char*, 1ul> >(int, at::native::FillFunctor<int>, std::array<char*, 1ul>)",2443,2850336137572002,2850336137775525,0,0,8,0,16,256,1,1,16777216,1,1
"KERNEL_DISPATCH","Agent 4",1,0,5743,2444,221,"gemm_kernel_v2",2444,2850336137775525,2850336139512825,0,0,24,272,48,256,1,1,131072,1,1
"KERNEL_DISPATCH","Agent 4",1,0,5743,2445,117,"void at::native::vectorized_elementwise_kernel<4, at::native::FillFunctor<int>, std::array<char*, 1ul> >(int, at::native::FillFunctor<int>, std::array<char*, 1ul>)",2445,2850336139512825,2850336139718587,0,0,8,0,16,256,1,1,16777216,1,1
"KERNEL_DISPATCH","Agent 4",1,0,5743,2446,221,"gemm_kernel_v2",2446,2850336139718675,2850336141461895,0,0,24,272,48,256,1,1,131072,1,1
"KERNEL_DISPATCH","Agent 4",1,0,5743,2447,117,"void at::native::vectorized_elementwise_kernel<4, at::native::FillFunctor<int>, std::array<char*, 1ul> >(int, at::native::FillFunctor<int>, std::array<char*, 1ul>)",2447,2850336141461895,2850336141662857,0,0,8,0,16,256,1,1,16777216,1,1
"KERNEL_DISPATCH","Agent 4",1,0,5743,2448,221,"gemm_kernel_v2",2448,2850336141662857,2850336143402397,0,0,24,272,48,256,1,1,131072,1,1
"KERNEL_DISPATCH","Agent 4",1,0,5743,2449,117,"void at::native::vectorized_elementwise_kernel<4, at::native::FillFunctor<int>, std::array<char*, 1ul> >(int, at::native::FillFunctor<int>, std::array<char*, 1ul>)",2449,2850336143402397,2850336143604319,0,0,8,0,16,256,1,1,16777216,1,1
"KERNEL_DISPATCH","Agent 4",1,0,5743,2450,221,"gemm_kernel_v2",2450,2850336143604319,2850336145344180,0,0,24,272,48,256,1,1,131072,1,1
"KERNEL_DISPATCH","Agent 4",1,0,5743,2451,221,"gemm_kernel_v2",2451,2850336145524822,2850336147271082,0,0,24,272,48,256,1,1,131072,1,1
"KERNEL_DISPATCH","Agent 4",1,0,5743,2452,221,"gemm_kernel_v2",2452,2850336147271082,2850336149016543,0,0,24,272,48,256,1,1,131072,1,1
"KERNEL_DISPATCH","Agent 4",1,0,5743,2453,221,"gemm_kernel_v2",2453,2850336149016543,2850336150761043,0,0,24,272,48,256,1,1,131072,1,1
"KERNEL_DISPATCH","Agent 4",1,0,5743,2454,221,"gemm_kernel_v2",2454,2850336150761043,2850336152502663,0,0,24,272,48,256,1,1,131072,1,1
"KERNEL_DISPATCH","Agent 4",1,0,5743,2455,221,"gemm_kernel_v2",2455,2850336152502663,2850336154243324,0,0,24,272,48,256,1,1,131072,1,1
"KERNEL_DISPATCH","Agent 4",1,0,5743,2456,221,"gemm_kernel_v2",2456,2850336154243324,2850336155983024,0,0,24,272,48,256,1,1,131072,1,1
"KERNEL_DISPATCH","Agent 4",1,0,5743,2457,221,"gemm_kernel_v2",2457,2850336155983024,2850336157726884,0,0,24,272,48,256,1,1,131072,1,1
"KERNEL_DISPATCH","Agent 4",1,0,5743,2458,221,"gemm_kernel_v2",2458,2850336157726884,2850336159472665,0,0,24,272,48,256,1,1,131072,1,1
"KERNEL_DISPATCH","Agent 4",1,0,5743,2459,221,"gemm_kernel_v2",2459,2850336159472665,2850336161218285,0,0,24,272,48,256,1,1,131072,1,1
"KERNEL_DISPATCH","Agent 4",1,0,5743,2460,221,"gemm_kernel_v2",2460,2850336161218285,2850336162959746,0,0,24,272,48,256,1,1,131072,1,1
"KERNEL_DISPATCH","Agent 4",1,0,5743,2461,221,"gemm_kernel_v2",2461,2850336162959746,2850336164702486,0,0,24,272,48,256,1,1,131072,1,1
"KERNEL_DISPATCH","Agent 4",1,0,5743,2462,221,"gemm_kernel_v2",2462,2850336164702486,2850336166439786,0,0,24,272,48,256,1,1,131072,1,1
"KERNEL_DISPATCH","Agent 4",1,0,5743,2463,117,"void at::native::vectorized_elementwise_kernel<4, at::native::FillFunctor<int>, std::array<char*, 1ul> >(int, at::native::FillFunctor<int>, std::array<char*, 1ul>)",2463,2850336166439786,2850336166644269,0,0,8,0,16,256,1,1,16777216,1,1
"KERNEL_DISPATCH","Agent 4",1,0,5743,2464,221,"gemm_kernel_v2",2464,2850336166655789,2850336168401249,0,0,24,272,48,256,1,1,131072,1,1
"KERNEL_DISPATCH","Agent 4",1,0,5743,2465,117,"void at::native::vectorized_elementwise_kernel<4, at::native::FillFunctor<int>, std::array<char*, 1ul> >(int, at::native::FillFunctor<int>, std::array<char*, 1ul>)",2465,2850336168411649,2850336168610852,0,0,8,0,16,256,1,1,16777216,1,1
"KERNEL_DISPATCH","Agent 4",1,0,5743,2466,221,"gemm_kernel_v2",2466,2850336168620772,2850336170358552,0,0,24,272,48,256,1,1,131072,1,1
"KERNEL_DISPATCH","Agent 4",1,0,5743,2467,117,"void at::native::vectorized_elementwise_kernel<4, at::native::FillFunctor<int>, std::array<char*, 1ul> >(int, at::native::FillFunctor<int>, std::array<char*, 1ul>)",2467,2850336170369272,2850336170569754,0,0,8,0,16,256,1,1,16777216,1,1
"KERNEL_DISPATCH","Agent 4",1,0,5743,2468,221,"gemm_kernel_v2",2468,2850336170579675,2850336172316655,0,0,24,272,48,256,1,1,131072,1,1
"KERNEL_DISPATCH","Agent 4",1,0,5743,2469,117,"void at::native::vectorized_elementwise_kernel<4, at::native::FillFunctor<int>, std::array<char*, 1ul> >(int, at::native::FillFunctor<int>, std::array<char*, 1ul>)",2469,2850336172327215,2850336172531857,0,0,8,0,16,256,1,1,16777216,1,1
"KERNEL_DISPATCH","Agent 4",1,0,5743,2470,221,"gemm_kernel_v2",2470,2850336172541137,2850336174282438,0,0,24,272,48,256,1,1,131072,1,1
"KERNEL_DISPATCH","Agent 4",1,0,5743,2471,117,"void at::native::vectorized_elementwise_kernel<4, at::native::FillFunctor<int>, std::array<char*, 1ul> >(int, at::native::FillFunctor<int>, std::array<char*, 1ul>)",2471,2850336174292998,2850336174497480,0,0,8,0,16,256,1,1,16777216,1,1
"KERNEL_DISPATCH","Agent 4",1,0,5743,2472,221,"gemm_kernel_v2",2472,2850336174507080,2850336176252381,0,0,24,272,48,256,1,1,131072,1,1
"KERNEL_DISPATCH","Agent 4",1,0,5743,2473,117,"void at::native::vectorized_elementwise_kernel<4, at::native::FillFunctor<int>, std::array<char*, 1ul> >(int, at::native::FillFunctor<int>, std::array<char*, 1ul>)",2473,2850336176263901,2850336176463743,0,0,8,0,16,256,1,1,16777216,1,1
"KERNEL_DISPATCH","Agent 4",1,0,5743,2474,221,"gemm_kernel_v2",2474,2850336176473183,2850336178219924,0,0,24,272,48,256,1,1,131072,1,1
"KERNEL_DISPATCH","Agent 4",1,0,5743,2475,117,"void at::native::vectorized_elementwise_kernel<4, at::native::FillFunctor<int>, std::array<char*, 1ul> >(int, at::native::FillFunctor<int>, std::array<char*, 1ul>)",2475,2850336178230644,2850336178430326,0,0,8,0,16,256,1,1,16777216,1,1
"KERNEL_DISPATCH","Agent 4",1,0,5743,2476,221,"gemm_kernel_v2",2476,2850336178439926,2850336180176427,0,0,24,272,48,256,1,1,131072,1,1
"KERNEL_DISPATCH","Agent 4",1,0,5743,2477,117,"void at::native::vectorized_elementwise_kernel<4, at::native::FillFunctor<int>, std::array<char*, 1ul> >(int, at::native::FillFunctor<int>, std::array<char*, 1ul>)",2477,2850336180186987,2850336180386189,0,0,8,0,16,256,1,1,16777216,1,1
"KERNEL_DISPATCH","Agent 4",1,0,5743,2478,221,"gemm_kernel_v2",2478,2850336180395789,2850336182131809,0,0,24,272,48,256,1,1,131072,1,1
"KERNEL_DISPATCH","Agent 4",1,0,5743,2479,117,"void at::native::vectorized_elementwise_kernel<4, at::native::FillFunctor<int>, std::array<char*, 1ul> >(int, at::native::FillFunctor<int>, std::array<char*, 1ul>)",2479,2850336182142050,2850336182338852,0,0,8,0,16,256,1,1,16777216,1,1
"KERNEL_DISPATCH","Agent 4",1,0,5743,2480,221,"gemm_kernel_v2",2480,2850336182348612,2850336184088312,0,0,24,272,48,256,1,1,131072,1,1
"KERNEL_DISPATCH","Agent 4",1,0,5743,2481,117,"void at::native::vectorized_elementwise_kernel<4, at::native::FillFunctor<int>, std::array<char*, 1ul> >(int, at::native::FillFunctor<int>, std::array<char*, 1ul>)",2481,2850336184098712,2850336184300155,0,0,8,0,16,256,1,1,16777216,1,1
"KERNEL_DISPATCH","Agent 4",1,0,5743,2482,221,"gemm_kernel_v2",2482,2850336184309915,2850336186051215,0,0,24,272,48,256,1,1,131072,1,1
"KERNEL_DISPATCH","Agent 4",1,0,5743,2483,117,"void at::native::vectorized_elementwise_kernel<4, at::native::FillFunctor<int>, std::array<char*, 1ul> >(int, at::native::FillFunctor<int>, std::array<char*, 1ul>)",2483,2850336186061455,2850336186262898,0,0,8,0,16,256,1,1,16777216,1,1
"KERNEL_DISPATCH","Agent 4",1,0,5743,2484,221,"gemm_kernel_v2",2484,2850336186272818,2850336188013158,0,0,24,272,48,256,1,1,131072,1,1
"KERNEL_DISPATCH","Agent 4",1,0,5743,2485,117,"void at::native::vectorized_elementwise_kernel<4, at::native::FillFunctor<int>, std::array<char*, 1ul> >(int, at::native::FillFunctor<int>, std::array<char*, 1ul>)",2485,2850336188023718,2850336188223721,0,0,8,0,16,256,1,1,16777216,1,1
"KERNEL_DISPATCH","Agent 4",1,0,5743,2486,221,"gemm_kernel_v2",2486,2850336188233481,2850336189974621,0,0,24,272,48,256,1,1,131072,1,1
"KERNEL_DISPATCH","Agent 4",1,0,5743,2487,117,"void at::native::vectorized_elementwise_kernel<4, at::native::FillFunctor<int>, std::array<char*, 1ul> >(int, at::native::FillFunctor<int>, std::array<char*, 1ul>)",2487,2850336189985181,2850336190189664,0,0,8,0,16,256,1,1,16777216,1,1
"KERNEL_DISPATCH","Agent 4",1,0,5743,2488,221,"gemm_kernel_v2",2488,2850336190199584,2850336191943604,0,0,24,272,48,256,1,1,131072,1,1
"KERNEL_DISPATCH","Agent 4",1,0,5743,2489,117,"void at::native::vectorized_elementwise_kernel<4, at::native::FillFunctor<int>, std::array<char*, 1ul> >(int, at::native::FillFunctor<int>, std::array<char*, 1ul>)",2489,2850336191954004,2850336192151446,0,0,8,0,16,256,1,1,16777216,1,1
"KERNEL_DISPATCH","Agent 4",1,0,5743,2490,221,"gemm_kernel_v2",2490,2850336192161047,2850336193898347,0,0,24,272,48,256,1,1,131072,1,1
"KERNEL_DISPATCH","Agent 4",1,0,5743,2491,117,"void at::native::vectorized_elementwise_kernel<4, at::native::FillFunctor<int>, std::array<char*, 1ul> >(int, at::native::FillFunctor<int>, std::array<char*, 1ul>)",2491,2850336193908747,2850336194111469,0,0,8,0,16,256,1,1,16777216,1,1
"KERNEL_DISPATCH","Agent 4",1,0,5743,2492,221,"gemm_kernel_v2",2492,2850336194121069,2850336195859170,0,0,24,272,48,256,1,1,131072,1,1
"KERNEL_DISPATCH","Agent 4",1,0,5743,2493,117,"void at::native::vectorized_elementwise_kernel<4, at::native::FillFunctor<int>, std::array<char*, 1ul> >(int, at::native::FillFunctor<int>, std::array<char*, 1ul>)",2493,2850336195870050,2850336196072612,0,0,8,0,16,256,1,1,16777216,1,1
"KERNEL_DISPATCH","Agent 4",1,0,5743,2494,221,"gemm_kernel_v2",2494,2850336196082052,2850336197822873,0,0,24,272,48,256,1,1,131072,1,1
"KERNEL_DISPATCH","Agent 4",1,0,5743,2495,117,"void at::native::vectorized_elementwise_kernel<4, at::native::FillFunctor<int>, std::array<char*, 1ul> >(int, at::native::FillFunctor<int>, std::array<char*, 1ul>)",2495,2850336197833593,2850336198032315,0,0,8,0,16,256,1,1,16777216,1,1
"KERNEL_DISPATCH","Agent 4",1,0,5743,2496,221,"gemm_kernel_v2",2496,2850336198041755,2850336199784656,0,0,24,272,48,256,1,1,131072,1,1
"KERNEL_DISPATCH","Agent 4",1,0,5743,2497,117,"void at::native::vectorized_elementwise_kernel<4, at::native::FillFunctor<int>, std::array<char*, 1ul> >(int, at::native::FillFunctor<int>, std::array<char*, 1ul>)",2497,2850336199795216,2850336199998258,0,0,8,0,16,256,1,1,16777216,1,1
"KERNEL_DISPATCH","Agent 4",1,0,5743,2498,221,"gemm_kernel_v2",2498,2850336200008018,2850336201746919,0,0,24,272,48,256,1,1,131072,1,1
"KERNEL_DISPATCH","Agent 4",1,0,5743,2499,117,"void at::native::vectorized_elementwise_kernel<4, at::native::FillFunctor<int>, std::array<char*, 1ul> >(int, at::native::FillFunctor<int>, std::array<char*, 1ul>)",2499,2850336201757639,2850336201954761,0,0,8,0,16,256,1,1,16777216,1,1
"KERNEL_DISPATCH","Agent 4",1,0,5743,2500,221,"gemm_kernel_v2",2500,2850336201964681,2850336203703581,0,0,24,272,48,256,1,1,131072,1,1
"KERNEL_DISPATCH","Agent 4",1,0,5743,2501,117,"void at::native::vectorized_elementwise_kernel<4, at::native::FillFunctor<int>, std::array<char*, 1ul> >(int, at::native::FillFunctor<int>, std::array<char*, 1ul>)",2501,2850336203714142,2850336203917504,0,0,8,0,16,256,1,1,16777216,1,1
"KERNEL_DISPATCH","Agent 4",1,0,5743,2502,221,"gemm_kernel_v2",2502,2850336203927243,2850336205677663,0,0,24,272,48,256,1,1,131072,1,1
"KERNEL_DISPATCH","Agent 4",1,0,5743,2503,117,"void at::native::vectorized_elementwise_kernel<4, at::native::FillFunctor<int>, std::array<char*, 1ul> >(int, at::native::FillFunctor<int>, std::array<char*, 1ul>)",2503,2850336205688063,2850336205884545,0,0,8,0,16,256,1,1,16777216,1,1
"KERNEL_DISPATCH","Agent 4",1,0,5743,2504,221,"gemm_kernel_v2",2504,2850336205894145,2850336207633845,0,0,24,272,48,256,1,1,131072,1,1
"KERNEL_DISPATCH","Agent 4",1,0,5743,2505,117,"void at::native::vectorized_elementwise_kernel<4, at::native::FillFunctor<int>, std::array<char*, 1ul> >(int, at::native::FillFunctor<int>, std::array<char*, 1ul>)",2505,2850336207644245,2850336207844408,0,0,8,0,16,256,1,1,16777216,1,1
"KERNEL_DISPATCH","Agent 4",1,0,5743,2506,221,"gemm_kernel_v2",2506,2850336207854008,2850336209600748,0,0,24,272,48,256,1,1,131072,1,1
"KERNEL_DISPATCH","Agent 4",1,0,5743,2507,117,"void at::native::vectorized_elementwise_kernel<4, at::native::FillFunctor<int>, std::array<char*, 1ul> >(int, at::native::FillFunctor<int>, std::array<char*, 1ul>)",2507,2850336209611148,2850336209811151,0,0,8,0,16,256,1,1,16777216,1,1
"KERNEL_DISPATCH","Agent 4",1,0,5743,2508,221,"gemm_kernel_v2",2508,2850336209820751,2850336211563651,0,0,24,272,48,256,1,1,131072,1,1
"KERNEL_DISPATCH","Agent 4",1,0,5743,2509,117,"void at::native::vectorized_elementwise_kernel<4, at::native::FillFunctor<int>, std::array<char*, 1ul> >(int, at::native::FillFunctor<int>, std::array<char*, 1ul>)",2509,2850336211574211,2850336211774374,0,0,8,0,16,256,1,1,16777216,1,1
"KERNEL_DISPATCH","Agent 4",1,0,5743,2510,221,"gemm_kernel_v2",2510,2850336211784134,2850336213525594,0,0,24,272,48,256,1,1,131072,1,1
"KERNEL_DISPATCH","Agent 4",1,0,5743,2511,117,"void at::native::vectorized_elementwise_kernel<4, at::native::FillFunctor<int>, std::array<char*, 1ul> >(int, at::native::FillFunctor<int>, std::array<char*, 1ul>)",2511,2850336213535994,2850336213737116,0,0,8,0,16,256,1,1,16777216,1,1
"KERNEL_DISPATCH","Agent 4",1,0,5743,2512,221,"gemm_kernel_v2",2512,2850336213746717,2850336215488337,0,0,24,272,48,256,1,1,131072,1,1
"KERNEL_DISPATCH","Agent 4",1,0,5743,2513,117,"void at::native::vectorized_elementwise_kernel<4, at::native::FillFunctor<int>, std::array<char*, 1ul> >(int, at::native::FillFunctor<int>, std::array<char*, 1ul>)",2513,2850336215498897,2850336215702259,0,0,8,0,16,256,1,1,16777216,1,1
"KERNEL_DISPATCH","Agent 4",1,0,5743,2514,221,"gemm_kernel_v2",2514,2850336215712020,2850336217451880,0,0,24,272,48,256,1,1,131072,1,1
"KERNEL_DISPATCH","Agent 4",1,0,5743,2515,117,"void at::native::vectorized_elementwise_kernel<4, at::native::FillFunctor<int>, std::array<char*, 1ul> >(int, at::native::FillFunctor<int>, std::array<char*, 1ul>)",2515,2850336217462280,2850336217661002,0,0,8,0,16,256,1,1,16777216,1,1
"KERNEL_DISPATCH","Agent 4",1,0,5743,2516,221,"gemm_kernel_v2",2516,2850336217670922,2850336219416543,0,0,24,272,48,256,1,1,131072,1,1
"KERNEL_DISPATCH","Agent 4",1,0,5743,2517,117,"void at::native::vectorized_elementwise_kernel<4, at::native::FillFunctor<int>, std::array<char*, 1ul> >(int, at::native::FillFunctor<int>, std::array<char*, 1ul>)",2517,2850336219426943,2850336219632225,0,0,8,0,16,256,1,1,16777216,1,1
"KERNEL_DISPATCH","Agent 4",1,0,5743,2518,221,"gemm_kernel_v2",2518,2850336219643105,2850336221390006,0,0,24,272,48,256,1,1,131072,1,1
"KERNEL_DISPATCH","Agent 4",1,0,5743,2519,117,"void at::native::vectorized_elementwise_kernel<4, at::native::FillFunctor<int>, std::array<char*, 1ul> >(int, at::native::FillFunctor<int>, std::array<char*, 1ul>)",2519,2850336221401206,2850336221602488,0,0,8,0,16,256,1,1,16777216,1,1
"KERNEL_DISPATCH","Agent 4",1,0,5743,2520,221,"gemm_kernel_v2",2520,2850336221613208,2850336223356589,0,0,24,272,48,256,1,1,131072,1,1
"KERNEL_DISPATCH","Agent 4",1,0,5743,2521,117,"void at::native::vectorized_elementwise_kernel<4, at::native::FillFunctor<int>, std::array<char*, 1ul> >(int, at::native::FillFunctor<int>, std::array<char*, 1ul>)",2521,2850336223367949,2850336223567631,0,0,8,0,16,256,1,1,16777216,1,1
"KERNEL_DISPATCH","Agent 4",1,0,5743,2522,221,"gemm_kernel_v2",2522,2850336223578351,2850336225316452,0,0,24,272,48,256,1,1,131072,1,1
"KERNEL_DISPATCH","Agent 4",1,0,5743,2523,117,"void at::native::vectorized_elementwise_kernel<4, at::native::FillFunctor<int>, std::array<char*, 1ul> >(int, at::native::FillFunctor<int>, std::array<char*, 1ul>)",2523,2850336225326852,2850336225523654,0,0,8,0,16,256,1,1,16777216,1,1
"KERNEL_DISPATCH","Agent 4",1,0,5743,2524,221,"gemm_kernel_v2",2524,2850336225533414,2850336227281755,0,0,24,272,48,256,1,1,131072,1,1
"KERNEL_DISPATCH","Agent 4",1,0,5743,2525,117,"void at::native::vectorized_elementwise_kernel<4, at::native::FillFunctor<int>, std::array<char*, 1ul> >(int, at::native::FillFunctor<int>, std::array<char*, 1ul>)",2525,2850336227292155,2850336227495837,0,0,8,0,16,256,1,1,16777216,1,1
"KERNEL_DISPATCH","Agent 4",1,0,5743,2526,221,"gemm_kernel_v2",2526,2850336227505917,2850336229244658,0,0,24,272,48,256,1,1,131072,1,1
"KERNEL_DISPATCH","Agent 4",1,0,5743,2527,117,"void at::native::vectorized_elementwise_kernel<4, at::native::FillFunctor<int>, std::array<char*, 1ul> >(int, at::native::FillFunctor<int>, std::array<char*, 1ul>)",2527,2850336229255858,2850336229455220,0,0,8,0,16,256,1,1,16777216,1,1
"KERNEL_DISPATCH","Agent 4",1,0,5743,2528,221,"gemm_kernel_v2",2528,2850336229464980,2850336231210121,0,0,24,272,48,256,1,1,131072,1,1
"KERNEL_DISPATCH","Agent 4",1,0,5743,2529,117,"void at::native::vectorized_elementwise_kernel<4, at::native::FillFunctor<int>, std::array<char*, 1ul> >(int, at::native::FillFunctor<int>, std::array<char*, 1ul>)",2529,2850336231221161,2850336231419883,0,0,8,0,16,256,1,1,16777216,1,1
"KERNEL_DISPATCH","Agent 4",1,0,5743,2530,221,"gemm_kernel_v2",2530,2850336231429483,2850336233173823,0,0,24,272,48,256,1,1,131072,1,1
"KERNEL_DISPATCH","Agent 4",1,0,5743,2531,117,"void at::native::vectorized_elementwise_kernel<4, at::native::FillFunctor<int>, std::array<char*, 1ul> >(int, at::native::FillFunctor<int>, std::array<char*, 1ul>)",2531,2850336233184544,2850336233387586,0,0,8,0,16,256,1,1,16777216,1,1
"KERNEL_DISPATCH","Agent 4",1,0,5743,2532,221,"gemm_kernel_v2",2532,2850336233397186,2850336235141366,0,0,24,272,48,256,1,1,131072,1,1
"KERNEL_DISPATCH","Agent 4",1,0,5743,2533,117,"void at::native::vectorized_elementwise_kernel<4, at::native::FillFunctor<int>, std::array<char*, 1ul> >(int, at::native::FillFunctor<int>, std::array<char*, 1ul>)",2533,2850336235151607,2850336235349209,0,0,8,0,16,256,1,1,16777216,1,1
"KERNEL_DISPATCH","Agent 4",1,0,5743,2534,221,"gemm_kernel_v2",2534,2850336235358649,2850336237099949,0,0,24,272,48,256,1,1,131072,1,1
"KERNEL_DISPATCH","Agent 4",1,0,5743,2535,117,"void at::native::vectorized_elementwise_kernel<4, at::native::FillFunctor<int>, std::array<char*, 1ul> >(int, at::native::FillFunctor<int>, std::array<char*, 1ul>)",2535,2850336237110669,2850336237314992,0,0,8,0,16,256,1,1,16777216,1,1
"KERNEL_DISPATCH","Agent 4",1,0,5743,2536,221,"gemm_kernel_v2",2536,2850336237324592,2850336239066052,0,0,24,272,48,256,1,1,131072,1,1
"KERNEL_DISPATCH","Agent 4",1,0,5743,2537,117,"void at::native::vectorized_elementwise_kernel<4, at::native::FillFunctor<int>, std::array<char*, 1ul> >(int, at::native::FillFunctor<int>, std::array<char*, 1ul>)",2537,2850336239076612,2850336239277575,0,0,8,0,16,256,1,1,16777216,1,1
"KERNEL_DISPATCH","Agent 4",1,0,5743,2538,221,"gemm_kernel_v2",2538,2850336239287175,2850336241027355,0,0,24,272,48,256,1,1,131072,1,1
"KERNEL_DISPATCH","Agent 4",1,0,5743,2539,117,"void at::native::vectorized_elementwise_kernel<4, at::native::FillFunctor<int>, std::array<char*, 1ul> >(int, at::native::FillFunctor<int>, std::array<char*, 1ul>)",2539,2850336241037755,2850336241241438,0,0,8,0,16,256,1,1,16777216,1,1
"KERNEL_DISPATCH","Agent 4",1,0,5743,2540,221,"gemm_kernel_v2",2540,2850336241251198,2850336242996338,0,0,24,272,48,256,1,1,131072,1,1
"KERNEL_DISPATCH","Agent 4",1,0,5743,2541,117,"void at::native::vectorized_elementwise_kernel<4, at::native::FillFunctor<int>, std::array<char*, 1ul> >(int, at::native::FillFunctor<int>, std::array<char*, 1ul>)",2541,2850336243007058,2850336243205141,0,0,8,0,16,256,1,1,16777216,1,1
"KERNEL_DISPATCH","Agent 4",1,0,5743,2542,221,"gemm_kernel_v2",2542,2850336243214741,2850336244957481,0,0,24,272,48,256,1,1,131072,1,1
"KERNEL_DISPATCH","Agent 4",1,0,5743,2543,117,"void at::native::vectorized_elementwise_kernel<4, at::native::FillFunctor<int>, std::array<char*, 1ul> >(int, at::native::FillFunctor<int>, std::array<char*, 1ul>)",2543,2850336244968041,2850336245169804,0,0,8,0,16,256,1,1,16777216,1,1
"KERNEL_DISPATCH","Agent 4",1,0,5743,2544,221,"gemm_kernel_v2",2544,2850336245179564,2850336246921024,0,0,24,272,48,256,1,1,131072,1,1
"KERNEL_DISPATCH","Agent 4",1,0,5743,2545,117,"void at::native::vectorized_elementwise_kernel<4, at::native::FillFunctor<int>, std::array<char*, 1ul> >(int, at::native::FillFunctor<int>, std::array<char*, 1ul>)",2545,2850336246931424,2850336247132066,0,0,8,0,16,256,1,1,16777216,1,1
"KERNEL_DISPATCH","Agent 4",1,0,5743,2546,221,"gemm_kernel_v2",2546,2850336247142147,2850336248880087,0,0,24,272,48,256,1,1,131072,1,1
"KERNEL_DISPATCH","Agent 4",1,0,5743,2547,117,"void at::native::vectorized_elementwise_kernel<4, at::native::FillFunctor<int>, std::array<char*, 1ul> >(int, at::native::FillFunctor<int>, std::array<char*, 1ul>)",2547,2850336248890647,2850336249088729,0,0,8,0,16,256,1,1,16777216,1,1
"KERNEL_DISPATCH","Agent 4",1,0,5743,2548,221,"gemm_kernel_v2",2548,2850336249098489,2850336250840430,0,0,24,272,48,256,1,1,131072,1,1
"KERNEL_DISPATCH","Agent 4",1,0,5743,2549,117,"void at::native::vectorized_elementwise_kernel<4, at::native::FillFunctor<int>, std::array<char*, 1ul> >(int, at::native::FillFunctor<int>, std::array<char*, 1ul>)",2549,2850336250850670,2850336251050192,0,0,8,0,16,256,1,1,16777216,1,1
"KERNEL_DISPATCH","Agent 4",1,0,5743,2550,221,"gemm_kernel_v2",2550,2850336251059632,2850336252806853,0,0,24,272,48,256,1,1,131072,1,1
"KERNEL_DISPATCH","Agent 4",1,0,5743,2551,117,"void at::native::vectorized_elementwise_kernel<4, at::native::FillFunctor<int>, std::array<char*, 1ul> >(int, at::native::FillFunctor<int>, std::array<char*, 1ul>)",2551,2850336252817253,2850336253020775,0,0,8,0,16,256,1,1,16777216,1,1
"KERNEL_DISPATCH","Agent 4",1,0,5743,2552,221,"gemm_kernel_v2",2552,2850336253030375,2850336254774556,0,0,24,272,48,256,1,1,131072,1,1
"KERNEL_DISPATCH","Agent 4",1,0,5743,2553,117,"void at::native::vectorized_elementwise_kernel<4, at::native::FillFunctor<int>, std::array<char*, 1ul> >(int, at::native::FillFunctor<int>, std::array<char*, 1ul>)",2553,2850336254785436,2850336254983998,0,0,8,0,16,256,1,1,16777216,1,1
"KERNEL_DISPATCH","Agent 4",1,0,5743,2554,221,"gemm_kernel_v2",2554,2850336254993598,2850336256738579,0,0,24,272,48,256,1,1,131072,1,1
"KERNEL_DISPATCH","Agent 4",1,0,5743,2555,117,"void at::native::vectorized_elementwise_kernel<4, at::native::FillFunctor<int>, std::array<char*, 1ul> >(int, at::native::FillFunctor<int>, std::array<char*, 1ul>)",2555,2850336256749139,2850336256951221,0,0,8,0,16,256,1,1,16777216,1,1
"KERNEL_DISPATCH","Agent 4",1,0,5743,2556,221,"gemm_kernel_v2",2556,2850336256960661,2850336258704522,0,0,24,272,48,256,1,1,131072,1,1
"KERNEL_DISPATCH","Agent 4",1,0,5743,2557,117,"void at::native::vectorized_elementwise_kernel<4, at::native::FillFunctor<int>, std::array<char*, 1ul> >(int, at::native::FillFunctor<int>, std::array<char*, 1ul>)",2557,2850336258715242,2850336258916524,0,0,8,0,16,256,1,1,16777216,1,1
"KERNEL_DISPATCH","Agent 4",1,0,5743,2558,221,"gemm_kernel_v2",2558,2850336258926124,2850336260668384,0,0,24,272,48,256,1,1,131072,1,1
"KERNEL_DISPATCH","Agent 4",1,0,5743,2559,117,"void at::native::vectorized_elementwise_kernel<4, at::native::FillFunctor<int>, std::array<char*, 1ul> >(int, at::native::FillFunctor<int>, std::array<char*, 1ul>)",2559,2850336260678785,2850336260882947,0,0,8,0,16,256,1,1,16777216,1,1
"KERNEL_DISPATCH","Agent 4",1,0,5743,2560,221,"gemm_kernel_v2",2560,2850336260892227,2850336262633047,0,0,24,272,48,256,1,1,131072,1,1
"KERNEL_DISPATCH","Agent 4",1,0,5743,2561,117,"void at::native::vectorized_elementwise_kernel<4, at::native::FillFunctor<int>, std::array<char*, 1ul> >(int, at::native::FillFunctor<int>, std::array<char*, 1ul>)",2561,2850336262643448,2850336262840890,0,0,8,0,16,256,1,1,16777216,1,1
"KERNEL_DISPATCH","Agent 4",1,0,5743,2562,221,"gemm_kernel_v2",2562,2850336262850490,2850336264593070,0,0,24,272,48,256,1,1,131072,1,1
"KERNEL_DISPATCH","Agent 4",1,0,5743,2563,117,"void at::native::vectorized_elementwise_kernel<4, at::native::FillFunctor<int>, std::array<char*, 1ul> >(int, at::native::FillFunctor<int>, std::array<char*, 1ul>)",2563,2850336264603470,2850336264806033,0,0,8,0,16,256,1,1,16777216,1,1
"KERNEL_DISPATCH","Agent 4",1,0,5743,2564,221,"gemm_kernel_v2",2564,2850336264815313,2850336266556133,0,0,24,272,48,256,1,1,131072,1,1
"KERNEL_DISPATCH","Agent 4",1,0,5743,2565,222,"gemm_kernel_v2",2565,2850336341945412,2850336343303667,0,0,116,4,48,512,1,1,262144,1,1
"KERNEL_DISPATCH","Agent 4",1,0,5743,2566,117,"void at::native::vectorized_elementwise_kernel<4, at::native::FillFunctor<int>, std::array<char*, 1ul> >(int, at::native::FillFunctor<int>, std::array<char*, 1ul>)",2566,2850336343382867,2850336343585750,0,0,8,0,16,256,1,1,16777216,1,1
"KERNEL_DISPATCH","Agent 4",1,0,5743,2567,222,"gemm_kernel_v2",2567,2850336343585750,2850336344933925,0,0,116,4,48,512,1,1,262144,1,1
"KERNEL_DISPATCH","Agent 4",1,0,5743,2568,117,"void at::native::vectorized_elementwise_kernel<4, at::native::FillFunctor<int>, std::array<char*, 1ul> >(int, at::native::FillFunctor<int>, std::array<char*, 1ul>)",2568,2850336344933925,2850336345135688,0,0,8,0,16,256,1,1,16777216,1,1
"KERNEL_DISPATCH","Agent 4",1,0,5743,2569,222,"gemm_kernel_v2",2569,2850336345135688,2850336346484024,0,0,116,4,48,512,1,1,262144,1,1
"KERNEL_DISPATCH","Agent 4",1,0,5743,2570,117,"void at::native::vectorized_elementwise_kernel<4, at::native::FillFunctor<int>, std::array<char*, 1ul> >(int, at::native::FillFunctor<int>, std::array<char*, 1ul>)",2570,2850336346484024,2850336346688666,0,0,8,0,16,256,1,1,16777216,1,1
"KERNEL_DISPATCH","Agent 4",1,0,5743,2571,222,"gemm_kernel_v2",2571,2850336346688666,2850336348034282,0,0,116,4,48,512,1,1,262144,1,1
"KERNEL_DISPATCH","Agent 4",1,0,5743,2572,117,"void at::native::vectorized_elementwise_kernel<4, at::native::FillFunctor<int>, std::array<char*, 1ul> >(int, at::native::FillFunctor<int>, std::array<char*, 1ul>)",2572,2850336348034282,2850336348234604,0,0,8,0,16,256,1,1,16777216,1,1
"KERNEL_DISPATCH","Agent 4",1,0,5743,2573,222,"gemm_kernel_v2",2573,2850336348234604,2850336349580380,0,0,116,4,48,512,1,1,262144,1,1
"KERNEL_DISPATCH","Agent 4",1,0,5743,2574,117,"void at::native::vectorized_elementwise_kernel<4, at::native::FillFunctor<int>, std::array<char*, 1ul> >(int, at::native::FillFunctor<int>, std::array<char*, 1ul>)",2574,2850336349580380,2850336349781662,0,0,8,0,16,256,1,1,16777216,1,1
"KERNEL_DISPATCH","Agent 4",1,0,5743,2575,222,"gemm_kernel_v2",2575,2850336349781662,2850336351131278,0,0,116,4,48,512,1,1,262144,1,1
"KERNEL_DISPATCH","Agent 4",1,0,5743,2576,222,"gemm_kernel_v2",2576,2850336351345840,2850336352698016,0,0,116,4,48,512,1,1,262144,1,1
"KERNEL_DISPATCH","Agent 4",1,0,5743,2577,222,"gemm_kernel_v2",2577,2850336352698016,2850336354049392,0,0,116,4,48,512,1,1,262144,1,1
"KERNEL_DISPATCH","Agent 4",1,0,5743,2578,222,"gemm_kernel_v2",2578,2850336354049392,2850336355398048,0,0,116,4,48,512,1,1,262144,1,1
"KERNEL_DISPATCH","Agent 4",1,0,5743,2579,222,"gemm_kernel_v2",2579,2850336355398048,2850336356746383,0,0,116,4,48,512,1,1,262144,1,1
"KERNEL_DISPATCH","Agent 4",1,0,5743,2580,222,"gemm_kernel_v2",2580,2850336356746383,2850336358097439,0,0,116,4,48,512,1,1,262144,1,1
"KERNEL_DISPATCH","Agent 4",1,0,5743,2581,222,"gemm_kernel_v2",2581,2850336358097439,2850336359445295,0,0,116,4,48,512,1,1,262144,1,1
"KERNEL_DISPATCH","Agent 4",1,0,5743,2582,222,"gemm_kernel_v2",2582,2850336359445295,2850336360798271,0,0,116,4,48,512,1,1,262144,1,1
"KERNEL_DISPATCH","Agent 4",1,0,5743,2583,222,"gemm_kernel_v2",2583,2850336360798271,2850336362146126,0,0,116,4,48,512,1,1,262144,1,1
"KERNEL_DISPATCH","Agent 4",1,0,5743,2584,222,"gemm_kernel_v2",2584,2850336362146126,2850336363497982,0,0,116,4,48,512,1,1,262144,1,1
"KERNEL_DISPATCH","Agent 4",1,0,5743,2585,222,"gemm_kernel_v2",2585,2850336363497982,2850336364848078,0,0,116,4,48,512,1,1,262144,1,1
"KERNEL_DISPATCH","Agent 4",1,0,5743,2586,222,"gemm_kernel_v2",2586,2850336364848078,2850336366198014,0,0,116,4,48,512,1,1,262144,1,1
"KERNEL_DISPATCH","Agent 4",1,0,5743,2587,222,"gemm_kernel_v2",2587,2850336366198014,2850336367553229,0,0,116,4,48,512,1,1,262144,1,1
"KERNEL_DISPATCH","Agent 4",1,0,5743,2588,222,"gemm_kernel_v2",2588,2850336367553229,2850336368902205,0,0,116,4,48,512,1,1,262144,1,1
"KERNEL_DISPATCH","Agent 4",1,0,5743,2589,222,"gemm_kernel_v2",2589,2850336368902205,2850336370251181,0,0,116,4,48,512,1,1,262144,1,1
"KERNEL_DISPATCH","Agent 4",1,0,5743,2590,222,"gemm_kernel_v2",2590,2850336370251181,2850336371604317,0,0,116,4,48,512,1,1,262144,1,1
"KERNEL_DISPATCH","Agent 4",1,0,5743,2591,222,"gemm_kernel_v2",2591,2850336371604317,2850336372960012,0,0,116,4,48,512,1,1,262144,1,1
"KERNEL_DISPATCH","Agent 4",1,0,5743,2592,117,"void at::native::vectorized_elementwise_kernel<4, at::native::FillFunctor<int>, std::array<char*, 1ul> >(int, at::native::FillFunctor<int>, std::array<char*, 1ul>)",2592,2850336372960012,2850336373161295,0,0,8,0,16,256,1,1,16777216,1,1
"KERNEL_DISPATCH","Agent 4",1,0,5743,2593,222,"gemm_kernel_v2",2593,2850336373173135,2850336374526271,0,0,116,4,48,512,1,1,262144,1,1
"KERNEL_DISPATCH","Agent 4",1,0,5743,2594,117,"void at::native::vectorized_elementwise_kernel<4, at::native::FillFunctor<int>, std::array<char*, 1ul> >(int, at::native::FillFunctor<int>, std::array<char*, 1ul>)",2594,2850336374536831,2850336374735713,0,0,8,0,16,256,1,1,16777216,1,1
"KERNEL_DISPATCH","Agent 4",1,0,5743,2595,222,"gemm_kernel_v2",2595,2850336374745473,2850336376096049,0,0,116,4,48,512,1,1,262144,1,1
"KERNEL_DISPATCH","Agent 4",1,0,5743,2596,117,"void at::native::vectorized_elementwise_kernel<4, at::native::FillFunctor<int>, std::array<char*, 1ul> >(int, at::native::FillFunctor<int>, std::array<char*, 1ul>)",2596,2850336376106609,2850336376309331,0,0,8,0,16,256,1,1,16777216,1,1
"KERNEL_DISPATCH","Agent 4",1,0,5743,2597,222,"gemm_kernel_v2",2597,2850336376318612,2850336377672067,0,0,116,4,48,512,1,1,262144,1,1
"KERNEL_DISPATCH","Agent 4",1,0,5743,2598,117,"void at::native::vectorized_elementwise_kernel<4, at::native::FillFunctor<int>, std::array<char*, 1ul> >(int, at::native::FillFunctor<int>, std::array<char*, 1ul>)",2598,2850336377682307,2850336377881510,0,0,8,0,16,256,1,1,16777216,1,1
"KERNEL_DISPATCH","Agent 4",1,0,5743,2599,222,"gemm_kernel_v2",2599,2850336377891110,2850336379243766,0,0,116,4,48,512,1,1,262144,1,1
"KERNEL_DISPATCH","Agent 4",1,0,5743,2600,117,"void at::native::vectorized_elementwise_kernel<4, at::native::FillFunctor<int>, std::array<char*, 1ul> >(int, at::native::FillFunctor<int>, std::array<char*, 1ul>)",2600,2850336379254646,2850336379455608,0,0,8,0,16,256,1,1,16777216,1,1
"KERNEL_DISPATCH","Agent 4",1,0,5743,2601,222,"gemm_kernel_v2",2601,2850336379465528,2850336380818504,0,0,116,4,48,512,1,1,262144,1,1
"KERNEL_DISPATCH","Agent 4",1,0,5743,2602,117,"void at::native::vectorized_elementwise_kernel<4, at::native::FillFunctor<int>, std::array<char*, 1ul> >(int, at::native::FillFunctor<int>, std::array<char*, 1ul>)",2602,2850336380829064,2850336381031307,0,0,8,0,16,256,1,1,16777216,1,1
"KERNEL_DISPATCH","Agent 4",1,0,5743,2603,222,"gemm_kernel_v2",2603,2850336381041227,2850336382392282,0,0,116,4,48,512,1,1,262144,1,1
"KERNEL_DISPATCH","Agent 4",1,0,5743,2604,117,"void at::native::vectorized_elementwise_kernel<4, at::native::FillFunctor<int>, std::array<char*, 1ul> >(int, at::native::FillFunctor<int>, std::array<char*, 1ul>)",2604,2850336382402683,2850336382600445,0,0,8,0,16,256,1,1,16777216,1,1
"KERNEL_DISPATCH","Agent 4",1,0,5743,2605,222,"gemm_kernel_v2",2605,2850336382610045,2850336383961261,0,0,116,4,48,512,1,1,262144,1,1
"KERNEL_DISPATCH","Agent 4",1,0,5743,2606,117,"void at::native::vectorized_elementwise_kernel<4, at::native::FillFunctor<int>, std::array<char*, 1ul> >(int, at::native::FillFunctor<int>, std::array<char*, 1ul>)",2606,2850336383972621,2850336384167663,0,0,8,0,16,256,1,1,16777216,1,1
"KERNEL_DISPATCH","Agent 4",1,0,5743,2607,222,"gemm_kernel_v2",2607,2850336384177743,2850336385531679,0,0,116,4,48,512,1,1,262144,1,1
"KERNEL_DISPATCH","Agent 4",1,0,5743,2608,117,"void at::native::vectorized_elementwise_kernel<4, at::native::FillFunctor<int>, std::array<char*, 1ul> >(int, at::native::FillFunctor<int>, std::array<char*, 1ul>)",2608,2850336385542399,2850336385746882,0,0,8,0,16,256,1,1,16777216,1,1
"KERNEL_DISPATCH","Agent 4",1,0,5743,2609,222,"gemm_kernel_v2",2609,2850336385756962,2850336387115378,0,0,116,4,48,512,1,1,262144,1,1
"KERNEL_DISPATCH","Agent 4",1,0,5743,2610,117,"void at::native::vectorized_elementwise_kernel<4, at::native::FillFunctor<int>, std::array<char*, 1ul> >(int, at::native::FillFunctor<int>, std::array<char*, 1ul>)",2610,2850336387125778,2850336387328020,0,0,8,0,16,256,1,1,16777216,1,1
"KERNEL_DISPATCH","Agent 4",1,0,5743,2611,222,"gemm_kernel_v2",2611,2850336387337620,2850336388690116,0,0,116,4,48,512,1,1,262144,1,1
"KERNEL_DISPATCH","Agent 4",1,0,5743,2612,117,"void at::native::vectorized_elementwise_kernel<4, at::native::FillFunctor<int>, std::array<char*, 1ul> >(int, at::native::FillFunctor<int>, std::array<char*, 1ul>)",2612,2850336388700676,2850336388904518,0,0,8,0,16,256,1,1,16777216,1,1
"KERNEL_DISPATCH","Agent 4",1,0,5743,2613,222,"gemm_kernel_v2",2613,2850336388914119,2850336390266614,0,0,116,4,48,512,1,1,262144,1,1
"KERNEL_DISPATCH","Agent 4",1,0,5743,2614,117,"void at::native::vectorized_elementwise_kernel<4, at::native::FillFunctor<int>, std::array<char*, 1ul> >(int, at::native::FillFunctor<int>, std::array<char*, 1ul>)",2614,2850336390277174,2850336390480857,0,0,8,0,16,256,1,1,16777216,1,1
"KERNEL_DISPATCH","Agent 4",1,0,5743,2615,222,"gemm_kernel_v2",2615,2850336390490617,2850336391848073,0,0,116,4,48,512,1,1,262144,1,1
"KERNEL_DISPATCH","Agent 4",1,0,5743,2616,117,"void at::native::vectorized_elementwise_kernel<4, at::native::FillFunctor<int>, std::array<char*, 1ul> >(int, at::native::FillFunctor<int>, std::array<char*, 1ul>)",2616,2850336391858793,2850336392062155,0,0,8,0,16,256,1,1,16777216,1,1
"KERNEL_DISPATCH","Agent 4",1,0,5743,2617,222,"gemm_kernel_v2",2617,2850336392071435,2850336393418811,0,0,116,4,48,512,1,1,262144,1,1
"KERNEL_DISPATCH","Agent 4",1,0,5743,2618,117,"void at::native::vectorized_elementwise_kernel<4, at::native::FillFunctor<int>, std::array<char*, 1ul> >(int, at::native::FillFunctor<int>, std::array<char*, 1ul>)",2618,2850336393429531,2850336393628254,0,0,8,0,16,256,1,1,16777216,1,1
"KERNEL_DISPATCH","Agent 4",1,0,5743,2619,222,"gemm_kernel_v2",2619,2850336393637854,2850336394990349,0,0,116,4,48,512,1,1,262144,1,1
"KERNEL_DISPATCH","Agent 4",1,0,5743,2620,117,"void at::native::vectorized_elementwise_kernel<4, at::native::FillFunctor<int>, std::array<char*, 1ul> >(int, at::native::FillFunctor<int>, std::array<char*, 1ul>)",2620,2850336395001070,2850336395199952,0,0,8,0,16,256,1,1,16777216,1,1
"KERNEL_DISPATCH","Agent 4",1,0,5743,2621,222,"gemm_kernel_v2",2621,2850336395209552,2850336396566368,0,0,116,4,48,512,1,1,262144,1,1
"KERNEL_DISPATCH","Agent 4",1,0,5743,2622,117,"void at::native::vectorized_elementwise_kernel<4, at::native::FillFunctor<int>, std::array<char*, 1ul> >(int, at::native::FillFunctor<int>, std::array<char*, 1ul>)",2622,2850336396576768,2850336396776450,0,0,8,0,16,256,1,1,16777216,1,1
"KERNEL_DISPATCH","Agent 4",1,0,5743,2623,222,"gemm_kernel_v2",2623,2850336396786210,2850336398140626,0,0,116,4,48,512,1,1,262144,1,1
"KERNEL_DISPATCH","Agent 4",1,0,5743,2624,117,"void at::native::vectorized_elementwise_kernel<4, at::native::FillFunctor<int>, std::array<char*, 1ul> >(int, at::native::FillFunctor<int>, std::array<char*, 1ul>)",2624,2850336398151186,2850336398350389,0,0,8,0,16,256,1,1,16777216,1,1
"KERNEL_DISPATCH","Agent 4",1,0,5743,2625,222,"gemm_kernel_v2",2625,2850336398359989,2850336399709764,0,0,116,4,48,512,1,1,262144,1,1
"KERNEL_DISPATCH","Agent 4",1,0,5743,2626,117,"void at::native::vectorized_elementwise_kernel<4, at::native::FillFunctor<int>, std::array<char*, 1ul> >(int, at::native::FillFunctor<int>, std::array<char*, 1ul>)",2626,2850336399720325,2850336399921447,0,0,8,0,16,256,1,1,16777216,1,1
"KERNEL_DISPATCH","Agent 4",1,0,5743,2627,222,"gemm_kernel_v2",2627,2850336399931367,2850336401284503,0,0,116,4,48,512,1,1,262144,1,1
"KERNEL_DISPATCH","Agent 4",1,0,5743,2628,117,"void at::native::vectorized_elementwise_kernel<4, at::native::FillFunctor<int>, std::array<char*, 1ul> >(int, at::native::FillFunctor<int>, std::array<char*, 1ul>)",2628,2850336401294903,2850336401494265,0,0,8,0,16,256,1,1,16777216,1,1
"KERNEL_DISPATCH","Agent 4",1,0,5743,2629,222,"gemm_kernel_v2",2629,2850336401504025,2850336402857161,0,0,116,4,48,512,1,1,262144,1,1
"KERNEL_DISPATCH","Agent 4",1,0,5743,2630,117,"void at::native::vectorized_elementwise_kernel<4, at::native::FillFunctor<int>, std::array<char*, 1ul> >(int, at::native::FillFunctor<int>, std::array<char*, 1ul>)",2630,2850336402867401,2850336403065644,0,0,8,0,16,256,1,1,16777216,1,1
"KERNEL_DISPATCH","Agent 4",1,0,5743,2631,222,"gemm_kernel_v2",2631,2850336403075084,2850336404427899,0,0,116,4,48,512,1,1,262144,1,1
"KERNEL_DISPATCH","Agent 4",1,0,5743,2632,117,"void at::native::vectorized_elementwise_kernel<4, at::native::FillFunctor<int>, std::array<char*, 1ul> >(int, at::native::FillFunctor<int>, std::array<char*, 1ul>)",2632,2850336404438300,2850336404642142,0,0,8,0,16,256,1,1,16777216,1,1
"KERNEL_DISPATCH","Agent 4",1,0,5743,2633,222,"gemm_kernel_v2",2633,2850336404651995,2850336406005610,0,0,116,4,48,512,1,1,262144,1,1
"KERNEL_DISPATCH","Agent 4",1,0,5743,2634,117,"void at::native::vectorized_elementwise_kernel<4, at::native::FillFunctor<int>, std::array<char*, 1ul> >(int, at::native::FillFunctor<int>, std::array<char*, 1ul>)",2634,2850336406016170,2850336406215372,0,0,8,0,16,256,1,1,16777216,1,1
"KERNEL_DISPATCH","Agent 4",1,0,5743,2635,222,"gemm_kernel_v2",2635,2850336406225132,2850336407580028,0,0,116,4,48,512,1,1,262144,1,1
"KERNEL_DISPATCH","Agent 4",1,0,5743,2636,117,"void at::native::vectorized_elementwise_kernel<4, at::native::FillFunctor<int>, std::array<char*, 1ul> >(int, at::native::FillFunctor<int>, std::array<char*, 1ul>)",2636,2850336407590588,2850336407791870,0,0,8,0,16,256,1,1,16777216,1,1
"KERNEL_DISPATCH","Agent 4",1,0,5743,2637,222,"gemm_kernel_v2",2637,2850336407801310,2850336409155086,0,0,116,4,48,512,1,1,262144,1,1
"KERNEL_DISPATCH","Agent 4",1,0,5743,2638,117,"void at::native::vectorized_elementwise_kernel<4, at::native::FillFunctor<int>, std::array<char*, 1ul> >(int, at::native::FillFunctor<int>, std::array<char*, 1ul>)",2638,2850336409165806,2850336409369329,0,0,8,0,16,256,1,1,16777216,1,1
"KERNEL_DISPATCH","Agent 4",1,0,5743,2639,222,"gemm_kernel_v2",2639,2850336409379089,2850336410733985,0,0,116,4,48,512,1,1,262144,1,1
"KERNEL_DISPATCH","Agent 4",1,0,5743,2640,117,"void at::native::vectorized_elementwise_kernel<4, at::native::FillFunctor<int>, std::array<char*, 1ul> >(int, at::native::FillFunctor<int>, std::array<char*, 1ul>)",2640,2850336410744705,2850336410946467,0,0,8,0,16,256,1,1,16777216,1,1
"KERNEL_DISPATCH","Agent 4",1,0,5743,2641,222,"gemm_kernel_v2",2641,2850336410956227,2850336412305843,0,0,116,4,48,512,1,1,262144,1,1
"KERNEL_DISPATCH","Agent 4",1,0,5743,2642,117,"void at::native::vectorized_elementwise_kernel<4, at::native::FillFunctor<int>, std::array<char*, 1ul> >(int, at::native::FillFunctor<int>, std::array<char*, 1ul>)",2642,2850336412316403,2850336412520245,0,0,8,0,16,256,1,1,16777216,1,1
"KERNEL_DISPATCH","Agent 4",1,0,5743,2643,222,"gemm_kernel_v2",2643,2850336412530006,2850336413879461,0,0,116,4,48,512,1,1,262144,1,1
"KERNEL_DISPATCH","Agent 4",1,0,5743,2644,117,"void at::native::vectorized_elementwise_kernel<4, at::native::FillFunctor<int>, std::array<char*, 1ul> >(int, at::native::FillFunctor<int>, std::array<char*, 1ul>)",2644,2850336413890021,2850336414090024,0,0,8,0,16,256,1,1,16777216,1,1
"KERNEL_DISPATCH","Agent 4",1,0,5743,2645,222,"gemm_kernel_v2",2645,2850336414099944,2850336415451480,0,0,116,4,48,512,1,1,262144,1,1
"KERNEL_DISPATCH","Agent 4",1,0,5743,2646,117,"void at::native::vectorized_elementwise_kernel<4, at::native::FillFunctor<int>, std::array<char*, 1ul> >(int, at::native::FillFunctor<int>, std::array<char*, 1ul>)",2646,2850336415462200,2850336415662202,0,0,8,0,16,256,1,1,16777216,1,1
"KERNEL_DISPATCH","Agent 4",1,0,5743,2647,222,"gemm_kernel_v2",2647,2850336415672282,2850336417022858,0,0,116,4,48,512,1,1,262144,1,1
"KERNEL_DISPATCH","Agent 4",1,0,5743,2648,117,"void at::native::vectorized_elementwise_kernel<4, at::native::FillFunctor<int>, std::array<char*, 1ul> >(int, at::native::FillFunctor<int>, std::array<char*, 1ul>)",2648,2850336417033418,2850336417236460,0,0,8,0,16,256,1,1,16777216,1,1
"KERNEL_DISPATCH","Agent 4",1,0,5743,2649,222,"gemm_kernel_v2",2649,2850336417245741,2850336418599356,0,0,116,4,48,512,1,1,262144,1,1
"KERNEL_DISPATCH","Agent 4",1,0,5743,2650,117,"void at::native::vectorized_elementwise_kernel<4, at::native::FillFunctor<int>, std::array<char*, 1ul> >(int, at::native::FillFunctor<int>, std::array<char*, 1ul>)",2650,2850336418609917,2850336418810719,0,0,8,0,16,256,1,1,16777216,1,1
"KERNEL_DISPATCH","Agent 4",1,0,5743,2651,222,"gemm_kernel_v2",2651,2850336418820479,2850336420172175,0,0,116,4,48,512,1,1,262144,1,1
"KERNEL_DISPATCH","Agent 4",1,0,5743,2652,117,"void at::native::vectorized_elementwise_kernel<4, at::native::FillFunctor<int>, std::array<char*, 1ul> >(int, at::native::FillFunctor<int>, std::array<char*, 1ul>)",2652,2850336420182735,2850336420381937,0,0,8,0,16,256,1,1,16777216,1,1
"KERNEL_DISPATCH","Agent 4",1,0,5743,2653,222,"gemm_kernel_v2",2653,2850336420391537,2850336421748673,0,0,116,4,48,512,1,1,262144,1,1
"KERNEL_DISPATCH","Agent 4",1,0,5743,2654,117,"void at::native::vectorized_elementwise_kernel<4, at::native::FillFunctor<int>, std::array<char*, 1ul> >(int, at::native::FillFunctor<int>, std::array<char*, 1ul>)",2654,2850336421759233,2850336421962276,0,0,8,0,16,256,1,1,16777216,1,1
"KERNEL_DISPATCH","Agent 4",1,0,5743,2655,222,"gemm_kernel_v2",2655,2850336421972036,2850336423324852,0,0,116,4,48,512,1,1,262144,1,1
"KERNEL_DISPATCH","Agent 4",1,0,5743,2656,117,"void at::native::vectorized_elementwise_kernel<4, at::native::FillFunctor<int>, std::array<char*, 1ul> >(int, at::native::FillFunctor<int>, std::array<char*, 1ul>)",2656,2850336423335252,2850336423536534,0,0,8,0,16,256,1,1,16777216,1,1
"KERNEL_DISPATCH","Agent 4",1,0,5743,2657,222,"gemm_kernel_v2",2657,2850336423545974,2850336424899430,0,0,116,4,48,512,1,1,262144,1,1
"KERNEL_DISPATCH","Agent 4",1,0,5743,2658,117,"void at::native::vectorized_elementwise_kernel<4, at::native::FillFunctor<int>, std::array<char*, 1ul> >(int, at::native::FillFunctor<int>, std::array<char*, 1ul>)",2658,2850336424909670,2850336425109192,0,0,8,0,16,256,1,1,16777216,1,1
"KERNEL_DISPATCH","Agent 4",1,0,5743,2659,222,"gemm_kernel_v2",2659,2850336425118953,2850336426469688,0,0,116,4,48,512,1,1,262144,1,1
"KERNEL_DISPATCH","Agent 4",1,0,5743,2660,117,"void at::native::vectorized_elementwise_kernel<4, at::native::FillFunctor<int>, std::array<char*, 1ul> >(int, at::native::FillFunctor<int>, std::array<char*, 1ul>)",2660,2850336426480248,2850336426678011,0,0,8,0,16,256,1,1,16777216,1,1
"KERNEL_DISPATCH","Agent 4",1,0,5743,2661,222,"gemm_kernel_v2",2661,2850336426687611,2850336428040427,0,0,116,4,48,512,1,1,262144,1,1
"KERNEL_DISPATCH","Agent 4",1,0,5743,2662,117,"void at::native::vectorized_elementwise_kernel<4, at::native::FillFunctor<int>, std::array<char*, 1ul> >(int, at::native::FillFunctor<int>, std::array<char*, 1ul>)",2662,2850336428050987,2850336428255629,0,0,8,0,16,256,1,1,16777216,1,1
"KERNEL_DISPATCH","Agent 4",1,0,5743,2663,222,"gemm_kernel_v2",2663,2850336428265389,2850336429619005,0,0,116,4,48,512,1,1,262144,1,1
"KERNEL_DISPATCH","Agent 4",1,0,5743,2664,117,"void at::native::vectorized_elementwise_kernel<4, at::native::FillFunctor<int>, std::array<char*, 1ul> >(int, at::native::FillFunctor<int>, std::array<char*, 1ul>)",2664,2850336429629565,2850336429831808,0,0,8,0,16,256,1,1,16777216,1,1
"KERNEL_DISPATCH","Agent 4",1,0,5743,2665,222,"gemm_kernel_v2",2665,2850336429841568,2850336431194063,0,0,116,4,48,512,1,1,262144,1,1
"KERNEL_DISPATCH","Agent 4",1,0,5743,2666,117,"void at::native::vectorized_elementwise_kernel<4, at::native::FillFunctor<int>, std::array<char*, 1ul> >(int, at::native::FillFunctor<int>, std::array<char*, 1ul>)",2666,2850336431204784,2850336431407666,0,0,8,0,16,256,1,1,16777216,1,1
"KERNEL_DISPATCH","Agent 4",1,0,5743,2667,222,"gemm_kernel_v2",2667,2850336431417586,2850336432767682,0,0,116,4,48,512,1,1,262144,1,1
"KERNEL_DISPATCH","Agent 4",1,0,5743,2668,117,"void at::native::vectorized_elementwise_kernel<4, at::native::FillFunctor<int>, std::array<char*, 1ul> >(int, at::native::FillFunctor<int>, std::array<char*, 1ul>)",2668,2850336432778402,2850336432977284,0,0,8,0,16,256,1,1,16777216,1,1
"KERNEL_DISPATCH","Agent 4",1,0,5743,2669,222,"gemm_kernel_v2",2669,2850336432986564,2850336434340340,0,0,116,4,48,512,1,1,262144,1,1
"KERNEL_DISPATCH","Agent 4",1,0,5743,2670,117,"void at::native::vectorized_elementwise_kernel<4, at::native::FillFunctor<int>, std::array<char*, 1ul> >(int, at::native::FillFunctor<int>, std::array<char*, 1ul>)",2670,2850336434351060,2850336434552023,0,0,8,0,16,256,1,1,16777216,1,1
"KERNEL_DISPATCH","Agent 4",1,0,5743,2671,222,"gemm_kernel_v2",2671,2850336434561303,2850336435914919,0,0,116,4,48,512,1,1,262144,1,1
"KERNEL_DISPATCH","Agent 4",1,0,5743,2672,117,"void at::native::vectorized_elementwise_kernel<4, at::native::FillFunctor<int>, std::array<char*, 1ul> >(int, at::native::FillFunctor<int>, std::array<char*, 1ul>)",2672,2850336435925479,2850336436123721,0,0,8,0,16,256,1,1,16777216,1,1
"KERNEL_DISPATCH","Agent 4",1,0,5743,2673,222,"gemm_kernel_v2",2673,2850336436133481,2850336437487737,0,0,116,4,48,512,1,1,262144,1,1
"KERNEL_DISPATCH","Agent 4",1,0,5743,2674,117,"void at::native::vectorized_elementwise_kernel<4, at::native::FillFunctor<int>, std::array<char*, 1ul> >(int, at::native::FillFunctor<int>, std::array<char*, 1ul>)",2674,2850336437498457,2850336437698939,0,0,8,0,16,256,1,1,16777216,1,1
"KERNEL_DISPATCH","Agent 4",1,0,5743,2675,222,"gemm_kernel_v2",2675,2850336437709020,2850336439062635,0,0,116,4,48,512,1,1,262144,1,1
"KERNEL_DISPATCH","Agent 4",1,0,5743,2676,117,"void at::native::vectorized_elementwise_kernel<4, at::native::FillFunctor<int>, std::array<char*, 1ul> >(int, at::native::FillFunctor<int>, std::array<char*, 1ul>)",2676,2850336439073355,2850336439271118,0,0,8,0,16,256,1,1,16777216,1,1
"KERNEL_DISPATCH","Agent 4",1,0,5743,2677,222,"gemm_kernel_v2",2677,2850336439281518,2850336440636734,0,0,116,4,48,512,1,1,262144,1,1
"KERNEL_DISPATCH","Agent 4",1,0,5743,2678,117,"void at::native::vectorized_elementwise_kernel<4, at::native::FillFunctor<int>, std::array<char*, 1ul> >(int, at::native::FillFunctor<int>, std::array<char*, 1ul>)",2678,2850336440647454,2850336440848256,0,0,8,0,16,256,1,1,16777216,1,1
"KERNEL_DISPATCH","Agent 4",1,0,5743,2679,222,"gemm_kernel_v2",2679,2850336440857696,2850336442211632,0,0,116,4,48,512,1,1,262144,1,1
"KERNEL_DISPATCH","Agent 4",1,0,5743,2680,117,"void at::native::vectorized_elementwise_kernel<4, at::native::FillFunctor<int>, std::array<char*, 1ul> >(int, at::native::FillFunctor<int>, std::array<char*, 1ul>)",2680,2850336442222192,2850336442424275,0,0,8,0,16,256,1,1,16777216,1,1
"KERNEL_DISPATCH","Agent 4",1,0,5743,2681,222,"gemm_kernel_v2",2681,2850336442434035,2850336443787971,0,0,116,4,48,512,1,1,262144,1,1
"KERNEL_DISPATCH","Agent 4",1,0,5743,2682,117,"void at::native::vectorized_elementwise_kernel<4, at::native::FillFunctor<int>, std::array<char*, 1ul> >(int, at::native::FillFunctor<int>, std::array<char*, 1ul>)",2682,2850336443798851,2850336443999493,0,0,8,0,16,256,1,1,16777216,1,1
"KERNEL_DISPATCH","Agent 4",1,0,5743,2683,222,"gemm_kernel_v2",2683,2850336444009093,2850336445362709,0,0,116,4,48,512,1,1,262144,1,1
"KERNEL_DISPATCH","Agent 4",1,0,5743,2684,117,"void at::native::vectorized_elementwise_kernel<4, at::native::FillFunctor<int>, std::array<char*, 1ul> >(int, at::native::FillFunctor<int>, std::array<char*, 1ul>)",2684,2850336445373589,2850336445573911,0,0,8,0,16,256,1,1,16777216,1,1
"KERNEL_DISPATCH","Agent 4",1,0,5743,2685,222,"gemm_kernel_v2",2685,2850336445583672,2850336446936487,0,0,116,4,48,512,1,1,262144,1,1
"KERNEL_DISPATCH","Agent 4",1,0,5743,2686,117,"void at::native::vectorized_elementwise_kernel<4, at::native::FillFunctor<int>, std::array<char*, 1ul> >(int, at::native::FillFunctor<int>, std::array<char*, 1ul>)",2686,2850336446947047,2850336447148330,0,0,8,0,16,256,1,1,16777216,1,1
"KERNEL_DISPATCH","Agent 4",1,0,5743,2687,222,"gemm_kernel_v2",2687,2850336447157930,2850336448511066,0,0,116,4,48,512,1,1,262144,1,1
"KERNEL_DISPATCH","Agent 4",1,0,5743,2688,117,"void at::native::vectorized_elementwise_kernel<4, at::native::FillFunctor<int>, std::array<char*, 1ul> >(int, at::native::FillFunctor<int>, std::array<char*, 1ul>)",2688,2850336448522266,2850336448724348,0,0,8,0,16,256,1,1,16777216,1,1
"KERNEL_DISPATCH","Agent 4",1,0,5743,2689,222,"gemm_kernel_v2",2689,2850336448733628,2850336450087404,0,0,116,4,48,512,1,1,262144,1,1
"KERNEL_DISPATCH","Agent 4",1,0,5743,2690,117,"void at::native::vectorized_elementwise_kernel<4, at::native::FillFunctor<int>, std::array<char*, 1ul> >(int, at::native::FillFunctor<int>, std::array<char*, 1ul>)",2690,2850336450097804,2850336450300207,0,0,8,0,16,256,1,1,16777216,1,1
"KERNEL_DISPATCH","Agent 4",1,0,5743,2691,222,"gemm_kernel_v2",2691,2850336450309967,2850336451662622,0,0,116,4,48,512,1,1,262144,1,1
"KERNEL_DISPATCH","Agent 4",1,0,5743,2692,117,"void at::native::vectorized_elementwise_kernel<4, at::native::FillFunctor<int>, std::array<char*, 1ul> >(int, at::native::FillFunctor<int>, std::array<char*, 1ul>)",2692,2850336451673343,2850336451874465,0,0,8,0,16,256,1,1,16777216,1,1
"KERNEL_DISPATCH","Agent 4",1,0,5743,2693,222,"gemm_kernel_v2",2693,2850336451883905,2850336453237041,0,0,116,4,48,512,1,1,262144,1,1
"KERNEL_DISPATCH","Agent 4",1,0,5743,2694,117,"void at::native::vectorized_elementwise_kernel<4, at::native::FillFunctor<int>, std::array<char*, 1ul> >(int, at::native::FillFunctor<int>, std::array<char*, 1ul>)",2694,2850336453247601,2850336453448083,0,0,8,0,16,256,1,1,16777216,1,1
"KERNEL_DISPATCH","Agent 4",1,0,5743,2695,222,"gemm_kernel_v2",2695,2850336453458003,2850336454810179,0,0,116,4,48,512,1,1,262144,1,1
"KERNEL_DISPATCH","Agent 4",1,0,5743,2696,117,"void at::native::vectorized_elementwise_kernel<4, at::native::FillFunctor<int>, std::array<char*, 1ul> >(int, at::native::FillFunctor<int>, std::array<char*, 1ul>)",2696,2850336454820739,2850336455024102,0,0,8,0,16,256,1,1,16777216,1,1
"KERNEL_DISPATCH","Agent 4",1,0,5743,2697,222,"gemm_kernel_v2",2697,2850336455033542,2850336456389878,0,0,116,4,48,512,1,1,262144,1,1
"KERNEL_DISPATCH","Agent 4",1,0,5743,2698,117,"void at::native::vectorized_elementwise_kernel<4, at::native::FillFunctor<int>, std::array<char*, 1ul> >(int, at::native::FillFunctor<int>, std::array<char*, 1ul>)",2698,2850336456400278,2850336456601240,0,0,8,0,16,256,1,1,16777216,1,1
"KERNEL_DISPATCH","Agent 4",1,0,5743,2699,222,"gemm_kernel_v2",2699,2850336456610840,2850336457964136,0,0,116,4,48,512,1,1,262144,1,1
"KERNEL_DISPATCH","Agent 4",1,0,5743,2700,117,"void at::native::vectorized_elementwise_kernel<4, at::native::FillFunctor<int>, std::array<char*, 1ul> >(int, at::native::FillFunctor<int>, std::array<char*, 1ul>)",2700,2850336457974856,2850336458172139,0,0,8,0,16,256,1,1,16777216,1,1
"KERNEL_DISPATCH","Agent 4",1,0,5743,2701,222,"gemm_kernel_v2",2701,2850336458181739,2850336459533434,0,0,116,4,48,512,1,1,262144,1,1
"KERNEL_DISPATCH","Agent 4",1,0,5743,2702,117,"void at::native::vectorized_elementwise_kernel<4, at::native::FillFunctor<int>, std::array<char*, 1ul> >(int, at::native::FillFunctor<int>, std::array<char*, 1ul>)",2702,2850336459543835,2850336459743357,0,0,8,0,16,256,1,1,16777216,1,1
"KERNEL_DISPATCH","Agent 4",1,0,5743,2703,222,"gemm_kernel_v2",2703,2850336459752797,2850336461102573,0,0,116,4,48,512,1,1,262144,1,1
"KERNEL_DISPATCH","Agent 4",1,0,5743,2704,117,"void at::native::vectorized_elementwise_kernel<4, at::native::FillFunctor<int>, std::array<char*, 1ul> >(int, at::native::FillFunctor<int>, std::array<char*, 1ul>)",2704,2850336461113133,2850336461312015,0,0,8,0,16,256,1,1,16777216,1,1
"KERNEL_DISPATCH","Agent 4",1,0,5743,2705,222,"gemm_kernel_v2",2705,2850336461321775,2850336462671711,0,0,116,4,48,512,1,1,262144,1,1
"KERNEL_DISPATCH","Agent 4",1,0,5743,2706,117,"void at::native::vectorized_elementwise_kernel<4, at::native::FillFunctor<int>, std::array<char*, 1ul> >(int, at::native::FillFunctor<int>, std::array<char*, 1ul>)",2706,2850336462682271,2850336462884834,0,0,8,0,16,256,1,1,16777216,1,1
"KERNEL_DISPATCH","Agent 4",1,0,5743,2707,222,"gemm_kernel_v2",2707,2850336462894434,2850336464245809,0,0,116,4,48,512,1,1,262144,1,1
"KERNEL_DISPATCH","Agent 4",1,0,5743,2708,117,"void at::native::vectorized_elementwise_kernel<4, at::native::FillFunctor<int>, std::array<char*, 1ul> >(int, at::native::FillFunctor<int>, std::array<char*, 1ul>)",2708,2850336464256370,2850336464457812,0,0,8,0,16,256,1,1,16777216,1,1
"KERNEL_DISPATCH","Agent 4",1,0,5743,2709,222,"gemm_kernel_v2",2709,2850336464468052,2850336465818948,0,0,116,4,48,512,1,1,262144,1,1
"KERNEL_DISPATCH","Agent 4",1,0,5743,2710,117,"void at::native::vectorized_elementwise_kernel<4, at::native::FillFunctor<int>, std::array<char*, 1ul> >(int, at::native::FillFunctor<int>, std::array<char*, 1ul>)",2710,2850336465829508,2850336466032550,0,0,8,0,16,256,1,1,16777216,1,1
"KERNEL_DISPATCH","Agent 4",1,0,5743,2711,222,"gemm_kernel_v2",2711,2850336466042310,2850336467399126,0,0,116,4,48,512,1,1,262144,1,1
"KERNEL_DISPATCH","Agent 4",1,0,5743,2712,117,"void at::native::vectorized_elementwise_kernel<4, at::native::FillFunctor<int>, std::array<char*, 1ul> >(int, at::native::FillFunctor<int>, std::array<char*, 1ul>)",2712,2850336467409686,2850336467609369,0,0,8,0,16,256,1,1,16777216,1,1
"KERNEL_DISPATCH","Agent 4",1,0,5743,2713,222,"gemm_kernel_v2",2713,2850336467619112,2850336468972727,0,0,116,4,48,512,1,1,262144,1,1
"KERNEL_DISPATCH","Agent 4",1,0,5743,2714,117,"void at::native::vectorized_elementwise_kernel<4, at::native::FillFunctor<int>, std::array<char*, 1ul> >(int, at::native::FillFunctor<int>, std::array<char*, 1ul>)",2714,2850336468983447,2850336469182329,0,0,8,0,16,256,1,1,16777216,1,1
"KERNEL_DISPATCH","Agent 4",1,0,5743,2715,222,"gemm_kernel_v2",2715,2850336469191769,2850336470543945,0,0,116,4,48,512,1,1,262144,1,1
"KERNEL_DISPATCH","Agent 4",1,0,5743,2716,117,"void at::native::vectorized_elementwise_kernel<4, at::native::FillFunctor<int>, std::array<char*, 1ul> >(int, at::native::FillFunctor<int>, std::array<char*, 1ul>)",2716,2850336470554505,2850336470751627,0,0,8,0,16,256,1,1,16777216,1,1
"KERNEL_DISPATCH","Agent 4",1,0,5743,2717,222,"gemm_kernel_v2",2717,2850336470761387,2850336472111323,0,0,116,4,48,512,1,1,262144,1,1
"KERNEL_DISPATCH","Agent 4",1,0,5743,2718,117,"void at::native::vectorized_elementwise_kernel<4, at::native::FillFunctor<int>, std::array<char*, 1ul> >(int, at::native::FillFunctor<int>, std::array<char*, 1ul>)",2718,2850336472122043,2850336472321726,0,0,8,0,16,256,1,1,16777216,1,1
"KERNEL_DISPATCH","Agent 4",1,0,5743,2719,222,"gemm_kernel_v2",2719,2850336472331326,2850336473683341,0,0,116,4,48,512,1,1,262144,1,1
"KERNEL_DISPATCH","Agent 4",1,0,5743,2720,223,"gemm_kernel_v2",2720,2850336523858487,2850336525566987,0,0,40,256,64,256,1,1,131072,1,1
"KERNEL_DISPATCH","Agent 4",1,0,5743,2721,117,"void at::native::vectorized_elementwise_kernel<4, at::native::FillFunctor<int>, std::array<char*, 1ul> >(int, at::native::FillFunctor<int>, std::array<char*, 1ul>)",2721,2850336525647148,2850336525847950,0,0,8,0,16,256,1,1,16777216,1,1
"KERNEL_DISPATCH","Agent 4",1,0,5743,2722,223,"gemm_kernel_v2",2722,2850336525847950,2850336527532770,0,0,40,256,64,256,1,1,131072,1,1
"KERNEL_DISPATCH","Agent 4",1,0,5743,2723,117,"void at::native::vectorized_elementwise_kernel<4, at::native::FillFunctor<int>, std::array<char*, 1ul> >(int, at::native::FillFunctor<int>, std::array<char*, 1ul>)",2723,2850336527532770,2850336527735333,0,0,8,0,16,256,1,1,16777216,1,1
"KERNEL_DISPATCH","Agent 4",1,0,5743,2724,223,"gemm_kernel_v2",2724,2850336527735333,2850336529419352,0,0,40,256,64,256,1,1,131072,1,1
"KERNEL_DISPATCH","Agent 4",1,0,5743,2725,117,"void at::native::vectorized_elementwise_kernel<4, at::native::FillFunctor<int>, std::array<char*, 1ul> >(int, at::native::FillFunctor<int>, std::array<char*, 1ul>)",2725,2850336529419352,2850336529621595,0,0,8,0,16,256,1,1,16777216,1,1
"KERNEL_DISPATCH","Agent 4",1,0,5743,2726,223,"gemm_kernel_v2",2726,2850336529621595,2850336531304494,0,0,40,256,64,256,1,1,131072,1,1
"KERNEL_DISPATCH","Agent 4",1,0,5743,2727,117,"void at::native::vectorized_elementwise_kernel<4, at::native::FillFunctor<int>, std::array<char*, 1ul> >(int, at::native::FillFunctor<int>, std::array<char*, 1ul>)",2727,2850336531304510,2850336531508992,0,0,8,0,16,256,1,1,16777216,1,1
"KERNEL_DISPATCH","Agent 4",1,0,5743,2728,223,"gemm_kernel_v2",2728,2850336531508992,2850336533193011,0,0,40,256,64,256,1,1,131072,1,1
"KERNEL_DISPATCH","Agent 4",1,0,5743,2729,117,"void at::native::vectorized_elementwise_kernel<4, at::native::FillFunctor<int>, std::array<char*, 1ul> >(int, at::native::FillFunctor<int>, std::array<char*, 1ul>)",2729,2850336533193011,2850336533396533,0,0,8,0,16,256,1,1,16777216,1,1
"KERNEL_DISPATCH","Agent 4",1,0,5743,2730,223,"gemm_kernel_v2",2730,2850336533396533,2850336535078793,0,0,40,256,64,256,1,1,131072,1,1
"KERNEL_DISPATCH","Agent 4",1,0,5743,2731,223,"gemm_kernel_v2",2731,2850336535261355,2850336536937055,0,0,40,256,64,256,1,1,131072,1,1
"KERNEL_DISPATCH","Agent 4",1,0,5743,2732,223,"gemm_kernel_v2",2732,2850336536937055,2850336538618674,0,0,40,256,64,256,1,1,131072,1,1
"KERNEL_DISPATCH","Agent 4",1,0,5743,2733,223,"gemm_kernel_v2",2733,2850336538618674,2850336540295334,0,0,40,256,64,256,1,1,131072,1,1
"KERNEL_DISPATCH","Agent 4",1,0,5743,2734,223,"gemm_kernel_v2",2734,2850336540295334,2850336541968954,0,0,40,256,64,256,1,1,131072,1,1
"KERNEL_DISPATCH","Agent 4",1,0,5743,2735,223,"gemm_kernel_v2",2735,2850336541968954,2850336543655213,0,0,40,256,64,256,1,1,131072,1,1
"KERNEL_DISPATCH","Agent 4",1,0,5743,2736,223,"gemm_kernel_v2",2736,2850336543655213,2850336545340353,0,0,40,256,64,256,1,1,131072,1,1
"KERNEL_DISPATCH","Agent 4",1,0,5743,2737,223,"gemm_kernel_v2",2737,2850336545340353,2850336547025013,0,0,40,256,64,256,1,1,131072,1,1
"KERNEL_DISPATCH","Agent 4",1,0,5743,2738,223,"gemm_kernel_v2",2738,2850336547025013,2850336548710792,0,0,40,256,64,256,1,1,131072,1,1
"KERNEL_DISPATCH","Agent 4",1,0,5743,2739,223,"gemm_kernel_v2",2739,2850336548710792,2850336550392732,0,0,40,256,64,256,1,1,131072,1,1
"KERNEL_DISPATCH","Agent 4",1,0,5743,2740,223,"gemm_kernel_v2",2740,2850336550392732,2850336552071792,0,0,40,256,64,256,1,1,131072,1,1
"KERNEL_DISPATCH","Agent 4",1,0,5743,2741,223,"gemm_kernel_v2",2741,2850336552071792,2850336553757411,0,0,40,256,64,256,1,1,131072,1,1
"KERNEL_DISPATCH","Agent 4",1,0,5743,2742,223,"gemm_kernel_v2",2742,2850336553757411,2850336555435671,0,0,40,256,64,256,1,1,131072,1,1
"KERNEL_DISPATCH","Agent 4",1,0,5743,2743,223,"gemm_kernel_v2",2743,2850336555435671,2850336557115210,0,0,40,256,64,256,1,1,131072,1,1
"KERNEL_DISPATCH","Agent 4",1,0,5743,2744,117,"void at::native::vectorized_elementwise_kernel<4, at::native::FillFunctor<int>, std::array<char*, 1ul> >(int, at::native::FillFunctor<int>, std::array<char*, 1ul>)",2744,2850336557115210,2850336557318733,0,0,8,0,16,256,1,1,16777216,1,1
"KERNEL_DISPATCH","Agent 4",1,0,5743,2745,223,"gemm_kernel_v2",2745,2850336557329773,2850336559006753,0,0,40,256,64,256,1,1,131072,1,1
"KERNEL_DISPATCH","Agent 4",1,0,5743,2746,117,"void at::native::vectorized_elementwise_kernel<4, at::native::FillFunctor<int>, std::array<char*, 1ul> >(int, at::native::FillFunctor<int>, std::array<char*, 1ul>)",2746,2850336559017473,2850336559223395,0,0,8,0,16,256,1,1,16777216,1,1
"KERNEL_DISPATCH","Agent 4",1,0,5743,2747,223,"gemm_kernel_v2",2747,2850336559232675,2850336560918455,0,0,40,256,64,256,1,1,131072,1,1
"KERNEL_DISPATCH","Agent 4",1,0,5743,2748,117,"void at::native::vectorized_elementwise_kernel<4, at::native::FillFunctor<int>, std::array<char*, 1ul> >(int, at::native::FillFunctor<int>, std::array<char*, 1ul>)",2748,2850336560929175,2850336561133977,0,0,8,0,16,256,1,1,16777216,1,1
"KERNEL_DISPATCH","Agent 4",1,0,5743,2749,223,"gemm_kernel_v2",2749,2850336561143577,2850336562822637,0,0,40,256,64,256,1,1,131072,1,1
"KERNEL_DISPATCH","Agent 4",1,0,5743,2750,117,"void at::native::vectorized_elementwise_kernel<4, at::native::FillFunctor<int>, std::array<char*, 1ul> >(int, at::native::FillFunctor<int>, std::array<char*, 1ul>)",2750,2850336562833197,2850336563031440,0,0,8,0,16,256,1,1,16777216,1,1
"KERNEL_DISPATCH","Agent 4",1,0,5743,2751,223,"gemm_kernel_v2",2751,2850336563041040,2850336564724899,0,0,40,256,64,256,1,1,131072,1,1
"KERNEL_DISPATCH","Agent 4",1,0,5743,2752,117,"void at::native::vectorized_elementwise_kernel<4, at::native::FillFunctor<int>, std::array<char*, 1ul> >(int, at::native::FillFunctor<int>, std::array<char*, 1ul>)",2752,2850336564735619,2850336564938662,0,0,8,0,16,256,1,1,16777216,1,1
"KERNEL_DISPATCH","Agent 4",1,0,5743,2753,223,"gemm_kernel_v2",2753,2850336564948102,2850336566623321,0,0,40,256,64,256,1,1,131072,1,1
"KERNEL_DISPATCH","Agent 4",1,0,5743,2754,117,"void at::native::vectorized_elementwise_kernel<4, at::native::FillFunctor<int>, std::array<char*, 1ul> >(int, at::native::FillFunctor<int>, std::array<char*, 1ul>)",2754,2850336566633882,2850336566840764,0,0,8,0,16,256,1,1,16777216,1,1
"KERNEL_DISPATCH","Agent 4",1,0,5743,2755,223,"gemm_kernel_v2",2755,2850336566850364,2850336568527184,0,0,40,256,64,256,1,1,131072,1,1
"KERNEL_DISPATCH","Agent 4",1,0,5743,2756,117,"void at::native::vectorized_elementwise_kernel<4, at::native::FillFunctor<int>, std::array<char*, 1ul> >(int, at::native::FillFunctor<int>, std::array<char*, 1ul>)",2756,2850336568537744,2850336568741906,0,0,8,0,16,256,1,1,16777216,1,1
"KERNEL_DISPATCH","Agent 4",1,0,5743,2757,223,"gemm_kernel_v2",2757,2850336568751186,2850336570435846,0,0,40,256,64,256,1,1,131072,1,1
"KERNEL_DISPATCH","Agent 4",1,0,5743,2758,117,"void at::native::vectorized_elementwise_kernel<4, at::native::FillFunctor<int>, std::array<char*, 1ul> >(int, at::native::FillFunctor<int>, std::array<char*, 1ul>)",2758,2850336570447366,2850336570647528,0,0,8,0,16,256,1,1,16777216,1,1
"KERNEL_DISPATCH","Agent 4",1,0,5743,2759,223,"gemm_kernel_v2",2759,2850336570657129,2850336572340028,0,0,40,256,64,256,1,1,131072,1,1
"KERNEL_DISPATCH","Agent 4",1,0,5743,2760,117,"void at::native::vectorized_elementwise_kernel<4, at::native::FillFunctor<int>, std::array<char*, 1ul> >(int, at::native::FillFunctor<int>, std::array<char*, 1ul>)",2760,2850336572350748,2850336572552831,0,0,8,0,16,256,1,1,16777216,1,1
"KERNEL_DISPATCH","Agent 4",1,0,5743,2761,223,"gemm_kernel_v2",2761,2850336572562271,2850336574241330,0,0,40,256,64,256,1,1,131072,1,1
"KERNEL_DISPATCH","Agent 4",1,0,5743,2762,117,"void at::native::vectorized_elementwise_kernel<4, at::native::FillFunctor<int>, std::array<char*, 1ul> >(int, at::native::FillFunctor<int>, std::array<char*, 1ul>)",2762,2850336574252371,2850336574454453,0,0,8,0,16,256,1,1,16777216,1,1
"KERNEL_DISPATCH","Agent 4",1,0,5743,2763,223,"gemm_kernel_v2",2763,2850336574464053,2850336576146153,0,0,40,256,64,256,1,1,131072,1,1
"KERNEL_DISPATCH","Agent 4",1,0,5743,2764,117,"void at::native::vectorized_elementwise_kernel<4, at::native::FillFunctor<int>, std::array<char*, 1ul> >(int, at::native::FillFunctor<int>, std::array<char*, 1ul>)",2764,2850336576157193,2850336576359755,0,0,8,0,16,256,1,1,16777216,1,1
"KERNEL_DISPATCH","Agent 4",1,0,5743,2765,223,"gemm_kernel_v2",2765,2850336576369195,2850336578048095,0,0,40,256,64,256,1,1,131072,1,1
"KERNEL_DISPATCH","Agent 4",1,0,5743,2766,117,"void at::native::vectorized_elementwise_kernel<4, at::native::FillFunctor<int>, std::array<char*, 1ul> >(int, at::native::FillFunctor<int>, std::array<char*, 1ul>)",2766,2850336578059135,2850336578264737,0,0,8,0,16,256,1,1,16777216,1,1
"KERNEL_DISPATCH","Agent 4",1,0,5743,2767,223,"gemm_kernel_v2",2767,2850336578274338,2850336579955317,0,0,40,256,64,256,1,1,131072,1,1
"KERNEL_DISPATCH","Agent 4",1,0,5743,2768,117,"void at::native::vectorized_elementwise_kernel<4, at::native::FillFunctor<int>, std::array<char*, 1ul> >(int, at::native::FillFunctor<int>, std::array<char*, 1ul>)",2768,2850336579965877,2850336580169880,0,0,8,0,16,256,1,1,16777216,1,1
"KERNEL_DISPATCH","Agent 4",1,0,5743,2769,223,"gemm_kernel_v2",2769,2850336580179480,2850336581855019,0,0,40,256,64,256,1,1,131072,1,1
"KERNEL_DISPATCH","Agent 4",1,0,5743,2770,117,"void at::native::vectorized_elementwise_kernel<4, at::native::FillFunctor<int>, std::array<char*, 1ul> >(int, at::native::FillFunctor<int>, std::array<char*, 1ul>)",2770,2850336581865579,2850336582067982,0,0,8,0,16,256,1,1,16777216,1,1
"KERNEL_DISPATCH","Agent 4",1,0,5743,2771,223,"gemm_kernel_v2",2771,2850336582077742,2850336583761282,0,0,40,256,64,256,1,1,131072,1,1
"KERNEL_DISPATCH","Agent 4",1,0,5743,2772,117,"void at::native::vectorized_elementwise_kernel<4, at::native::FillFunctor<int>, std::array<char*, 1ul> >(int, at::native::FillFunctor<int>, std::array<char*, 1ul>)",2772,2850336583772002,2850336583971204,0,0,8,0,16,256,1,1,16777216,1,1
"KERNEL_DISPATCH","Agent 4",1,0,5743,2773,223,"gemm_kernel_v2",2773,2850336583980804,2850336585659704,0,0,40,256,64,256,1,1,131072,1,1
"KERNEL_DISPATCH","Agent 4",1,0,5743,2774,117,"void at::native::vectorized_elementwise_kernel<4, at::native::FillFunctor<int>, std::array<char*, 1ul> >(int, at::native::FillFunctor<int>, std::array<char*, 1ul>)",2774,2850336585670264,2850336585872506,0,0,8,0,16,256,1,1,16777216,1,1
"KERNEL_DISPATCH","Agent 4",1,0,5743,2775,223,"gemm_kernel_v2",2775,2850336585881786,2850336587564366,0,0,40,256,64,256,1,1,131072,1,1
"KERNEL_DISPATCH","Agent 4",1,0,5743,2776,117,"void at::native::vectorized_elementwise_kernel<4, at::native::FillFunctor<int>, std::array<char*, 1ul> >(int, at::native::FillFunctor<int>, std::array<char*, 1ul>)",2776,2850336587575566,2850336587777809,0,0,8,0,16,256,1,1,16777216,1,1
"KERNEL_DISPATCH","Agent 4",1,0,5743,2777,223,"gemm_kernel_v2",2777,2850336587786929,2850336589465348,0,0,40,256,64,256,1,1,131072,1,1
"KERNEL_DISPATCH","Agent 4",1,0,5743,2778,117,"void at::native::vectorized_elementwise_kernel<4, at::native::FillFunctor<int>, std::array<char*, 1ul> >(int, at::native::FillFunctor<int>, std::array<char*, 1ul>)",2778,2850336589476228,2850336589678951,0,0,8,0,16,256,1,1,16777216,1,1
"KERNEL_DISPATCH","Agent 4",1,0,5743,2779,223,"gemm_kernel_v2",2779,2850336589688711,2850336591375771,0,0,40,256,64,256,1,1,131072,1,1
"KERNEL_DISPATCH","Agent 4",1,0,5743,2780,117,"void at::native::vectorized_elementwise_kernel<4, at::native::FillFunctor<int>, std::array<char*, 1ul> >(int, at::native::FillFunctor<int>, std::array<char*, 1ul>)",2780,2850336591386491,2850336591584893,0,0,8,0,16,256,1,1,16777216,1,1
"KERNEL_DISPATCH","Agent 4",1,0,5743,2781,223,"gemm_kernel_v2",2781,2850336591594493,2850336593284593,0,0,40,256,64,256,1,1,131072,1,1
"KERNEL_DISPATCH","Agent 4",1,0,5743,2782,117,"void at::native::vectorized_elementwise_kernel<4, at::native::FillFunctor<int>, std::array<char*, 1ul> >(int, at::native::FillFunctor<int>, std::array<char*, 1ul>)",2782,2850336593295153,2850336593496755,0,0,8,0,16,256,1,1,16777216,1,1
"KERNEL_DISPATCH","Agent 4",1,0,5743,2783,223,"gemm_kernel_v2",2783,2850336593506041,2850336595189900,0,0,40,256,64,256,1,1,131072,1,1
"KERNEL_DISPATCH","Agent 4",1,0,5743,2784,117,"void at::native::vectorized_elementwise_kernel<4, at::native::FillFunctor<int>, std::array<char*, 1ul> >(int, at::native::FillFunctor<int>, std::array<char*, 1ul>)",2784,2850336595200780,2850336595403662,0,0,8,0,16,256,1,1,16777216,1,1
"KERNEL_DISPATCH","Agent 4",1,0,5743,2785,223,"gemm_kernel_v2",2785,2850336595413422,2850336597094082,0,0,40,256,64,256,1,1,131072,1,1
"KERNEL_DISPATCH","Agent 4",1,0,5743,2786,117,"void at::native::vectorized_elementwise_kernel<4, at::native::FillFunctor<int>, std::array<char*, 1ul> >(int, at::native::FillFunctor<int>, std::array<char*, 1ul>)",2786,2850336597104802,2850336597303524,0,0,8,0,16,256,1,1,16777216,1,1
"KERNEL_DISPATCH","Agent 4",1,0,5743,2787,223,"gemm_kernel_v2",2787,2850336597313124,2850336598994904,0,0,40,256,64,256,1,1,131072,1,1
"KERNEL_DISPATCH","Agent 4",1,0,5743,2788,117,"void at::native::vectorized_elementwise_kernel<4, at::native::FillFunctor<int>, std::array<char*, 1ul> >(int, at::native::FillFunctor<int>, std::array<char*, 1ul>)",2788,2850336599005624,2850336599210746,0,0,8,0,16,256,1,1,16777216,1,1
"KERNEL_DISPATCH","Agent 4",1,0,5743,2789,223,"gemm_kernel_v2",2789,2850336599220186,2850336600908846,0,0,40,256,64,256,1,1,131072,1,1
"KERNEL_DISPATCH","Agent 4",1,0,5743,2790,117,"void at::native::vectorized_elementwise_kernel<4, at::native::FillFunctor<int>, std::array<char*, 1ul> >(int, at::native::FillFunctor<int>, std::array<char*, 1ul>)",2790,2850336600919246,2850336601125009,0,0,8,0,16,256,1,1,16777216,1,1
"KERNEL_DISPATCH","Agent 4",1,0,5743,2791,223,"gemm_kernel_v2",2791,2850336601134929,2850336602818468,0,0,40,256,64,256,1,1,131072,1,1
"KERNEL_DISPATCH","Agent 4",1,0,5743,2792,117,"void at::native::vectorized_elementwise_kernel<4, at::native::FillFunctor<int>, std::array<char*, 1ul> >(int, at::native::FillFunctor<int>, std::array<char*, 1ul>)",2792,2850336602829029,2850336603029031,0,0,8,0,16,256,1,1,16777216,1,1
"KERNEL_DISPATCH","Agent 4",1,0,5743,2793,223,"gemm_kernel_v2",2793,2850336603038791,2850336604720731,0,0,40,256,64,256,1,1,131072,1,1
"KERNEL_DISPATCH","Agent 4",1,0,5743,2794,117,"void at::native::vectorized_elementwise_kernel<4, at::native::FillFunctor<int>, std::array<char*, 1ul> >(int, at::native::FillFunctor<int>, std::array<char*, 1ul>)",2794,2850336604731611,2850336604930493,0,0,8,0,16,256,1,1,16777216,1,1
"KERNEL_DISPATCH","Agent 4",1,0,5743,2795,223,"gemm_kernel_v2",2795,2850336604939933,2850336606630033,0,0,40,256,64,256,1,1,131072,1,1
"KERNEL_DISPATCH","Agent 4",1,0,5743,2796,117,"void at::native::vectorized_elementwise_kernel<4, at::native::FillFunctor<int>, std::array<char*, 1ul> >(int, at::native::FillFunctor<int>, std::array<char*, 1ul>)",2796,2850336606641073,2850336606842835,0,0,8,0,16,256,1,1,16777216,1,1
"KERNEL_DISPATCH","Agent 4",1,0,5743,2797,223,"gemm_kernel_v2",2797,2850336606852276,2850336608529895,0,0,40,256,64,256,1,1,131072,1,1
"KERNEL_DISPATCH","Agent 4",1,0,5743,2798,117,"void at::native::vectorized_elementwise_kernel<4, at::native::FillFunctor<int>, std::array<char*, 1ul> >(int, at::native::FillFunctor<int>, std::array<char*, 1ul>)",2798,2850336608540935,2850336608744938,0,0,8,0,16,256,1,1,16777216,1,1
"KERNEL_DISPATCH","Agent 4",1,0,5743,2799,223,"gemm_kernel_v2",2799,2850336608754218,2850336610437917,0,0,40,256,64,256,1,1,131072,1,1
"KERNEL_DISPATCH","Agent 4",1,0,5743,2800,117,"void at::native::vectorized_elementwise_kernel<4, at::native::FillFunctor<int>, std::array<char*, 1ul> >(int, at::native::FillFunctor<int>, std::array<char*, 1ul>)",2800,2850336610449598,2850336610651680,0,0,8,0,16,256,1,1,16777216,1,1
"KERNEL_DISPATCH","Agent 4",1,0,5743,2801,223,"gemm_kernel_v2",2801,2850336610661120,2850336612347700,0,0,40,256,64,256,1,1,131072,1,1
"KERNEL_DISPATCH","Agent 4",1,0,5743,2802,117,"void at::native::vectorized_elementwise_kernel<4, at::native::FillFunctor<int>, std::array<char*, 1ul> >(int, at::native::FillFunctor<int>, std::array<char*, 1ul>)",2802,2850336612358260,2850336612558422,0,0,8,0,16,256,1,1,16777216,1,1
"KERNEL_DISPATCH","Agent 4",1,0,5743,2803,223,"gemm_kernel_v2",2803,2850336612567862,2850336614256042,0,0,40,256,64,256,1,1,131072,1,1
"KERNEL_DISPATCH","Agent 4",1,0,5743,2804,117,"void at::native::vectorized_elementwise_kernel<4, at::native::FillFunctor<int>, std::array<char*, 1ul> >(int, at::native::FillFunctor<int>, std::array<char*, 1ul>)",2804,2850336614267082,2850336614466284,0,0,8,0,16,256,1,1,16777216,1,1
"KERNEL_DISPATCH","Agent 4",1,0,5743,2805,223,"gemm_kernel_v2",2805,2850336614476045,2850336616159104,0,0,40,256,64,256,1,1,131072,1,1
"KERNEL_DISPATCH","Agent 4",1,0,5743,2806,117,"void at::native::vectorized_elementwise_kernel<4, at::native::FillFunctor<int>, std::array<char*, 1ul> >(int, at::native::FillFunctor<int>, std::array<char*, 1ul>)",2806,2850336616169664,2850336616371907,0,0,8,0,16,256,1,1,16777216,1,1
"KERNEL_DISPATCH","Agent 4",1,0,5743,2807,223,"gemm_kernel_v2",2807,2850336616381187,2850336618064566,0,0,40,256,64,256,1,1,131072,1,1
"KERNEL_DISPATCH","Agent 4",1,0,5743,2808,117,"void at::native::vectorized_elementwise_kernel<4, at::native::FillFunctor<int>, std::array<char*, 1ul> >(int, at::native::FillFunctor<int>, std::array<char*, 1ul>)",2808,2850336618075447,2850336618277209,0,0,8,0,16,256,1,1,16777216,1,1
"KERNEL_DISPATCH","Agent 4",1,0,5743,2809,223,"gemm_kernel_v2",2809,2850336618286649,2850336619969389,0,0,40,256,64,256,1,1,131072,1,1
"KERNEL_DISPATCH","Agent 4",1,0,5743,2810,117,"void at::native::vectorized_elementwise_kernel<4, at::native::FillFunctor<int>, std::array<char*, 1ul> >(int, at::native::FillFunctor<int>, std::array<char*, 1ul>)",2810,2850336619980749,2850336620182991,0,0,8,0,16,256,1,1,16777216,1,1
"KERNEL_DISPATCH","Agent 4",1,0,5743,2811,223,"gemm_kernel_v2",2811,2850336620192591,2850336621874371,0,0,40,256,64,256,1,1,131072,1,1
"KERNEL_DISPATCH","Agent 4",1,0,5743,2812,117,"void at::native::vectorized_elementwise_kernel<4, at::native::FillFunctor<int>, std::array<char*, 1ul> >(int, at::native::FillFunctor<int>, std::array<char*, 1ul>)",2812,2850336621884611,2850336622088933,0,0,8,0,16,256,1,1,16777216,1,1
"KERNEL_DISPATCH","Agent 4",1,0,5743,2813,223,"gemm_kernel_v2",2813,2850336622098374,2850336623783033,0,0,40,256,64,256,1,1,131072,1,1
"KERNEL_DISPATCH","Agent 4",1,0,5743,2814,117,"void at::native::vectorized_elementwise_kernel<4, at::native::FillFunctor<int>, std::array<char*, 1ul> >(int, at::native::FillFunctor<int>, std::array<char*, 1ul>)",2814,2850336623793433,2850336623994556,0,0,8,0,16,256,1,1,16777216,1,1
"KERNEL_DISPATCH","Agent 4",1,0,5743,2815,223,"gemm_kernel_v2",2815,2850336624004156,2850336625688016,0,0,40,256,64,256,1,1,131072,1,1
"KERNEL_DISPATCH","Agent 4",1,0,5743,2816,117,"void at::native::vectorized_elementwise_kernel<4, at::native::FillFunctor<int>, std::array<char*, 1ul> >(int, at::native::FillFunctor<int>, std::array<char*, 1ul>)",2816,2850336625698736,2850336625901138,0,0,8,0,16,256,1,1,16777216,1,1
"KERNEL_DISPATCH","Agent 4",1,0,5743,2817,223,"gemm_kernel_v2",2817,2850336625910738,2850336627587878,0,0,40,256,64,256,1,1,131072,1,1
"KERNEL_DISPATCH","Agent 4",1,0,5743,2818,117,"void at::native::vectorized_elementwise_kernel<4, at::native::FillFunctor<int>, std::array<char*, 1ul> >(int, at::native::FillFunctor<int>, std::array<char*, 1ul>)",2818,2850336627598438,2850336627798440,0,0,8,0,16,256,1,1,16777216,1,1
"KERNEL_DISPATCH","Agent 4",1,0,5743,2819,223,"gemm_kernel_v2",2819,2850336627808360,2850336629489980,0,0,40,256,64,256,1,1,131072,1,1
"KERNEL_DISPATCH","Agent 4",1,0,5743,2820,117,"void at::native::vectorized_elementwise_kernel<4, at::native::FillFunctor<int>, std::array<char*, 1ul> >(int, at::native::FillFunctor<int>, std::array<char*, 1ul>)",2820,2850336629500380,2850336629705182,0,0,8,0,16,256,1,1,16777216,1,1
"KERNEL_DISPATCH","Agent 4",1,0,5743,2821,223,"gemm_kernel_v2",2821,2850336629714623,2850336631396242,0,0,40,256,64,256,1,1,131072,1,1
"KERNEL_DISPATCH","Agent 4",1,0,5743,2822,117,"void at::native::vectorized_elementwise_kernel<4, at::native::FillFunctor<int>, std::array<char*, 1ul> >(int, at::native::FillFunctor<int>, std::array<char*, 1ul>)",2822,2850336631407122,2850336631609045,0,0,8,0,16,256,1,1,16777216,1,1
"KERNEL_DISPATCH","Agent 4",1,0,5743,2823,223,"gemm_kernel_v2",2823,2850336631618485,2850336633303944,0,0,40,256,64,256,1,1,131072,1,1
"KERNEL_DISPATCH","Agent 4",1,0,5743,2824,117,"void at::native::vectorized_elementwise_kernel<4, at::native::FillFunctor<int>, std::array<char*, 1ul> >(int, at::native::FillFunctor<int>, std::array<char*, 1ul>)",2824,2850336633315145,2850336633523307,0,0,8,0,16,256,1,1,16777216,1,1
"KERNEL_DISPATCH","Agent 4",1,0,5743,2825,223,"gemm_kernel_v2",2825,2850336633532907,2850336635217247,0,0,40,256,64,256,1,1,131072,1,1
"KERNEL_DISPATCH","Agent 4",1,0,5743,2826,117,"void at::native::vectorized_elementwise_kernel<4, at::native::FillFunctor<int>, std::array<char*, 1ul> >(int, at::native::FillFunctor<int>, std::array<char*, 1ul>)",2826,2850336635228287,2850336635431329,0,0,8,0,16,256,1,1,16777216,1,1
"KERNEL_DISPATCH","Agent 4",1,0,5743,2827,223,"gemm_kernel_v2",2827,2850336635441089,2850336637124629,0,0,40,256,64,256,1,1,131072,1,1
"KERNEL_DISPATCH","Agent 4",1,0,5743,2828,117,"void at::native::vectorized_elementwise_kernel<4, at::native::FillFunctor<int>, std::array<char*, 1ul> >(int, at::native::FillFunctor<int>, std::array<char*, 1ul>)",2828,2850336637135509,2850336637337752,0,0,8,0,16,256,1,1,16777216,1,1
"KERNEL_DISPATCH","Agent 4",1,0,5743,2829,223,"gemm_kernel_v2",2829,2850336637347032,2850336639029611,0,0,40,256,64,256,1,1,131072,1,1
"KERNEL_DISPATCH","Agent 4",1,0,5743,2830,117,"void at::native::vectorized_elementwise_kernel<4, at::native::FillFunctor<int>, std::array<char*, 1ul> >(int, at::native::FillFunctor<int>, std::array<char*, 1ul>)",2830,2850336639040971,2850336639243854,0,0,8,0,16,256,1,1,16777216,1,1
"KERNEL_DISPATCH","Agent 4",1,0,5743,2831,223,"gemm_kernel_v2",2831,2850336639253454,2850336640930914,0,0,40,256,64,256,1,1,131072,1,1
"KERNEL_DISPATCH","Agent 4",1,0,5743,2832,117,"void at::native::vectorized_elementwise_kernel<4, at::native::FillFunctor<int>, std::array<char*, 1ul> >(int, at::native::FillFunctor<int>, std::array<char*, 1ul>)",2832,2850336640941634,2850336641141796,0,0,8,0,16,256,1,1,16777216,1,1
"KERNEL_DISPATCH","Agent 4",1,0,5743,2833,223,"gemm_kernel_v2",2833,2850336641151396,2850336642834136,0,0,40,256,64,256,1,1,131072,1,1
"KERNEL_DISPATCH","Agent 4",1,0,5743,2834,117,"void at::native::vectorized_elementwise_kernel<4, at::native::FillFunctor<int>, std::array<char*, 1ul> >(int, at::native::FillFunctor<int>, std::array<char*, 1ul>)",2834,2850336642845816,2850336643047418,0,0,8,0,16,256,1,1,16777216,1,1
"KERNEL_DISPATCH","Agent 4",1,0,5743,2835,223,"gemm_kernel_v2",2835,2850336643057018,2850336644734638,0,0,40,256,64,256,1,1,131072,1,1
"KERNEL_DISPATCH","Agent 4",1,0,5743,2836,117,"void at::native::vectorized_elementwise_kernel<4, at::native::FillFunctor<int>, std::array<char*, 1ul> >(int, at::native::FillFunctor<int>, std::array<char*, 1ul>)",2836,2850336644745198,2850336644947600,0,0,8,0,16,256,1,1,16777216,1,1
"KERNEL_DISPATCH","Agent 4",1,0,5743,2837,223,"gemm_kernel_v2",2837,2850336644957041,2850336646640260,0,0,40,256,64,256,1,1,131072,1,1
"KERNEL_DISPATCH","Agent 4",1,0,5743,2838,117,"void at::native::vectorized_elementwise_kernel<4, at::native::FillFunctor<int>, std::array<char*, 1ul> >(int, at::native::FillFunctor<int>, std::array<char*, 1ul>)",2838,2850336646651140,2850336646853223,0,0,8,0,16,256,1,1,16777216,1,1
"KERNEL_DISPATCH","Agent 4",1,0,5743,2839,223,"gemm_kernel_v2",2839,2850336646862663,2850336648543162,0,0,40,256,64,256,1,1,131072,1,1
"KERNEL_DISPATCH","Agent 4",1,0,5743,2840,117,"void at::native::vectorized_elementwise_kernel<4, at::native::FillFunctor<int>, std::array<char*, 1ul> >(int, at::native::FillFunctor<int>, std::array<char*, 1ul>)",2840,2850336648554043,2850336648755005,0,0,8,0,16,256,1,1,16777216,1,1
"KERNEL_DISPATCH","Agent 4",1,0,5743,2841,223,"gemm_kernel_v2",2841,2850336648764445,2850336650448465,0,0,40,256,64,256,1,1,131072,1,1
"KERNEL_DISPATCH","Agent 4",1,0,5743,2842,117,"void at::native::vectorized_elementwise_kernel<4, at::native::FillFunctor<int>, std::array<char*, 1ul> >(int, at::native::FillFunctor<int>, std::array<char*, 1ul>)",2842,2850336650459025,2850336650660307,0,0,8,0,16,256,1,1,16777216,1,1
"KERNEL_DISPATCH","Agent 4",1,0,5743,2843,223,"gemm_kernel_v2",2843,2850336650669907,2850336652359847,0,0,40,256,64,256,1,1,131072,1,1
"KERNEL_DISPATCH","Agent 4",1,0,5743,2844,117,"void at::native::vectorized_elementwise_kernel<4, at::native::FillFunctor<int>, std::array<char*, 1ul> >(int, at::native::FillFunctor<int>, std::array<char*, 1ul>)",2844,2850336652370247,2850336652576330,0,0,8,0,16,256,1,1,16777216,1,1
"KERNEL_DISPATCH","Agent 4",1,0,5743,2845,223,"gemm_kernel_v2",2845,2850336652586090,2850336654268989,0,0,40,256,64,256,1,1,131072,1,1
"KERNEL_DISPATCH","Agent 4",1,0,5743,2846,117,"void at::native::vectorized_elementwise_kernel<4, at::native::FillFunctor<int>, std::array<char*, 1ul> >(int, at::native::FillFunctor<int>, std::array<char*, 1ul>)",2846,2850336654280349,2850336654484192,0,0,8,0,16,256,1,1,16777216,1,1
"KERNEL_DISPATCH","Agent 4",1,0,5743,2847,223,"gemm_kernel_v2",2847,2850336654493632,2850336656176532,0,0,40,256,64,256,1,1,131072,1,1
"KERNEL_DISPATCH","Agent 4",1,0,5743,2848,224,"gemm_kernel_v2",2848,2850336722055443,2850336723529860,0,0,8,128,48,512,1,1,262144,1,1
"KERNEL_DISPATCH","Agent 4",1,0,5743,2849,117,"void at::native::vectorized_elementwise_kernel<4, at::native::FillFunctor<int>, std::array<char*, 1ul> >(int, at::native::FillFunctor<int>, std::array<char*, 1ul>)",2849,2850336723609700,2850336723808903,0,0,8,0,16,256,1,1,16777216,1,1
"KERNEL_DISPATCH","Agent 4",1,0,5743,2850,224,"gemm_kernel_v2",2850,2850336723808903,2850336725278680,0,0,8,128,48,512,1,1,262144,1,1
"KERNEL_DISPATCH","Agent 4",1,0,5743,2851,117,"void at::native::vectorized_elementwise_kernel<4, at::native::FillFunctor<int>, std::array<char*, 1ul> >(int, at::native::FillFunctor<int>, std::array<char*, 1ul>)",2851,2850336725278680,2850336725479002,0,0,8,0,16,256,1,1,16777216,1,1
"KERNEL_DISPATCH","Agent 4",1,0,5743,2852,224,"gemm_kernel_v2",2852,2850336725479002,2850336726945899,0,0,8,128,48,512,1,1,262144,1,1
"KERNEL_DISPATCH","Agent 4",1,0,5743,2853,117,"void at::native::vectorized_elementwise_kernel<4, at::native::FillFunctor<int>, std::array<char*, 1ul> >(int, at::native::FillFunctor<int>, std::array<char*, 1ul>)",2853,2850336726945899,2850336727149742,0,0,8,0,16,256,1,1,16777216,1,1
"KERNEL_DISPATCH","Agent 4",1,0,5743,2854,224,"gemm_kernel_v2",2854,2850336727149742,2850336728618239,0,0,8,128,48,512,1,1,262144,1,1
"KERNEL_DISPATCH","Agent 4",1,0,5743,2855,117,"void at::native::vectorized_elementwise_kernel<4, at::native::FillFunctor<int>, std::array<char*, 1ul> >(int, at::native::FillFunctor<int>, std::array<char*, 1ul>)",2855,2850336728618239,2850336728821601,0,0,8,0,16,256,1,1,16777216,1,1
"KERNEL_DISPATCH","Agent 4",1,0,5743,2856,224,"gemm_kernel_v2",2856,2850336728821601,2850336730292018,0,0,8,128,48,512,1,1,262144,1,1
"KERNEL_DISPATCH","Agent 4",1,0,5743,2857,117,"void at::native::vectorized_elementwise_kernel<4, at::native::FillFunctor<int>, std::array<char*, 1ul> >(int, at::native::FillFunctor<int>, std::array<char*, 1ul>)",2857,2850336730292018,2850336730499541,0,0,8,0,16,256,1,1,16777216,1,1
"KERNEL_DISPATCH","Agent 4",1,0,5743,2858,224,"gemm_kernel_v2",2858,2850336730499541,2850336731972678,0,0,8,128,48,512,1,1,262144,1,1
"KERNEL_DISPATCH","Agent 4",1,0,5743,2859,224,"gemm_kernel_v2",2859,2850336732172520,2850336733639257,0,0,8,128,48,512,1,1,262144,1,1
"KERNEL_DISPATCH","Agent 4",1,0,5743,2860,224,"gemm_kernel_v2",2860,2850336733639257,2850336735111915,0,0,8,128,48,512,1,1,262144,1,1
"KERNEL_DISPATCH","Agent 4",1,0,5743,2861,224,"gemm_kernel_v2",2861,2850336735111915,2850336736577372,0,0,8,128,48,512,1,1,262144,1,1
"KERNEL_DISPATCH","Agent 4",1,0,5743,2862,224,"gemm_kernel_v2",2862,2850336736577372,2850336738049549,0,0,8,128,48,512,1,1,262144,1,1
"KERNEL_DISPATCH","Agent 4",1,0,5743,2863,224,"gemm_kernel_v2",2863,2850336738049549,2850336739518366,0,0,8,128,48,512,1,1,262144,1,1
"KERNEL_DISPATCH","Agent 4",1,0,5743,2864,224,"gemm_kernel_v2",2864,2850336739518366,2850336740989743,0,0,8,128,48,512,1,1,262144,1,1
"KERNEL_DISPATCH","Agent 4",1,0,5743,2865,224,"gemm_kernel_v2",2865,2850336740989743,2850336742461920,0,0,8,128,48,512,1,1,262144,1,1
"KERNEL_DISPATCH","Agent 4",1,0,5743,2866,224,"gemm_kernel_v2",2866,2850336742461920,2850336743929937,0,0,8,128,48,512,1,1,262144,1,1
"KERNEL_DISPATCH","Agent 4",1,0,5743,2867,224,"gemm_kernel_v2",2867,2850336743929937,2850336745400355,0,0,8,128,48,512,1,1,262144,1,1
"KERNEL_DISPATCH","Agent 4",1,0,5743,2868,224,"gemm_kernel_v2",2868,2850336745400355,2850336746867092,0,0,8,128,48,512,1,1,262144,1,1
"KERNEL_DISPATCH","Agent 4",1,0,5743,2869,224,"gemm_kernel_v2",2869,2850336746867092,2850336748337669,0,0,8,128,48,512,1,1,262144,1,1
"KERNEL_DISPATCH","Agent 4",1,0,5743,2870,224,"gemm_kernel_v2",2870,2850336748337669,2850336749811286,0,0,8,128,48,512,1,1,262144,1,1
"KERNEL_DISPATCH","Agent 4",1,0,5743,2871,224,"gemm_kernel_v2",2871,2850336749811286,2850336751284263,0,0,8,128,48,512,1,1,262144,1,1
"KERNEL_DISPATCH","Agent 4",1,0,5743,2872,224,"gemm_kernel_v2",2872,2850336751284263,2850336752752760,0,0,8,128,48,512,1,1,262144,1,1
"KERNEL_DISPATCH","Agent 4",1,0,5743,2873,117,"void at::native::vectorized_elementwise_kernel<4, at::native::FillFunctor<int>, std::array<char*, 1ul> >(int, at::native::FillFunctor<int>, std::array<char*, 1ul>)",2873,2850336752752760,2850336752958363,0,0,8,0,16,256,1,1,16777216,1,1
"KERNEL_DISPATCH","Agent 4",1,0,5743,2874,224,"gemm_kernel_v2",2874,2850336752969723,2850336754438060,0,0,8,128,48,512,1,1,262144,1,1
"KERNEL_DISPATCH","Agent 4",1,0,5743,2875,117,"void at::native::vectorized_elementwise_kernel<4, at::native::FillFunctor<int>, std::array<char*, 1ul> >(int, at::native::FillFunctor<int>, std::array<char*, 1ul>)",2875,2850336754448940,2850336754651182,0,0,8,0,16,256,1,1,16777216,1,1
"KERNEL_DISPATCH","Agent 4",1,0,5743,2876,224,"gemm_kernel_v2",2876,2850336754661103,2850336756129920,0,0,8,128,48,512,1,1,262144,1,1
"KERNEL_DISPATCH","Agent 4",1,0,5743,2877,117,"void at::native::vectorized_elementwise_kernel<4, at::native::FillFunctor<int>, std::array<char*, 1ul> >(int, at::native::FillFunctor<int>, std::array<char*, 1ul>)",2877,2850336756140480,2850336756343202,0,0,8,0,16,256,1,1,16777216,1,1
"KERNEL_DISPATCH","Agent 4",1,0,5743,2878,224,"gemm_kernel_v2",2878,2850336756353122,2850336757826900,0,0,8,128,48,512,1,1,262144,1,1
"KERNEL_DISPATCH","Agent 4",1,0,5743,2879,117,"void at::native::vectorized_elementwise_kernel<4, at::native::FillFunctor<int>, std::array<char*, 1ul> >(int, at::native::FillFunctor<int>, std::array<char*, 1ul>)",2879,2850336757837460,2850336758041942,0,0,8,0,16,256,1,1,16777216,1,1
"KERNEL_DISPATCH","Agent 4",1,0,5743,2880,224,"gemm_kernel_v2",2880,2850336758051382,2850336759517159,0,0,8,128,48,512,1,1,262144,1,1
"KERNEL_DISPATCH","Agent 4",1,0,5743,2881,117,"void at::native::vectorized_elementwise_kernel<4, at::native::FillFunctor<int>, std::array<char*, 1ul> >(int, at::native::FillFunctor<int>, std::array<char*, 1ul>)",2881,2850336759527399,2850336759733322,0,0,8,0,16,256,1,1,16777216,1,1
"KERNEL_DISPATCH","Agent 4",1,0,5743,2882,224,"gemm_kernel_v2",2882,2850336759742922,2850336761210939,0,0,8,128,48,512,1,1,262144,1,1
"KERNEL_DISPATCH","Agent 4",1,0,5743,2883,117,"void at::native::vectorized_elementwise_kernel<4, at::native::FillFunctor<int>, std::array<char*, 1ul> >(int, at::native::FillFunctor<int>, std::array<char*, 1ul>)",2883,2850336761221499,2850336761420061,0,0,8,0,16,256,1,1,16777216,1,1
"KERNEL_DISPATCH","Agent 4",1,0,5743,2884,224,"gemm_kernel_v2",2884,2850336761429502,2850336762893839,0,0,8,128,48,512,1,1,262144,1,1
"KERNEL_DISPATCH","Agent 4",1,0,5743,2885,117,"void at::native::vectorized_elementwise_kernel<4, at::native::FillFunctor<int>, std::array<char*, 1ul> >(int, at::native::FillFunctor<int>, std::array<char*, 1ul>)",2885,2850336762904239,2850336763109841,0,0,8,0,16,256,1,1,16777216,1,1
"KERNEL_DISPATCH","Agent 4",1,0,5743,2886,224,"gemm_kernel_v2",2886,2850336763119601,2850336764587618,0,0,8,128,48,512,1,1,262144,1,1
"KERNEL_DISPATCH","Agent 4",1,0,5743,2887,117,"void at::native::vectorized_elementwise_kernel<4, at::native::FillFunctor<int>, std::array<char*, 1ul> >(int, at::native::FillFunctor<int>, std::array<char*, 1ul>)",2887,2850336764598179,2850336764798181,0,0,8,0,16,256,1,1,16777216,1,1
"KERNEL_DISPATCH","Agent 4",1,0,5743,2888,224,"gemm_kernel_v2",2888,2850336764807621,2850336766273238,0,0,8,128,48,512,1,1,262144,1,1
"KERNEL_DISPATCH","Agent 4",1,0,5743,2889,117,"void at::native::vectorized_elementwise_kernel<4, at::native::FillFunctor<int>, std::array<char*, 1ul> >(int, at::native::FillFunctor<int>, std::array<char*, 1ul>)",2889,2850336766284438,2850336766483641,0,0,8,0,16,256,1,1,16777216,1,1
"KERNEL_DISPATCH","Agent 4",1,0,5743,2890,224,"gemm_kernel_v2",2890,2850336766493241,2850336767960938,0,0,8,128,48,512,1,1,262144,1,1
"KERNEL_DISPATCH","Agent 4",1,0,5743,2891,117,"void at::native::vectorized_elementwise_kernel<4, at::native::FillFunctor<int>, std::array<char*, 1ul> >(int, at::native::FillFunctor<int>, std::array<char*, 1ul>)",2891,2850336767971498,2850336768178380,0,0,8,0,16,256,1,1,16777216,1,1
"KERNEL_DISPATCH","Agent 4",1,0,5743,2892,224,"gemm_kernel_v2",2892,2850336768187820,2850336769651997,0,0,8,128,48,512,1,1,262144,1,1
"KERNEL_DISPATCH","Agent 4",1,0,5743,2893,117,"void at::native::vectorized_elementwise_kernel<4, at::native::FillFunctor<int>, std::array<char*, 1ul> >(int, at::native::FillFunctor<int>, std::array<char*, 1ul>)",2893,2850336769662558,2850336769865920,0,0,8,0,16,256,1,1,16777216,1,1
"KERNEL_DISPATCH","Agent 4",1,0,5743,2894,224,"gemm_kernel_v2",2894,2850336769875840,2850336771348177,0,0,8,128,48,512,1,1,262144,1,1
"KERNEL_DISPATCH","Agent 4",1,0,5743,2895,117,"void at::native::vectorized_elementwise_kernel<4, at::native::FillFunctor<int>, std::array<char*, 1ul> >(int, at::native::FillFunctor<int>, std::array<char*, 1ul>)",2895,2850336771358737,2850336771563700,0,0,8,0,16,256,1,1,16777216,1,1
"KERNEL_DISPATCH","Agent 4",1,0,5743,2896,224,"gemm_kernel_v2",2896,2850336771573300,2850336773042277,0,0,8,128,48,512,1,1,262144,1,1
"KERNEL_DISPATCH","Agent 4",1,0,5743,2897,117,"void at::native::vectorized_elementwise_kernel<4, at::native::FillFunctor<int>, std::array<char*, 1ul> >(int, at::native::FillFunctor<int>, std::array<char*, 1ul>)",2897,2850336773052677,2850336773255240,0,0,8,0,16,256,1,1,16777216,1,1
"KERNEL_DISPATCH","Agent 4",1,0,5743,2898,224,"gemm_kernel_v2",2898,2850336773264840,2850336774733497,0,0,8,128,48,512,1,1,262144,1,1
"KERNEL_DISPATCH","Agent 4",1,0,5743,2899,117,"void at::native::vectorized_elementwise_kernel<4, at::native::FillFunctor<int>, std::array<char*, 1ul> >(int, at::native::FillFunctor<int>, std::array<char*, 1ul>)",2899,2850336774744217,2850336774947579,0,0,8,0,16,256,1,1,16777216,1,1
"KERNEL_DISPATCH","Agent 4",1,0,5743,2900,224,"gemm_kernel_v2",2900,2850336774956859,2850336776426477,0,0,8,128,48,512,1,1,262144,1,1
"KERNEL_DISPATCH","Agent 4",1,0,5743,2901,117,"void at::native::vectorized_elementwise_kernel<4, at::native::FillFunctor<int>, std::array<char*, 1ul> >(int, at::native::FillFunctor<int>, std::array<char*, 1ul>)",2901,2850336776436877,2850336776639599,0,0,8,0,16,256,1,1,16777216,1,1
"KERNEL_DISPATCH","Agent 4",1,0,5743,2902,224,"gemm_kernel_v2",2902,2850336776649199,2850336778116416,0,0,8,128,48,512,1,1,262144,1,1
"KERNEL_DISPATCH","Agent 4",1,0,5743,2903,117,"void at::native::vectorized_elementwise_kernel<4, at::native::FillFunctor<int>, std::array<char*, 1ul> >(int, at::native::FillFunctor<int>, std::array<char*, 1ul>)",2903,2850336778126976,2850336778325539,0,0,8,0,16,256,1,1,16777216,1,1
"KERNEL_DISPATCH","Agent 4",1,0,5743,2904,224,"gemm_kernel_v2",2904,2850336778335619,2850336779805556,0,0,8,128,48,512,1,1,262144,1,1
"KERNEL_DISPATCH","Agent 4",1,0,5743,2905,117,"void at::native::vectorized_elementwise_kernel<4, at::native::FillFunctor<int>, std::array<char*, 1ul> >(int, at::native::FillFunctor<int>, std::array<char*, 1ul>)",2905,2850336779816916,2850336780014838,0,0,8,0,16,256,1,1,16777216,1,1
"KERNEL_DISPATCH","Agent 4",1,0,5743,2906,224,"gemm_kernel_v2",2906,2850336780025078,2850336781499656,0,0,8,128,48,512,1,1,262144,1,1
"KERNEL_DISPATCH","Agent 4",1,0,5743,2907,117,"void at::native::vectorized_elementwise_kernel<4, at::native::FillFunctor<int>, std::array<char*, 1ul> >(int, at::native::FillFunctor<int>, std::array<char*, 1ul>)",2907,2850336781510056,2850336781707338,0,0,8,0,16,256,1,1,16777216,1,1
"KERNEL_DISPATCH","Agent 4",1,0,5743,2908,224,"gemm_kernel_v2",2908,2850336781717258,2850336783182875,0,0,8,128,48,512,1,1,262144,1,1
"KERNEL_DISPATCH","Agent 4",1,0,5743,2909,117,"void at::native::vectorized_elementwise_kernel<4, at::native::FillFunctor<int>, std::array<char*, 1ul> >(int, at::native::FillFunctor<int>, std::array<char*, 1ul>)",2909,2850336783193435,2850336783394718,0,0,8,0,16,256,1,1,16777216,1,1
"KERNEL_DISPATCH","Agent 4",1,0,5743,2910,224,"gemm_kernel_v2",2910,2850336783404478,2850336784871855,0,0,8,128,48,512,1,1,262144,1,1
"KERNEL_DISPATCH","Agent 4",1,0,5743,2911,117,"void at::native::vectorized_elementwise_kernel<4, at::native::FillFunctor<int>, std::array<char*, 1ul> >(int, at::native::FillFunctor<int>, std::array<char*, 1ul>)",2911,2850336784882415,2850336785084818,0,0,8,0,16,256,1,1,16777216,1,1
"KERNEL_DISPATCH","Agent 4",1,0,5743,2912,224,"gemm_kernel_v2",2912,2850336785094129,2850336786562146,0,0,8,128,48,512,1,1,262144,1,1
"KERNEL_DISPATCH","Agent 4",1,0,5743,2913,117,"void at::native::vectorized_elementwise_kernel<4, at::native::FillFunctor<int>, std::array<char*, 1ul> >(int, at::native::FillFunctor<int>, std::array<char*, 1ul>)",2913,2850336786572546,2850336786773508,0,0,8,0,16,256,1,1,16777216,1,1
"KERNEL_DISPATCH","Agent 4",1,0,5743,2914,224,"gemm_kernel_v2",2914,2850336786783268,2850336788254645,0,0,8,128,48,512,1,1,262144,1,1
"KERNEL_DISPATCH","Agent 4",1,0,5743,2915,117,"void at::native::vectorized_elementwise_kernel<4, at::native::FillFunctor<int>, std::array<char*, 1ul> >(int, at::native::FillFunctor<int>, std::array<char*, 1ul>)",2915,2850336788265365,2850336788467768,0,0,8,0,16,256,1,1,16777216,1,1
"KERNEL_DISPATCH","Agent 4",1,0,5743,2916,224,"gemm_kernel_v2",2916,2850336788477368,2850336789945545,0,0,8,128,48,512,1,1,262144,1,1
"KERNEL_DISPATCH","Agent 4",1,0,5743,2917,117,"void at::native::vectorized_elementwise_kernel<4, at::native::FillFunctor<int>, std::array<char*, 1ul> >(int, at::native::FillFunctor<int>, std::array<char*, 1ul>)",2917,2850336789955945,2850336790156267,0,0,8,0,16,256,1,1,16777216,1,1
"KERNEL_DISPATCH","Agent 4",1,0,5743,2918,224,"gemm_kernel_v2",2918,2850336790166028,2850336791635165,0,0,8,128,48,512,1,1,262144,1,1
"KERNEL_DISPATCH","Agent 4",1,0,5743,2919,117,"void at::native::vectorized_elementwise_kernel<4, at::native::FillFunctor<int>, std::array<char*, 1ul> >(int, at::native::FillFunctor<int>, std::array<char*, 1ul>)",2919,2850336791645885,2850336791848447,0,0,8,0,16,256,1,1,16777216,1,1
"KERNEL_DISPATCH","Agent 4",1,0,5743,2920,224,"gemm_kernel_v2",2920,2850336791858207,2850336793323024,0,0,8,128,48,512,1,1,262144,1,1
"KERNEL_DISPATCH","Agent 4",1,0,5743,2921,117,"void at::native::vectorized_elementwise_kernel<4, at::native::FillFunctor<int>, std::array<char*, 1ul> >(int, at::native::FillFunctor<int>, std::array<char*, 1ul>)",2921,2850336793333264,2850336793533267,0,0,8,0,16,256,1,1,16777216,1,1
"KERNEL_DISPATCH","Agent 4",1,0,5743,2922,224,"gemm_kernel_v2",2922,2850336793542707,2850336795009284,0,0,8,128,48,512,1,1,262144,1,1
"KERNEL_DISPATCH","Agent 4",1,0,5743,2923,117,"void at::native::vectorized_elementwise_kernel<4, at::native::FillFunctor<int>, std::array<char*, 1ul> >(int, at::native::FillFunctor<int>, std::array<char*, 1ul>)",2923,2850336795020164,2850336795223367,0,0,8,0,16,256,1,1,16777216,1,1
"KERNEL_DISPATCH","Agent 4",1,0,5743,2924,224,"gemm_kernel_v2",2924,2850336795232647,2850336796701784,0,0,8,128,48,512,1,1,262144,1,1
"KERNEL_DISPATCH","Agent 4",1,0,5743,2925,117,"void at::native::vectorized_elementwise_kernel<4, at::native::FillFunctor<int>, std::array<char*, 1ul> >(int, at::native::FillFunctor<int>, std::array<char*, 1ul>)",2925,2850336796712344,2850336796915066,0,0,8,0,16,256,1,1,16777216,1,1
"KERNEL_DISPATCH","Agent 4",1,0,5743,2926,224,"gemm_kernel_v2",2926,2850336796924986,2850336798396044,0,0,8,128,48,512,1,1,262144,1,1
"KERNEL_DISPATCH","Agent 4",1,0,5743,2927,117,"void at::native::vectorized_elementwise_kernel<4, at::native::FillFunctor<int>, std::array<char*, 1ul> >(int, at::native::FillFunctor<int>, std::array<char*, 1ul>)",2927,2850336798406284,2850336798606286,0,0,8,0,16,256,1,1,16777216,1,1
"KERNEL_DISPATCH","Agent 4",1,0,5743,2928,224,"gemm_kernel_v2",2928,2850336798616206,2850336800086943,0,0,8,128,48,512,1,1,262144,1,1
"KERNEL_DISPATCH","Agent 4",1,0,5743,2929,117,"void at::native::vectorized_elementwise_kernel<4, at::native::FillFunctor<int>, std::array<char*, 1ul> >(int, at::native::FillFunctor<int>, std::array<char*, 1ul>)",2929,2850336800097343,2850336800299746,0,0,8,0,16,256,1,1,16777216,1,1
"KERNEL_DISPATCH","Agent 4",1,0,5743,2930,224,"gemm_kernel_v2",2930,2850336800309026,2850336801778643,0,0,8,128,48,512,1,1,262144,1,1
"KERNEL_DISPATCH","Agent 4",1,0,5743,2931,117,"void at::native::vectorized_elementwise_kernel<4, at::native::FillFunctor<int>, std::array<char*, 1ul> >(int, at::native::FillFunctor<int>, std::array<char*, 1ul>)",2931,2850336801789363,2850336801993526,0,0,8,0,16,256,1,1,16777216,1,1
"KERNEL_DISPATCH","Agent 4",1,0,5743,2932,224,"gemm_kernel_v2",2932,2850336802003286,2850336803476103,0,0,8,128,48,512,1,1,262144,1,1
"KERNEL_DISPATCH","Agent 4",1,0,5743,2933,117,"void at::native::vectorized_elementwise_kernel<4, at::native::FillFunctor<int>, std::array<char*, 1ul> >(int, at::native::FillFunctor<int>, std::array<char*, 1ul>)",2933,2850336803486663,2850336803688105,0,0,8,0,16,256,1,1,16777216,1,1
"KERNEL_DISPATCH","Agent 4",1,0,5743,2934,224,"gemm_kernel_v2",2934,2850336803697705,2850336805167003,0,0,8,128,48,512,1,1,262144,1,1
"KERNEL_DISPATCH","Agent 4",1,0,5743,2935,117,"void at::native::vectorized_elementwise_kernel<4, at::native::FillFunctor<int>, std::array<char*, 1ul> >(int, at::native::FillFunctor<int>, std::array<char*, 1ul>)",2935,2850336805177563,2850336805376445,0,0,8,0,16,256,1,1,16777216,1,1
"KERNEL_DISPATCH","Agent 4",1,0,5743,2936,224,"gemm_kernel_v2",2936,2850336805386045,2850336806859022,0,0,8,128,48,512,1,1,262144,1,1
"KERNEL_DISPATCH","Agent 4",1,0,5743,2937,117,"void at::native::vectorized_elementwise_kernel<4, at::native::FillFunctor<int>, std::array<char*, 1ul> >(int, at::native::FillFunctor<int>, std::array<char*, 1ul>)",2937,2850336806869582,2850336807070705,0,0,8,0,16,256,1,1,16777216,1,1
"KERNEL_DISPATCH","Agent 4",1,0,5743,2938,224,"gemm_kernel_v2",2938,2850336807079985,2850336808552802,0,0,8,128,48,512,1,1,262144,1,1
"KERNEL_DISPATCH","Agent 4",1,0,5743,2939,117,"void at::native::vectorized_elementwise_kernel<4, at::native::FillFunctor<int>, std::array<char*, 1ul> >(int, at::native::FillFunctor<int>, std::array<char*, 1ul>)",2939,2850336808563682,2850336808767045,0,0,8,0,16,256,1,1,16777216,1,1
"KERNEL_DISPATCH","Agent 4",1,0,5743,2940,224,"gemm_kernel_v2",2940,2850336808776645,2850336810241782,0,0,8,128,48,512,1,1,262144,1,1
"KERNEL_DISPATCH","Agent 4",1,0,5743,2941,117,"void at::native::vectorized_elementwise_kernel<4, at::native::FillFunctor<int>, std::array<char*, 1ul> >(int, at::native::FillFunctor<int>, std::array<char*, 1ul>)",2941,2850336810252502,2850336810452984,0,0,8,0,16,256,1,1,16777216,1,1
"KERNEL_DISPATCH","Agent 4",1,0,5743,2942,224,"gemm_kernel_v2",2942,2850336810462424,2850336811932041,0,0,8,128,48,512,1,1,262144,1,1
"KERNEL_DISPATCH","Agent 4",1,0,5743,2943,117,"void at::native::vectorized_elementwise_kernel<4, at::native::FillFunctor<int>, std::array<char*, 1ul> >(int, at::native::FillFunctor<int>, std::array<char*, 1ul>)",2943,2850336811942602,2850336812148844,0,0,8,0,16,256,1,1,16777216,1,1
"KERNEL_DISPATCH","Agent 4",1,0,5743,2944,224,"gemm_kernel_v2",2944,2850336812158924,2850336813625181,0,0,8,128,48,512,1,1,262144,1,1
"KERNEL_DISPATCH","Agent 4",1,0,5743,2945,117,"void at::native::vectorized_elementwise_kernel<4, at::native::FillFunctor<int>, std::array<char*, 1ul> >(int, at::native::FillFunctor<int>, std::array<char*, 1ul>)",2945,2850336813635421,2850336813837344,0,0,8,0,16,256,1,1,16777216,1,1
"KERNEL_DISPATCH","Agent 4",1,0,5743,2946,224,"gemm_kernel_v2",2946,2850336813847104,2850336815313041,0,0,8,128,48,512,1,1,262144,1,1
"KERNEL_DISPATCH","Agent 4",1,0,5743,2947,117,"void at::native::vectorized_elementwise_kernel<4, at::native::FillFunctor<int>, std::array<char*, 1ul> >(int, at::native::FillFunctor<int>, std::array<char*, 1ul>)",2947,2850336815323441,2850336815523283,0,0,8,0,16,256,1,1,16777216,1,1
"KERNEL_DISPATCH","Agent 4",1,0,5743,2948,224,"gemm_kernel_v2",2948,2850336815532724,2850336817000421,0,0,8,128,48,512,1,1,262144,1,1
"KERNEL_DISPATCH","Agent 4",1,0,5743,2949,117,"void at::native::vectorized_elementwise_kernel<4, at::native::FillFunctor<int>, std::array<char*, 1ul> >(int, at::native::FillFunctor<int>, std::array<char*, 1ul>)",2949,2850336817010981,2850336817215463,0,0,8,0,16,256,1,1,16777216,1,1
"KERNEL_DISPATCH","Agent 4",1,0,5743,2950,224,"gemm_kernel_v2",2950,2850336817225223,2850336818696120,0,0,8,128,48,512,1,1,262144,1,1
"KERNEL_DISPATCH","Agent 4",1,0,5743,2951,117,"void at::native::vectorized_elementwise_kernel<4, at::native::FillFunctor<int>, std::array<char*, 1ul> >(int, at::native::FillFunctor<int>, std::array<char*, 1ul>)",2951,2850336818706681,2850336818909883,0,0,8,0,16,256,1,1,16777216,1,1
"KERNEL_DISPATCH","Agent 4",1,0,5743,2952,224,"gemm_kernel_v2",2952,2850336818919643,2850336820392940,0,0,8,128,48,512,1,1,262144,1,1
"KERNEL_DISPATCH","Agent 4",1,0,5743,2953,117,"void at::native::vectorized_elementwise_kernel<4, at::native::FillFunctor<int>, std::array<char*, 1ul> >(int, at::native::FillFunctor<int>, std::array<char*, 1ul>)",2953,2850336820403500,2850336820603983,0,0,8,0,16,256,1,1,16777216,1,1
"KERNEL_DISPATCH","Agent 4",1,0,5743,2954,224,"gemm_kernel_v2",2954,2850336820613423,2850336822086720,0,0,8,128,48,512,1,1,262144,1,1
"KERNEL_DISPATCH","Agent 4",1,0,5743,2955,117,"void at::native::vectorized_elementwise_kernel<4, at::native::FillFunctor<int>, std::array<char*, 1ul> >(int, at::native::FillFunctor<int>, std::array<char*, 1ul>)",2955,2850336822097120,2850336822295842,0,0,8,0,16,256,1,1,16777216,1,1
"KERNEL_DISPATCH","Agent 4",1,0,5743,2956,224,"gemm_kernel_v2",2956,2850336822305283,2850336823769300,0,0,8,128,48,512,1,1,262144,1,1
"KERNEL_DISPATCH","Agent 4",1,0,5743,2957,117,"void at::native::vectorized_elementwise_kernel<4, at::native::FillFunctor<int>, std::array<char*, 1ul> >(int, at::native::FillFunctor<int>, std::array<char*, 1ul>)",2957,2850336823779700,2850336823982102,0,0,8,0,16,256,1,1,16777216,1,1
"KERNEL_DISPATCH","Agent 4",1,0,5743,2958,224,"gemm_kernel_v2",2958,2850336823991702,2850336825459399,0,0,8,128,48,512,1,1,262144,1,1
"KERNEL_DISPATCH","Agent 4",1,0,5743,2959,117,"void at::native::vectorized_elementwise_kernel<4, at::native::FillFunctor<int>, std::array<char*, 1ul> >(int, at::native::FillFunctor<int>, std::array<char*, 1ul>)",2959,2850336825469799,2850336825677642,0,0,8,0,16,256,1,1,16777216,1,1
"KERNEL_DISPATCH","Agent 4",1,0,5743,2960,224,"gemm_kernel_v2",2960,2850336825687242,2850336827156539,0,0,8,128,48,512,1,1,262144,1,1
"KERNEL_DISPATCH","Agent 4",1,0,5743,2961,117,"void at::native::vectorized_elementwise_kernel<4, at::native::FillFunctor<int>, std::array<char*, 1ul> >(int, at::native::FillFunctor<int>, std::array<char*, 1ul>)",2961,2850336827167099,2850336827366142,0,0,8,0,16,256,1,1,16777216,1,1
"KERNEL_DISPATCH","Agent 4",1,0,5743,2962,224,"gemm_kernel_v2",2962,2850336827375582,2850336828843119,0,0,8,128,48,512,1,1,262144,1,1
"KERNEL_DISPATCH","Agent 4",1,0,5743,2963,117,"void at::native::vectorized_elementwise_kernel<4, at::native::FillFunctor<int>, std::array<char*, 1ul> >(int, at::native::FillFunctor<int>, std::array<char*, 1ul>)",2963,2850336828853519,2850336829058961,0,0,8,0,16,256,1,1,16777216,1,1
"KERNEL_DISPATCH","Agent 4",1,0,5743,2964,224,"gemm_kernel_v2",2964,2850336829068721,2850336830536099,0,0,8,128,48,512,1,1,262144,1,1
"KERNEL_DISPATCH","Agent 4",1,0,5743,2965,117,"void at::native::vectorized_elementwise_kernel<4, at::native::FillFunctor<int>, std::array<char*, 1ul> >(int, at::native::FillFunctor<int>, std::array<char*, 1ul>)",2965,2850336830546659,2850336830754821,0,0,8,0,16,256,1,1,16777216,1,1
"KERNEL_DISPATCH","Agent 4",1,0,5743,2966,224,"gemm_kernel_v2",2966,2850336830764101,2850336832234678,0,0,8,128,48,512,1,1,262144,1,1
"KERNEL_DISPATCH","Agent 4",1,0,5743,2967,117,"void at::native::vectorized_elementwise_kernel<4, at::native::FillFunctor<int>, std::array<char*, 1ul> >(int, at::native::FillFunctor<int>, std::array<char*, 1ul>)",2967,2850336832245559,2850336832449401,0,0,8,0,16,256,1,1,16777216,1,1
"KERNEL_DISPATCH","Agent 4",1,0,5743,2968,224,"gemm_kernel_v2",2968,2850336832459161,2850336833933258,0,0,8,128,48,512,1,1,262144,1,1
"KERNEL_DISPATCH","Agent 4",1,0,5743,2969,117,"void at::native::vectorized_elementwise_kernel<4, at::native::FillFunctor<int>, std::array<char*, 1ul> >(int, at::native::FillFunctor<int>, std::array<char*, 1ul>)",2969,2850336833944458,2850336834145421,0,0,8,0,16,256,1,1,16777216,1,1
"KERNEL_DISPATCH","Agent 4",1,0,5743,2970,224,"gemm_kernel_v2",2970,2850336834155021,2850336835623998,0,0,8,128,48,512,1,1,262144,1,1
"KERNEL_DISPATCH","Agent 4",1,0,5743,2971,117,"void at::native::vectorized_elementwise_kernel<4, at::native::FillFunctor<int>, std::array<char*, 1ul> >(int, at::native::FillFunctor<int>, std::array<char*, 1ul>)",2971,2850336835634718,2850336835836960,0,0,8,0,16,256,1,1,16777216,1,1
"KERNEL_DISPATCH","Agent 4",1,0,5743,2972,224,"gemm_kernel_v2",2972,2850336835846561,2850336837318098,0,0,8,128,48,512,1,1,262144,1,1
"KERNEL_DISPATCH","Agent 4",1,0,5743,2973,117,"void at::native::vectorized_elementwise_kernel<4, at::native::FillFunctor<int>, std::array<char*, 1ul> >(int, at::native::FillFunctor<int>, std::array<char*, 1ul>)",2973,2850336837328498,2850336837528980,0,0,8,0,16,256,1,1,16777216,1,1
"KERNEL_DISPATCH","Agent 4",1,0,5743,2974,224,"gemm_kernel_v2",2974,2850336837538740,2850336839011717,0,0,8,128,48,512,1,1,262144,1,1
"KERNEL_DISPATCH","Agent 4",1,0,5743,2975,117,"void at::native::vectorized_elementwise_kernel<4, at::native::FillFunctor<int>, std::array<char*, 1ul> >(int, at::native::FillFunctor<int>, std::array<char*, 1ul>)",2975,2850336839022278,2850336839221960,0,0,8,0,16,256,1,1,16777216,1,1
"KERNEL_DISPATCH","Agent 4",1,0,5743,2976,224,"gemm_kernel_v2",2976,2850336839232200,2850336840700537,0,0,8,128,48,512,1,1,262144,1,1
"KERNEL_DISPATCH","Agent 4",1,0,5743,2977,117,"void at::native::vectorized_elementwise_kernel<4, at::native::FillFunctor<int>, std::array<char*, 1ul> >(int, at::native::FillFunctor<int>, std::array<char*, 1ul>)",2977,2850336840711257,2850336840912860,0,0,8,0,16,256,1,1,16777216,1,1
"KERNEL_DISPATCH","Agent 4",1,0,5743,2978,224,"gemm_kernel_v2",2978,2850336840922300,2850336842387757,0,0,8,128,48,512,1,1,262144,1,1
"KERNEL_DISPATCH","Agent 4",1,0,5743,2979,117,"void at::native::vectorized_elementwise_kernel<4, at::native::FillFunctor<int>, std::array<char*, 1ul> >(int, at::native::FillFunctor<int>, std::array<char*, 1ul>)",2979,2850336842398317,2850336842600399,0,0,8,0,16,256,1,1,16777216,1,1
"KERNEL_DISPATCH","Agent 4",1,0,5743,2980,224,"gemm_kernel_v2",2980,2850336842610159,2850336844077537,0,0,8,128,48,512,1,1,262144,1,1
"KERNEL_DISPATCH","Agent 4",1,0,5743,2981,117,"void at::native::vectorized_elementwise_kernel<4, at::native::FillFunctor<int>, std::array<char*, 1ul> >(int, at::native::FillFunctor<int>, std::array<char*, 1ul>)",2981,2850336844088257,2850336844291939,0,0,8,0,16,256,1,1,16777216,1,1
"KERNEL_DISPATCH","Agent 4",1,0,5743,2982,224,"gemm_kernel_v2",2982,2850336844301539,2850336845769076,0,0,8,128,48,512,1,1,262144,1,1
"KERNEL_DISPATCH","Agent 4",1,0,5743,2983,117,"void at::native::vectorized_elementwise_kernel<4, at::native::FillFunctor<int>, std::array<char*, 1ul> >(int, at::native::FillFunctor<int>, std::array<char*, 1ul>)",2983,2850336845779636,2850336845980439,0,0,8,0,16,256,1,1,16777216,1,1
"KERNEL_DISPATCH","Agent 4",1,0,5743,2984,224,"gemm_kernel_v2",2984,2850336845989879,2850336847460136,0,0,8,128,48,512,1,1,262144,1,1
"KERNEL_DISPATCH","Agent 4",1,0,5743,2985,117,"void at::native::vectorized_elementwise_kernel<4, at::native::FillFunctor<int>, std::array<char*, 1ul> >(int, at::native::FillFunctor<int>, std::array<char*, 1ul>)",2985,2850336847470536,2850336847679019,0,0,8,0,16,256,1,1,16777216,1,1
"KERNEL_DISPATCH","Agent 4",1,0,5743,2986,224,"gemm_kernel_v2",2986,2850336847688871,2850336849158808,0,0,8,128,48,512,1,1,262144,1,1
"KERNEL_DISPATCH","Agent 4",1,0,5743,2987,117,"void at::native::vectorized_elementwise_kernel<4, at::native::FillFunctor<int>, std::array<char*, 1ul> >(int, at::native::FillFunctor<int>, std::array<char*, 1ul>)",2987,2850336849169688,2850336849370330,0,0,8,0,16,256,1,1,16777216,1,1
"KERNEL_DISPATCH","Agent 4",1,0,5743,2988,224,"gemm_kernel_v2",2988,2850336849379930,2850336850846027,0,0,8,128,48,512,1,1,262144,1,1
"KERNEL_DISPATCH","Agent 4",1,0,5743,2989,117,"void at::native::vectorized_elementwise_kernel<4, at::native::FillFunctor<int>, std::array<char*, 1ul> >(int, at::native::FillFunctor<int>, std::array<char*, 1ul>)",2989,2850336850856747,2850336851058830,0,0,8,0,16,256,1,1,16777216,1,1
"KERNEL_DISPATCH","Agent 4",1,0,5743,2990,224,"gemm_kernel_v2",2990,2850336851068590,2850336852536127,0,0,8,128,48,512,1,1,262144,1,1
"KERNEL_DISPATCH","Agent 4",1,0,5743,2991,218,"gemm_kernel_v2",2991,2850336852819170,2850336854173266,0,0,112,0,48,512,1,1,262144,1,1
"KERNEL_DISPATCH","Agent 4",1,0,5743,2992,218,"gemm_kernel_v2",2992,2850336854173266,2850336855522082,0,0,112,0,48,512,1,1,262144,1,1
"KERNEL_DISPATCH","Agent 4",1,0,5743,2993,218,"gemm_kernel_v2",2993,2850336855522082,2850336856872018,0,0,112,0,48,512,1,1,262144,1,1
"KERNEL_DISPATCH","Agent 4",1,0,5743,2994,218,"gemm_kernel_v2",2994,2850336856872018,2850336858226753,0,0,112,0,48,512,1,1,262144,1,1
"KERNEL_DISPATCH","Agent 4",1,0,5743,2995,218,"gemm_kernel_v2",2995,2850336858226753,2850336859575729,0,0,112,0,48,512,1,1,262144,1,1
"KERNEL_DISPATCH","Agent 4",1,0,5743,2996,218,"gemm_kernel_v2",2996,2850336859575729,2850336860923905,0,0,112,0,48,512,1,1,262144,1,1
"KERNEL_DISPATCH","Agent 4",1,0,5743,2997,218,"gemm_kernel_v2",2997,2850336860923905,2850336862276081,0,0,112,0,48,512,1,1,262144,1,1
"KERNEL_DISPATCH","Agent 4",1,0,5743,2998,218,"gemm_kernel_v2",2998,2850336862276081,2850336863624896,0,0,112,0,48,512,1,1,262144,1,1
"KERNEL_DISPATCH","Agent 4",1,0,5743,2999,218,"gemm_kernel_v2",2999,2850336863624896,2850336864975152,0,0,112,0,48,512,1,1,262144,1,1
"KERNEL_DISPATCH","Agent 4",1,0,5743,3000,218,"gemm_kernel_v2",3000,2850336864975152,2850336866323488,0,0,112,0,48,512,1,1,262144,1,1
"KERNEL_DISPATCH","Agent 4",1,0,5743,3001,218,"gemm_kernel_v2",3001,2850336866418689,2850336867766865,0,0,112,0,48,512,1,1,262144,1,1
"KERNEL_DISPATCH","Agent 4",1,0,5743,3002,218,"gemm_kernel_v2",3002,2850336867766865,2850336869117121,0,0,112,0,48,512,1,1,262144,1,1
"KERNEL_DISPATCH","Agent 4",1,0,5743,3003,218,"gemm_kernel_v2",3003,2850336869117121,2850336870464496,0,0,112,0,48,512,1,1,262144,1,1
"KERNEL_DISPATCH","Agent 4",1,0,5743,3004,218,"gemm_kernel_v2",3004,2850336870464496,2850336871814912,0,0,112,0,48,512,1,1,262144,1,1
"KERNEL_DISPATCH","Agent 4",1,0,5743,3005,218,"gemm_kernel_v2",3005,2850336871814912,2850336873164208,0,0,112,0,48,512,1,1,262144,1,1
"KERNEL_DISPATCH","Agent 4",1,0,5743,3006,218,"gemm_kernel_v2",3006,2850336873164208,2850336874512864,0,0,112,0,48,512,1,1,262144,1,1
"KERNEL_DISPATCH","Agent 4",1,0,5743,3007,218,"gemm_kernel_v2",3007,2850336874512864,2850336875865359,0,0,112,0,48,512,1,1,262144,1,1
"KERNEL_DISPATCH","Agent 4",1,0,5743,3008,218,"gemm_kernel_v2",3008,2850336875865359,2850336877216095,0,0,112,0,48,512,1,1,262144,1,1
"KERNEL_DISPATCH","Agent 4",1,0,5743,3009,218,"gemm_kernel_v2",3009,2850336877216095,2850336878564431,0,0,112,0,48,512,1,1,262144,1,1
"KERNEL_DISPATCH","Agent 4",1,0,5743,3010,218,"gemm_kernel_v2",3010,2850336878564431,2850336879918367,0,0,112,0,48,512,1,1,262144,1,1
"KERNEL_DISPATCH","Agent 4",1,0,5743,3011,218,"gemm_kernel_v2",3011,2850336879918367,2850336881272783,0,0,112,0,48,512,1,1,262144,1,1
"KERNEL_DISPATCH","Agent 4",1,0,5743,3012,218,"gemm_kernel_v2",3012,2850336881272783,2850336882622718,0,0,112,0,48,512,1,1,262144,1,1
"KERNEL_DISPATCH","Agent 4",1,0,5743,3013,218,"gemm_kernel_v2",3013,2850336882622718,2850336883973134,0,0,112,0,48,512,1,1,262144,1,1
"KERNEL_DISPATCH","Agent 4",1,0,5743,3014,218,"gemm_kernel_v2",3014,2850336883973134,2850336885324030,0,0,112,0,48,512,1,1,262144,1,1
"KERNEL_DISPATCH","Agent 4",1,0,5743,3015,218,"gemm_kernel_v2",3015,2850336885324030,2850336886671566,0,0,112,0,48,512,1,1,262144,1,1
"KERNEL_DISPATCH","Agent 4",1,0,5743,3016,218,"gemm_kernel_v2",3016,2850336886671566,2850336888022781,0,0,112,0,48,512,1,1,262144,1,1
"KERNEL_DISPATCH","Agent 4",1,0,5743,3017,218,"gemm_kernel_v2",3017,2850336888022781,2850336889375597,0,0,112,0,48,512,1,1,262144,1,1
"KERNEL_DISPATCH","Agent 4",1,0,5743,3018,218,"gemm_kernel_v2",3018,2850336889375597,2850336890724253,0,0,112,0,48,512,1,1,262144,1,1
"KERNEL_DISPATCH","Agent 4",1,0,5743,3019,218,"gemm_kernel_v2",3019,2850336890724253,2850336892073069,0,0,112,0,48,512,1,1,262144,1,1
"KERNEL_DISPATCH","Agent 4",1,0,5743,3020,218,"gemm_kernel_v2",3020,2850336892073069,2850336893422524,0,0,112,0,48,512,1,1,262144,1,1
"KERNEL_DISPATCH","Agent 4",1,0,5743,3021,218,"gemm_kernel_v2",3021,2850336893422524,2850336894775500,0,0,112,0,48,512,1,1,262144,1,1
"KERNEL_DISPATCH","Agent 4",1,0,5743,3022,218,"gemm_kernel_v2",3022,2850336894775500,2850336896122876,0,0,112,0,48,512,1,1,262144,1,1
"KERNEL_DISPATCH","Agent 4",1,0,5743,3023,218,"gemm_kernel_v2",3023,2850336896122876,2850336897471212,0,0,112,0,48,512,1,1,262144,1,1
"KERNEL_DISPATCH","Agent 4",1,0,5743,3024,218,"gemm_kernel_v2",3024,2850336897471212,2850336898819868,0,0,112,0,48,512,1,1,262144,1,1
"KERNEL_DISPATCH","Agent 4",1,0,5743,3025,218,"gemm_kernel_v2",3025,2850336898819868,2850336900171723,0,0,112,0,48,512,1,1,262144,1,1
"KERNEL_DISPATCH","Agent 4",1,0,5743,3026,218,"gemm_kernel_v2",3026,2850336900171723,2850336901521659,0,0,112,0,48,512,1,1,262144,1,1
"KERNEL_DISPATCH","Agent 4",1,0,5743,3027,218,"gemm_kernel_v2",3027,2850336901521659,2850336902873515,0,0,112,0,48,512,1,1,262144,1,1
"KERNEL_DISPATCH","Agent 4",1,0,5743,3028,218,"gemm_kernel_v2",3028,2850336902873515,2850336904228411,0,0,112,0,48,512,1,1,262144,1,1
"KERNEL_DISPATCH","Agent 4",1,0,5743,3029,218,"gemm_kernel_v2",3029,2850336904228411,2850336905580106,0,0,112,0,48,512,1,1,262144,1,1
"KERNEL_DISPATCH","Agent 4",1,0,5743,3030,218,"gemm_kernel_v2",3030,2850336905580106,2850336906929882,0,0,112,0,48,512,1,1,262144,1,1
"KERNEL_DISPATCH","Agent 4",1,0,5743,3031,218,"gemm_kernel_v2",3031,2850336906929882,2850336908280618,0,0,112,0,48,512,1,1,262144,1,1
"KERNEL_DISPATCH","Agent 4",1,0,5743,3032,218,"gemm_kernel_v2",3032,2850336908280618,2850336909630554,0,0,112,0,48,512,1,1,262144,1,1
"KERNEL_DISPATCH","Agent 4",1,0,5743,3033,218,"gemm_kernel_v2",3033,2850336909630554,2850336910980330,0,0,112,0,48,512,1,1,262144,1,1
"KERNEL_DISPATCH","Agent 4",1,0,5743,3034,218,"gemm_kernel_v2",3034,2850336910980375,2850336912330310,0,0,112,0,48,512,1,1,262144,1,1
"KERNEL_DISPATCH","Agent 4",1,0,5743,3035,218,"gemm_kernel_v2",3035,2850336912330310,2850336913678485,0,0,112,0,48,512,1,1,262144,1,1
"KERNEL_DISPATCH","Agent 4",1,0,5743,3036,218,"gemm_kernel_v2",3036,2850336913678485,2850336915029381,0,0,112,0,48,512,1,1,262144,1,1
"KERNEL_DISPATCH","Agent 4",1,0,5743,3037,218,"gemm_kernel_v2",3037,2850336915029381,2850336916376757,0,0,112,0,48,512,1,1,262144,1,1
"KERNEL_DISPATCH","Agent 4",1,0,5743,3038,218,"gemm_kernel_v2",3038,2850336916376757,2850336917731333,0,0,112,0,48,512,1,1,262144,1,1
"KERNEL_DISPATCH","Agent 4",1,0,5743,3039,218,"gemm_kernel_v2",3039,2850336917731333,2850336919082868,0,0,112,0,48,512,1,1,262144,1,1
"KERNEL_DISPATCH","Agent 4",1,0,5743,3040,218,"gemm_kernel_v2",3040,2850336919082868,2850336920431844,0,0,112,0,48,512,1,1,262144,1,1
"KERNEL_DISPATCH","Agent 4",1,0,5743,3041,218,"gemm_kernel_v2",3041,2850336920431844,2850336921780180,0,0,112,0,48,512,1,1,262144,1,1
"KERNEL_DISPATCH","Agent 4",1,0,5743,3042,218,"gemm_kernel_v2",3042,2850336921780180,2850336923133156,0,0,112,0,48,512,1,1,262144,1,1
"KERNEL_DISPATCH","Agent 4",1,0,5743,3043,218,"gemm_kernel_v2",3043,2850336923133156,2850336924482611,0,0,112,0,48,512,1,1,262144,1,1
"KERNEL_DISPATCH","Agent 4",1,0,5743,3044,218,"gemm_kernel_v2",3044,2850336924482611,2850336925832547,0,0,112,0,48,512,1,1,262144,1,1
"KERNEL_DISPATCH","Agent 4",1,0,5743,3045,218,"gemm_kernel_v2",3045,2850336925832547,2850336927181043,0,0,112,0,48,512,1,1,262144,1,1
"KERNEL_DISPATCH","Agent 4",1,0,5743,3046,218,"gemm_kernel_v2",3046,2850336927181043,2850336928529859,0,0,112,0,48,512,1,1,262144,1,1
"KERNEL_DISPATCH","Agent 4",1,0,5743,3047,218,"gemm_kernel_v2",3047,2850336928529859,2850336929876435,0,0,112,0,48,512,1,1,262144,1,1
"KERNEL_DISPATCH","Agent 4",1,0,5743,3048,218,"gemm_kernel_v2",3048,2850336929876435,2850336931229410,0,0,112,0,48,512,1,1,262144,1,1
"KERNEL_DISPATCH","Agent 4",1,0,5743,3049,218,"gemm_kernel_v2",3049,2850336931229410,2850336932577106,0,0,112,0,48,512,1,1,262144,1,1
"KERNEL_DISPATCH","Agent 4",1,0,5743,3050,218,"gemm_kernel_v2",3050,2850336932577106,2850336933929122,0,0,112,0,48,512,1,1,262144,1,1
