"Kind","Agent_Id","Queue_Id","Stream_Id","Thread_Id","Dispatch_Id","Kernel_Id","Kernel_Name","Correlation_Id","Start_Timestamp","End_Timestamp","LDS_Block_Size","Scratch_Size","VGPR_Count","Accum_VGPR_Count","SGPR_Count","Workgroup_Size_X","Workgroup_Size_Y","Workgroup_Size_Z","Grid_Size_X","Grid_Size_Y","Grid_Size_Z"
"KERNEL_DISPATCH","Agent 4",1,0,5908,1,10,"void at::native::(anonymous namespace)::distribution_elementwise_grid_stride_kernel<float, 4, at::native::templates::cuda::normal_and_transform<c10::Half, float, at::CUDAGeneratorImpl*, at::native::templates::cuda::normal_kernel<at::CUDAGeneratorImpl*>(at::TensorBase const&, double, double, at::CUDAGeneratorImpl*)::{lambda()#1}::operator()() const::{lambda()#3}::operator()() const::{lambda(float)#1}>(at::TensorIteratorBase&, at::CUDAGeneratorImpl*, at::native::templates::cuda::normal_kernel<at::CUDAGeneratorImpl*>(at::TensorBase const&, double, double, at::CUDAGeneratorImpl*)::{lambda()#1}::operator()() const::{lambda()#3}::operator()() const::{lambda(float)#1})::{lambda(hiprandStatePhilox4_32_10*)#2}, at::native::(anonymous namespace)::distribution_nullary_kernel<c10::Half, float, HIP_vector_type<float, 4u>, at::CUDAGeneratorImpl*, at::native::templates::cuda::normal_and_transform<c10::Half, float, at::CUDAGeneratorImpl*, at::native::templates::cuda::normal_kernel<at::CUDAGeneratorImpl*>(at::TensorBase const&, double, double, at::CUDAGeneratorImpl*)::{lambda()#1}::operator()() const::{lambda()#3}::operator()() const::{lambda(float)#1}>(at::TensorIteratorBase&, at::CUDAGeneratorImpl*, at::native::templates::cuda::normal_kernel<at::CUDAGeneratorImpl*>(at::TensorBase const&, double, double, at::CUDAGeneratorImpl*)::{lambda()#1}::operator()() const::{lambda()#3}::operator()() const::{lambda(float)#1})::{lambda(hiprandStatePhilox4_32_10*)#2}, at::native::templates::cuda::normal_kernel<at::CUDAGeneratorImpl*>(at::TensorBase const&, double, double, at::CUDAGeneratorImpl*)::{lambda()#1}::operator()() const::{lambda()#3}::operator()() const::{lambda(float)#1}>(at::TensorIteratorBase&, at::CUDAGeneratorImpl*, at::native::templates::cuda::normal_and_transform<c10::Half, float, at::CUDAGeneratorImpl*, at::native::templates::cuda::normal_kernel<at::CUDAGeneratorImpl*>(at::TensorBase const&, double, double, at::CUDAGeneratorImpl*)::{lambda()#1}::operator()() const::{lambda()#3}::operator()() const::{lambda(float)#1}>(at::TensorIteratorBase&, at::CUDAGeneratorImpl*, at::native::templates::cuda::normal_kernel<at::CUDAGeneratorImpl*>(at::TensorBase const&, double, double, at::CUDAGeneratorImpl*)::{lambda()#1}::operator()() const::{lambda()#3}::operator()() const::{lambda(float)#1})::{lambda(hiprandStatePhilox4_32_10*)#2} const&, at::native::templates::cuda::normal_kernel<at::CUDAGeneratorImpl*>(at::TensorBase const&, double, double, at::CUDAGeneratorImpl*)::{lambda()#1}::operator()() const::{lambda()#3}::operator()() const::{lambda(float)#1})::{lambda(int, float)#1}>(long, at::PhiloxCudaState, at::native::templates::cuda::normal_and_transform<c10::Half, float, at::CUDAGeneratorImpl*, at::native::templates::cuda::normal_kernel<at::CUDAGeneratorImpl*>(at::TensorBase const&, double, double, at::CUDAGeneratorImpl*)::{lambda()#1}::operator()() const::{lambda()#3}::operator()() const::{lambda(float)#1}>(at::TensorIteratorBase&, at::CUDAGeneratorImpl*, at::native::templates::cuda::normal_kernel<at::CUDAGeneratorImpl*>(at::TensorBase const&, double, double, at::CUDAGeneratorImpl*)::{lambda()#1}::operator()() const::{lambda()#3}::operator()() const::{lambda(float)#1})::{lambda(hiprandStatePhilox4_32_10*)#2}, at::native::(anonymous namespace)::distribution_nullary_kernel<c10::Half, float, HIP_vector_type<float, 4u>, at::CUDAGeneratorImpl*, at::native::templates::cuda::normal_and_transform<c10::Half, float, at::CUDAGeneratorImpl*, at::native::templates::cuda::normal_kernel<at::CUDAGeneratorImpl*>(at::TensorBase const&, double, double, at::CUDAGeneratorImpl*)::{lambda()#1}::operator()() const::{lambda()#3}::operator()() const::{lambda(float)#1}>(at::TensorIteratorBase&, at::CUDAGeneratorImpl*, at::native::templates::cuda::normal_kernel<at::CUDAGeneratorImpl*>(at::TensorBase const&, double, double, at::CUDAGeneratorImpl*)::{lambda()#1}::operator()() const::{lambda()#3}::operator()() const::{lambda(float)#1})::{lambda(hiprandStatePhilox4_32_10*)#2}, at::native::templates::cuda::normal_kernel<at::CUDAGeneratorImpl*>(at::TensorBase const&, double, double, at::CUDAGeneratorImpl*)::{lambda()#1}::operator()() const::{lambda()#3}::operator()() const::{lambda(float)#1}>(at::TensorIteratorBase&, at::CUDAGeneratorImpl*, at::native::templates::cuda::normal_and_transform<c10::Half, float, at::CUDAGeneratorImpl*, at::native::templates::cuda::normal_kernel<at::CUDAGeneratorImpl*>(at::TensorBase const&, double, double, at::CUDAGeneratorImpl*)::{lambda()#1}::operator()() const::{lambda()#3}::operator()() const::{lambda(float)#1}>(at::TensorIteratorBase&, at::CUDAGeneratorImpl*, at::native::templates::cuda::normal_kernel<at::CUDAGeneratorImpl*>(at::TensorBase const&, double, double, at::CUDAGeneratorImpl*)::{lambda()#1}::operator()() const::{lambda()#3}::operator()() const::{lambda(float)#1})::{lambda(hiprandStatePhilox4_32_10*)#2} const&, at::native::templates::cuda::normal_kernel<at::CUDAGeneratorImpl*>(at::TensorBase const&, double, double, at::CUDAGeneratorImpl*)::{lambda()#1}::operator()() const::{lambda()#3}::operator()() const::{lambda(float)#1})::{lambda(int, float)#1})",1,2850413301218998,2850413301280118,0,0,52,4,48,256,1,1,225280,1,1
"KERNEL_DISPATCH","Agent 4",1,0,5908,2,10,"void at::native::(anonymous namespace)::distribution_elementwise_grid_stride_kernel<float, 4, at::native::templates::cuda::normal_and_transform<c10::Half, float, at::CUDAGeneratorImpl*, at::native::templates::cuda::normal_kernel<at::CUDAGeneratorImpl*>(at::TensorBase const&, double, double, at::CUDAGeneratorImpl*)::{lambda()#1}::operator()() const::{lambda()#3}::operator()() const::{lambda(float)#1}>(at::TensorIteratorBase&, at::CUDAGeneratorImpl*, at::native::templates::cuda::normal_kernel<at::CUDAGeneratorImpl*>(at::TensorBase const&, double, double, at::CUDAGeneratorImpl*)::{lambda()#1}::operator()() const::{lambda()#3}::operator()() const::{lambda(float)#1})::{lambda(hiprandStatePhilox4_32_10*)#2}, at::native::(anonymous namespace)::distribution_nullary_kernel<c10::Half, float, HIP_vector_type<float, 4u>, at::CUDAGeneratorImpl*, at::native::templates::cuda::normal_and_transform<c10::Half, float, at::CUDAGeneratorImpl*, at::native::templates::cuda::normal_kernel<at::CUDAGeneratorImpl*>(at::TensorBase const&, double, double, at::CUDAGeneratorImpl*)::{lambda()#1}::operator()() const::{lambda()#3}::operator()() const::{lambda(float)#1}>(at::TensorIteratorBase&, at::CUDAGeneratorImpl*, at::native::templates::cuda::normal_kernel<at::CUDAGeneratorImpl*>(at::TensorBase const&, double, double, at::CUDAGeneratorImpl*)::{lambda()#1}::operator()() const::{lambda()#3}::operator()() const::{lambda(float)#1})::{lambda(hiprandStatePhilox4_32_10*)#2}, at::native::templates::cuda::normal_kernel<at::CUDAGeneratorImpl*>(at::TensorBase const&, double, double, at::CUDAGeneratorImpl*)::{lambda()#1}::operator()() const::{lambda()#3}::operator()() const::{lambda(float)#1}>(at::TensorIteratorBase&, at::CUDAGeneratorImpl*, at::native::templates::cuda::normal_and_transform<c10::Half, float, at::CUDAGeneratorImpl*, at::native::templates::cuda::normal_kernel<at::CUDAGeneratorImpl*>(at::TensorBase const&, double, double, at::CUDAGeneratorImpl*)::{lambda()#1}::operator()() const::{lambda()#3}::operator()() const::{lambda(float)#1}>(at::TensorIteratorBase&, at::CUDAGeneratorImpl*, at::native::templates::cuda::normal_kernel<at::CUDAGeneratorImpl*>(at::TensorBase const&, double, double, at::CUDAGeneratorImpl*)::{lambda()#1}::operator()() const::{lambda()#3}::operator()() const::{lambda(float)#1})::{lambda(hiprandStatePhilox4_32_10*)#2} const&, at::native::templates::cuda::normal_kernel<at::CUDAGeneratorImpl*>(at::TensorBase const&, double, double, at::CUDAGeneratorImpl*)::{lambda()#1}::operator()() const::{lambda()#3}::operator()() const::{lambda(float)#1})::{lambda(int, float)#1}>(long, at::PhiloxCudaState, at::native::templates::cuda::normal_and_transform<c10::Half, float, at::CUDAGeneratorImpl*, at::native::templates::cuda::normal_kernel<at::CUDAGeneratorImpl*>(at::TensorBase const&, double, double, at::CUDAGeneratorImpl*)::{lambda()#1}::operator()() const::{lambda()#3}::operator()() const::{lambda(float)#1}>(at::TensorIteratorBase&, at::CUDAGeneratorImpl*, at::native::templates::cuda::normal_kernel<at::CUDAGeneratorImpl*>(at::TensorBase const&, double, double, at::CUDAGeneratorImpl*)::{lambda()#1}::operator()() const::{lambda()#3}::operator()() const::{lambda(float)#1})::{lambda(hiprandStatePhilox4_32_10*)#2}, at::native::(anonymous namespace)::distribution_nullary_kernel<c10::Half, float, HIP_vector_type<float, 4u>, at::CUDAGeneratorImpl*, at::native::templates::cuda::normal_and_transform<c10::Half, float, at::CUDAGeneratorImpl*, at::native::templates::cuda::normal_kernel<at::CUDAGeneratorImpl*>(at::TensorBase const&, double, double, at::CUDAGeneratorImpl*)::{lambda()#1}::operator()() const::{lambda()#3}::operator()() const::{lambda(float)#1}>(at::TensorIteratorBase&, at::CUDAGeneratorImpl*, at::native::templates::cuda::normal_kernel<at::CUDAGeneratorImpl*>(at::TensorBase const&, double, double, at::CUDAGeneratorImpl*)::{lambda()#1}::operator()() const::{lambda()#3}::operator()() const::{lambda(float)#1})::{lambda(hiprandStatePhilox4_32_10*)#2}, at::native::templates::cuda::normal_kernel<at::CUDAGeneratorImpl*>(at::TensorBase const&, double, double, at::CUDAGeneratorImpl*)::{lambda()#1}::operator()() const::{lambda()#3}::operator()() const::{lambda(float)#1}>(at::TensorIteratorBase&, at::CUDAGeneratorImpl*, at::native::templates::cuda::normal_and_transform<c10::Half, float, at::CUDAGeneratorImpl*, at::native::templates::cuda::normal_kernel<at::CUDAGeneratorImpl*>(at::TensorBase const&, double, double, at::CUDAGeneratorImpl*)::{lambda()#1}::operator()() const::{lambda()#3}::operator()() const::{lambda(float)#1}>(at::TensorIteratorBase&, at::CUDAGeneratorImpl*, at::native::templates::cuda::normal_kernel<at::CUDAGeneratorImpl*>(at::TensorBase const&, double, double, at::CUDAGeneratorImpl*)::{lambda()#1}::operator()() const::{lambda()#3}::operator()() const::{lambda(float)#1})::{lambda(hiprandStatePhilox4_32_10*)#2} const&, at::native::templates::cuda::normal_kernel<at::CUDAGeneratorImpl*>(at::TensorBase const&, double, double, at::CUDAGeneratorImpl*)::{lambda()#1}::operator()() const::{lambda()#3}::operator()() const::{lambda(float)#1})::{lambda(int, float)#1})",2,2850413301416759,2850413301695482,0,0,52,4,48,256,1,1,225280,1,1
"KERNEL_DISPATCH","Agent 4",1,0,5908,3,33,"gemm_kernel_v2",3,2850415335138041,2850415339514092,0,0,32,16,32,256,1,1,2818048,1,1
"KERNEL_DISPATCH","Agent 4",1,0,5908,4,120,"void at::native::vectorized_elementwise_kernel<4, at::native::FillFunctor<int>, std::array<char*, 1ul> >(int, at::native::FillFunctor<int>, std::array<char*, 1ul>)",4,2850415368177151,2850415368381953,0,0,8,0,16,256,1,1,16777216,1,1
"KERNEL_DISPATCH","Agent 4",1,0,5908,5,33,"gemm_kernel_v2",5,2850415368381953,2850415372548403,0,0,32,16,32,256,1,1,2818048,1,1
"KERNEL_DISPATCH","Agent 4",1,0,5908,6,120,"void at::native::vectorized_elementwise_kernel<4, at::native::FillFunctor<int>, std::array<char*, 1ul> >(int, at::native::FillFunctor<int>, std::array<char*, 1ul>)",6,2850415372548403,2850415372747925,0,0,8,0,16,256,1,1,16777216,1,1
"KERNEL_DISPATCH","Agent 4",1,0,5908,7,33,"gemm_kernel_v2",7,2850415372747925,2850415376943495,0,0,32,16,32,256,1,1,2818048,1,1
"KERNEL_DISPATCH","Agent 4",1,0,5908,8,120,"void at::native::vectorized_elementwise_kernel<4, at::native::FillFunctor<int>, std::array<char*, 1ul> >(int, at::native::FillFunctor<int>, std::array<char*, 1ul>)",8,2850415376943495,2850415377143657,0,0,8,0,16,256,1,1,16777216,1,1
"KERNEL_DISPATCH","Agent 4",1,0,5908,9,33,"gemm_kernel_v2",9,2850415377143657,2850415381453308,0,0,32,16,32,256,1,1,2818048,1,1
"KERNEL_DISPATCH","Agent 4",1,0,5908,10,120,"void at::native::vectorized_elementwise_kernel<4, at::native::FillFunctor<int>, std::array<char*, 1ul> >(int, at::native::FillFunctor<int>, std::array<char*, 1ul>)",10,2850415381453308,2850415381658271,0,0,8,0,16,256,1,1,16777216,1,1
"KERNEL_DISPATCH","Agent 4",1,0,5908,11,33,"gemm_kernel_v2",11,2850415381658271,2850415385792400,0,0,32,16,32,256,1,1,2818048,1,1
"KERNEL_DISPATCH","Agent 4",1,0,5908,12,120,"void at::native::vectorized_elementwise_kernel<4, at::native::FillFunctor<int>, std::array<char*, 1ul> >(int, at::native::FillFunctor<int>, std::array<char*, 1ul>)",12,2850415385792400,2850415385993842,0,0,8,0,16,256,1,1,16777216,1,1
"KERNEL_DISPATCH","Agent 4",1,0,5908,13,33,"gemm_kernel_v2",13,2850415385993842,2850415390363974,0,0,32,16,32,256,1,1,2818048,1,1
"KERNEL_DISPATCH","Agent 4",1,0,5908,14,33,"gemm_kernel_v2",14,2850415390466855,2850415394955548,0,0,32,16,32,256,1,1,2818048,1,1
"KERNEL_DISPATCH","Agent 4",1,0,5908,15,33,"gemm_kernel_v2",15,2850415394955548,2850415399047117,0,0,32,16,32,256,1,1,2818048,1,1
"KERNEL_DISPATCH","Agent 4",1,0,5908,16,120,"void at::native::vectorized_elementwise_kernel<4, at::native::FillFunctor<int>, std::array<char*, 1ul> >(int, at::native::FillFunctor<int>, std::array<char*, 1ul>)",16,2850415399047117,2850415399247759,0,0,8,0,16,256,1,1,16777216,1,1
"KERNEL_DISPATCH","Agent 4",1,0,5908,17,33,"gemm_kernel_v2",17,2850415399259276,2850415403636927,0,0,32,16,32,256,1,1,2818048,1,1
"KERNEL_DISPATCH","Agent 4",1,0,5908,18,120,"void at::native::vectorized_elementwise_kernel<4, at::native::FillFunctor<int>, std::array<char*, 1ul> >(int, at::native::FillFunctor<int>, std::array<char*, 1ul>)",18,2850415403644767,2850415403847329,0,0,8,0,16,256,1,1,16777216,1,1
"KERNEL_DISPATCH","Agent 4",1,0,5908,19,33,"gemm_kernel_v2",19,2850415403857089,2850415408060659,0,0,32,16,32,256,1,1,2818048,1,1
"KERNEL_DISPATCH","Agent 4",1,0,5908,20,120,"void at::native::vectorized_elementwise_kernel<4, at::native::FillFunctor<int>, std::array<char*, 1ul> >(int, at::native::FillFunctor<int>, std::array<char*, 1ul>)",20,2850415408068499,2850415408268501,0,0,8,0,16,256,1,1,16777216,1,1
"KERNEL_DISPATCH","Agent 4",1,0,5908,21,33,"gemm_kernel_v2",21,2850415408278581,2850415412718953,0,0,32,16,32,256,1,1,2818048,1,1
"KERNEL_DISPATCH","Agent 4",1,0,5908,22,120,"void at::native::vectorized_elementwise_kernel<4, at::native::FillFunctor<int>, std::array<char*, 1ul> >(int, at::native::FillFunctor<int>, std::array<char*, 1ul>)",22,2850415412726953,2850415412926956,0,0,8,0,16,256,1,1,16777216,1,1
"KERNEL_DISPATCH","Agent 4",1,0,5908,23,33,"gemm_kernel_v2",23,2850415412936556,2850415417162206,0,0,32,16,32,256,1,1,2818048,1,1
"KERNEL_DISPATCH","Agent 4",1,0,5908,24,120,"void at::native::vectorized_elementwise_kernel<4, at::native::FillFunctor<int>, std::array<char*, 1ul> >(int, at::native::FillFunctor<int>, std::array<char*, 1ul>)",24,2850415417170366,2850415417370048,0,0,8,0,16,256,1,1,16777216,1,1
"KERNEL_DISPATCH","Agent 4",1,0,5908,25,33,"gemm_kernel_v2",25,2850415417379968,2850415421756820,0,0,32,16,32,256,1,1,2818048,1,1
"KERNEL_DISPATCH","Agent 4",1,0,5908,26,120,"void at::native::vectorized_elementwise_kernel<4, at::native::FillFunctor<int>, std::array<char*, 1ul> >(int, at::native::FillFunctor<int>, std::array<char*, 1ul>)",26,2850415421764820,2850415421967862,0,0,8,0,16,256,1,1,16777216,1,1
"KERNEL_DISPATCH","Agent 4",1,0,5908,27,33,"gemm_kernel_v2",27,2850415421977462,2850415426472395,0,0,32,16,32,256,1,1,2818048,1,1
"KERNEL_DISPATCH","Agent 4",1,0,5908,28,120,"void at::native::vectorized_elementwise_kernel<4, at::native::FillFunctor<int>, std::array<char*, 1ul> >(int, at::native::FillFunctor<int>, std::array<char*, 1ul>)",28,2850415426480395,2850415426683598,0,0,8,0,16,256,1,1,16777216,1,1
"KERNEL_DISPATCH","Agent 4",1,0,5908,29,33,"gemm_kernel_v2",29,2850415426693998,2850415430828607,0,0,32,16,32,256,1,1,2818048,1,1
"KERNEL_DISPATCH","Agent 4",1,0,5908,30,120,"void at::native::vectorized_elementwise_kernel<4, at::native::FillFunctor<int>, std::array<char*, 1ul> >(int, at::native::FillFunctor<int>, std::array<char*, 1ul>)",30,2850415430836607,2850415431037089,0,0,8,0,16,256,1,1,16777216,1,1
"KERNEL_DISPATCH","Agent 4",1,0,5908,31,33,"gemm_kernel_v2",31,2850415431046689,2850415435543702,0,0,32,16,32,256,1,1,2818048,1,1
"KERNEL_DISPATCH","Agent 4",1,0,5908,32,120,"void at::native::vectorized_elementwise_kernel<4, at::native::FillFunctor<int>, std::array<char*, 1ul> >(int, at::native::FillFunctor<int>, std::array<char*, 1ul>)",32,2850415435551702,2850415435752665,0,0,8,0,16,256,1,1,16777216,1,1
"KERNEL_DISPATCH","Agent 4",1,0,5908,33,33,"gemm_kernel_v2",33,2850415435762585,2850415440416239,0,0,32,16,32,256,1,1,2818048,1,1
"KERNEL_DISPATCH","Agent 4",1,0,5908,34,202,"gemm_kernel_v2",34,2850415445381578,2850415449215223,0,0,36,4,32,512,1,1,5636096,1,1
"KERNEL_DISPATCH","Agent 4",1,0,5908,35,120,"void at::native::vectorized_elementwise_kernel<4, at::native::FillFunctor<int>, std::array<char*, 1ul> >(int, at::native::FillFunctor<int>, std::array<char*, 1ul>)",35,2850415449297944,2850415449496986,0,0,8,0,16,256,1,1,16777216,1,1
"KERNEL_DISPATCH","Agent 4",1,0,5908,36,202,"gemm_kernel_v2",36,2850415449496986,2850415453333031,0,0,36,4,32,512,1,1,5636096,1,1
"KERNEL_DISPATCH","Agent 4",1,0,5908,37,120,"void at::native::vectorized_elementwise_kernel<4, at::native::FillFunctor<int>, std::array<char*, 1ul> >(int, at::native::FillFunctor<int>, std::array<char*, 1ul>)",37,2850415453333031,2850415453533194,0,0,8,0,16,256,1,1,16777216,1,1
"KERNEL_DISPATCH","Agent 4",1,0,5908,38,202,"gemm_kernel_v2",38,2850415453533194,2850415457372439,0,0,36,4,32,512,1,1,5636096,1,1
"KERNEL_DISPATCH","Agent 4",1,0,5908,39,120,"void at::native::vectorized_elementwise_kernel<4, at::native::FillFunctor<int>, std::array<char*, 1ul> >(int, at::native::FillFunctor<int>, std::array<char*, 1ul>)",39,2850415457372439,2850415457574041,0,0,8,0,16,256,1,1,16777216,1,1
"KERNEL_DISPATCH","Agent 4",1,0,5908,40,202,"gemm_kernel_v2",40,2850415457574041,2850415461414567,0,0,36,4,32,512,1,1,5636096,1,1
"KERNEL_DISPATCH","Agent 4",1,0,5908,41,120,"void at::native::vectorized_elementwise_kernel<4, at::native::FillFunctor<int>, std::array<char*, 1ul> >(int, at::native::FillFunctor<int>, std::array<char*, 1ul>)",41,2850415461414567,2850415461618249,0,0,8,0,16,256,1,1,16777216,1,1
"KERNEL_DISPATCH","Agent 4",1,0,5908,42,202,"gemm_kernel_v2",42,2850415461618249,2850415465453014,0,0,36,4,32,512,1,1,5636096,1,1
"KERNEL_DISPATCH","Agent 4",1,0,5908,43,120,"void at::native::vectorized_elementwise_kernel<4, at::native::FillFunctor<int>, std::array<char*, 1ul> >(int, at::native::FillFunctor<int>, std::array<char*, 1ul>)",43,2850415465453014,2850415465656697,0,0,8,0,16,256,1,1,16777216,1,1
"KERNEL_DISPATCH","Agent 4",1,0,5908,44,202,"gemm_kernel_v2",44,2850415465656773,2850415469494578,0,0,36,4,32,512,1,1,5636096,1,1
"KERNEL_DISPATCH","Agent 4",1,0,5908,45,202,"gemm_kernel_v2",45,2850415469613459,2850415473452704,0,0,36,4,32,512,1,1,5636096,1,1
"KERNEL_DISPATCH","Agent 4",1,0,5908,46,202,"gemm_kernel_v2",46,2850415473452704,2850415477289709,0,0,36,4,32,512,1,1,5636096,1,1
"KERNEL_DISPATCH","Agent 4",1,0,5908,47,202,"gemm_kernel_v2",47,2850415477289709,2850415481128955,0,0,36,4,32,512,1,1,5636096,1,1
"KERNEL_DISPATCH","Agent 4",1,0,5908,48,202,"gemm_kernel_v2",48,2850415481128955,2850415484970920,0,0,36,4,32,512,1,1,5636096,1,1
"KERNEL_DISPATCH","Agent 4",1,0,5908,49,202,"gemm_kernel_v2",49,2850415484970920,2850415488810165,0,0,36,4,32,512,1,1,5636096,1,1
"KERNEL_DISPATCH","Agent 4",1,0,5908,50,202,"gemm_kernel_v2",50,2850415488810165,2850415492652771,0,0,36,4,32,512,1,1,5636096,1,1
"KERNEL_DISPATCH","Agent 4",1,0,5908,51,120,"void at::native::vectorized_elementwise_kernel<4, at::native::FillFunctor<int>, std::array<char*, 1ul> >(int, at::native::FillFunctor<int>, std::array<char*, 1ul>)",51,2850415492652771,2850415492849573,0,0,8,0,16,256,1,1,16777216,1,1
"KERNEL_DISPATCH","Agent 4",1,0,5908,52,202,"gemm_kernel_v2",52,2850415492860933,2850415496704819,0,0,36,4,32,512,1,1,5636096,1,1
"KERNEL_DISPATCH","Agent 4",1,0,5908,53,120,"void at::native::vectorized_elementwise_kernel<4, at::native::FillFunctor<int>, std::array<char*, 1ul> >(int, at::native::FillFunctor<int>, std::array<char*, 1ul>)",53,2850415496713139,2850415496910741,0,0,8,0,16,256,1,1,16777216,1,1
"KERNEL_DISPATCH","Agent 4",1,0,5908,54,202,"gemm_kernel_v2",54,2850415496920341,2850415500762467,0,0,36,4,32,512,1,1,5636096,1,1
"KERNEL_DISPATCH","Agent 4",1,0,5908,55,120,"void at::native::vectorized_elementwise_kernel<4, at::native::FillFunctor<int>, std::array<char*, 1ul> >(int, at::native::FillFunctor<int>, std::array<char*, 1ul>)",55,2850415500771107,2850415500973189,0,0,8,0,16,256,1,1,16777216,1,1
"KERNEL_DISPATCH","Agent 4",1,0,5908,56,202,"gemm_kernel_v2",56,2850415500983109,2850415504824754,0,0,36,4,32,512,1,1,5636096,1,1
"KERNEL_DISPATCH","Agent 4",1,0,5908,57,120,"void at::native::vectorized_elementwise_kernel<4, at::native::FillFunctor<int>, std::array<char*, 1ul> >(int, at::native::FillFunctor<int>, std::array<char*, 1ul>)",57,2850415504833075,2850415505034997,0,0,8,0,16,256,1,1,16777216,1,1
"KERNEL_DISPATCH","Agent 4",1,0,5908,58,202,"gemm_kernel_v2",58,2850415505044597,2850415508887682,0,0,36,4,32,512,1,1,5636096,1,1
"KERNEL_DISPATCH","Agent 4",1,0,5908,59,120,"void at::native::vectorized_elementwise_kernel<4, at::native::FillFunctor<int>, std::array<char*, 1ul> >(int, at::native::FillFunctor<int>, std::array<char*, 1ul>)",59,2850415508896003,2850415509094725,0,0,8,0,16,256,1,1,16777216,1,1
"KERNEL_DISPATCH","Agent 4",1,0,5908,60,202,"gemm_kernel_v2",60,2850415509104165,2850415512946450,0,0,36,4,32,512,1,1,5636096,1,1
"KERNEL_DISPATCH","Agent 4",1,0,5908,61,120,"void at::native::vectorized_elementwise_kernel<4, at::native::FillFunctor<int>, std::array<char*, 1ul> >(int, at::native::FillFunctor<int>, std::array<char*, 1ul>)",61,2850415512954770,2850415513153973,0,0,8,0,16,256,1,1,16777216,1,1
"KERNEL_DISPATCH","Agent 4",1,0,5908,62,202,"gemm_kernel_v2",62,2850415513163253,2850415516999298,0,0,36,4,32,512,1,1,5636096,1,1
"KERNEL_DISPATCH","Agent 4",1,0,5908,63,120,"void at::native::vectorized_elementwise_kernel<4, at::native::FillFunctor<int>, std::array<char*, 1ul> >(int, at::native::FillFunctor<int>, std::array<char*, 1ul>)",63,2850415517007458,2850415517208261,0,0,8,0,16,256,1,1,16777216,1,1
"KERNEL_DISPATCH","Agent 4",1,0,5908,64,202,"gemm_kernel_v2",64,2850415517217861,2850415521060786,0,0,36,4,32,512,1,1,5636096,1,1
"KERNEL_DISPATCH","Agent 4",1,0,5908,65,120,"void at::native::vectorized_elementwise_kernel<4, at::native::FillFunctor<int>, std::array<char*, 1ul> >(int, at::native::FillFunctor<int>, std::array<char*, 1ul>)",65,2850415521068946,2850415521269269,0,0,8,0,16,256,1,1,16777216,1,1
"KERNEL_DISPATCH","Agent 4",1,0,5908,66,202,"gemm_kernel_v2",66,2850415521278549,2850415525126754,0,0,36,4,32,512,1,1,5636096,1,1
"KERNEL_DISPATCH","Agent 4",1,0,5908,67,120,"void at::native::vectorized_elementwise_kernel<4, at::native::FillFunctor<int>, std::array<char*, 1ul> >(int, at::native::FillFunctor<int>, std::array<char*, 1ul>)",67,2850415525134914,2850415525334597,0,0,8,0,16,256,1,1,16777216,1,1
"KERNEL_DISPATCH","Agent 4",1,0,5908,68,202,"gemm_kernel_v2",68,2850415525344357,2850415529190962,0,0,36,4,32,512,1,1,5636096,1,1
"KERNEL_DISPATCH","Agent 4",1,0,5908,69,120,"void at::native::vectorized_elementwise_kernel<4, at::native::FillFunctor<int>, std::array<char*, 1ul> >(int, at::native::FillFunctor<int>, std::array<char*, 1ul>)",69,2850415529199442,2850415529402165,0,0,8,0,16,256,1,1,16777216,1,1
"KERNEL_DISPATCH","Agent 4",1,0,5908,70,202,"gemm_kernel_v2",70,2850415529411558,2850415533255763,0,0,36,4,32,512,1,1,5636096,1,1
"KERNEL_DISPATCH","Agent 4",1,0,5908,71,120,"void at::native::vectorized_elementwise_kernel<4, at::native::FillFunctor<int>, std::array<char*, 1ul> >(int, at::native::FillFunctor<int>, std::array<char*, 1ul>)",71,2850415533263763,2850415533465365,0,0,8,0,16,256,1,1,16777216,1,1
"KERNEL_DISPATCH","Agent 4",1,0,5908,72,202,"gemm_kernel_v2",72,2850415533474965,2850415537319010,0,0,36,4,32,512,1,1,5636096,1,1
"KERNEL_DISPATCH","Agent 4",1,0,5908,73,120,"void at::native::vectorized_elementwise_kernel<4, at::native::FillFunctor<int>, std::array<char*, 1ul> >(int, at::native::FillFunctor<int>, std::array<char*, 1ul>)",73,2850415537327330,2850415537525253,0,0,8,0,16,256,1,1,16777216,1,1
"KERNEL_DISPATCH","Agent 4",1,0,5908,74,202,"gemm_kernel_v2",74,2850415537534533,2850415541377938,0,0,36,4,32,512,1,1,5636096,1,1
"KERNEL_DISPATCH","Agent 4",1,0,5908,75,120,"void at::native::vectorized_elementwise_kernel<4, at::native::FillFunctor<int>, std::array<char*, 1ul> >(int, at::native::FillFunctor<int>, std::array<char*, 1ul>)",75,2850415541386098,2850415541584021,0,0,8,0,16,256,1,1,16777216,1,1
"KERNEL_DISPATCH","Agent 4",1,0,5908,76,202,"gemm_kernel_v2",76,2850415541593941,2850415545437186,0,0,36,4,32,512,1,1,5636096,1,1
"KERNEL_DISPATCH","Agent 4",1,0,5908,77,120,"void at::native::vectorized_elementwise_kernel<4, at::native::FillFunctor<int>, std::array<char*, 1ul> >(int, at::native::FillFunctor<int>, std::array<char*, 1ul>)",77,2850415545445506,2850415545643588,0,0,8,0,16,256,1,1,16777216,1,1
"KERNEL_DISPATCH","Agent 4",1,0,5908,78,202,"gemm_kernel_v2",78,2850415545652869,2850415549498674,0,0,36,4,32,512,1,1,5636096,1,1
"KERNEL_DISPATCH","Agent 4",1,0,5908,79,120,"void at::native::vectorized_elementwise_kernel<4, at::native::FillFunctor<int>, std::array<char*, 1ul> >(int, at::native::FillFunctor<int>, std::array<char*, 1ul>)",79,2850415549506674,2850415549704756,0,0,8,0,16,256,1,1,16777216,1,1
"KERNEL_DISPATCH","Agent 4",1,0,5908,80,202,"gemm_kernel_v2",80,2850415549714516,2850415553557282,0,0,36,4,32,512,1,1,5636096,1,1
"KERNEL_DISPATCH","Agent 4",1,0,5908,81,120,"void at::native::vectorized_elementwise_kernel<4, at::native::FillFunctor<int>, std::array<char*, 1ul> >(int, at::native::FillFunctor<int>, std::array<char*, 1ul>)",81,2850415553565762,2850415553766724,0,0,8,0,16,256,1,1,16777216,1,1
"KERNEL_DISPATCH","Agent 4",1,0,5908,82,202,"gemm_kernel_v2",82,2850415553776004,2850415557621330,0,0,36,4,32,512,1,1,5636096,1,1
"KERNEL_DISPATCH","Agent 4",1,0,5908,83,120,"void at::native::vectorized_elementwise_kernel<4, at::native::FillFunctor<int>, std::array<char*, 1ul> >(int, at::native::FillFunctor<int>, std::array<char*, 1ul>)",83,2850415557629490,2850415557825812,0,0,8,0,16,256,1,1,16777216,1,1
"KERNEL_DISPATCH","Agent 4",1,0,5908,84,202,"gemm_kernel_v2",84,2850415557835412,2850415561682977,0,0,36,4,32,512,1,1,5636096,1,1
"KERNEL_DISPATCH","Agent 4",1,0,5908,85,120,"void at::native::vectorized_elementwise_kernel<4, at::native::FillFunctor<int>, std::array<char*, 1ul> >(int, at::native::FillFunctor<int>, std::array<char*, 1ul>)",85,2850415561691298,2850415561891620,0,0,8,0,16,256,1,1,16777216,1,1
"KERNEL_DISPATCH","Agent 4",1,0,5908,86,202,"gemm_kernel_v2",86,2850415561900900,2850415565741105,0,0,36,4,32,512,1,1,5636096,1,1
"KERNEL_DISPATCH","Agent 4",1,0,5908,87,120,"void at::native::vectorized_elementwise_kernel<4, at::native::FillFunctor<int>, std::array<char*, 1ul> >(int, at::native::FillFunctor<int>, std::array<char*, 1ul>)",87,2850415565749105,2850415565949108,0,0,8,0,16,256,1,1,16777216,1,1
"KERNEL_DISPATCH","Agent 4",1,0,5908,88,202,"gemm_kernel_v2",88,2850415565958868,2850415569804033,0,0,36,4,32,512,1,1,5636096,1,1
"KERNEL_DISPATCH","Agent 4",1,0,5908,89,120,"void at::native::vectorized_elementwise_kernel<4, at::native::FillFunctor<int>, std::array<char*, 1ul> >(int, at::native::FillFunctor<int>, std::array<char*, 1ul>)",89,2850415569812833,2850415570012196,0,0,8,0,16,256,1,1,16777216,1,1
"KERNEL_DISPATCH","Agent 4",1,0,5908,90,202,"gemm_kernel_v2",90,2850415570021636,2850415573869201,0,0,36,4,32,512,1,1,5636096,1,1
"KERNEL_DISPATCH","Agent 4",1,0,5908,91,120,"void at::native::vectorized_elementwise_kernel<4, at::native::FillFunctor<int>, std::array<char*, 1ul> >(int, at::native::FillFunctor<int>, std::array<char*, 1ul>)",91,2850415573877361,2850415574082484,0,0,8,0,16,256,1,1,16777216,1,1
"KERNEL_DISPATCH","Agent 4",1,0,5908,92,202,"gemm_kernel_v2",92,2850415574092884,2850415577939169,0,0,36,4,32,512,1,1,5636096,1,1
"KERNEL_DISPATCH","Agent 4",1,0,5908,93,120,"void at::native::vectorized_elementwise_kernel<4, at::native::FillFunctor<int>, std::array<char*, 1ul> >(int, at::native::FillFunctor<int>, std::array<char*, 1ul>)",93,2850415577947649,2850415578148291,0,0,8,0,16,256,1,1,16777216,1,1
"KERNEL_DISPATCH","Agent 4",1,0,5908,94,202,"gemm_kernel_v2",94,2850415578157732,2850415582004017,0,0,36,4,32,512,1,1,5636096,1,1
"KERNEL_DISPATCH","Agent 4",1,0,5908,95,120,"void at::native::vectorized_elementwise_kernel<4, at::native::FillFunctor<int>, std::array<char*, 1ul> >(int, at::native::FillFunctor<int>, std::array<char*, 1ul>)",95,2850415582012017,2850415582218419,0,0,8,0,16,256,1,1,16777216,1,1
"KERNEL_DISPATCH","Agent 4",1,0,5908,96,202,"gemm_kernel_v2",96,2850415582228180,2850415586066145,0,0,36,4,32,512,1,1,5636096,1,1
"KERNEL_DISPATCH","Agent 4",1,0,5908,97,120,"void at::native::vectorized_elementwise_kernel<4, at::native::FillFunctor<int>, std::array<char*, 1ul> >(int, at::native::FillFunctor<int>, std::array<char*, 1ul>)",97,2850415586074785,2850415586273987,0,0,8,0,16,256,1,1,16777216,1,1
"KERNEL_DISPATCH","Agent 4",1,0,5908,98,202,"gemm_kernel_v2",98,2850415586283587,2850415590130833,0,0,36,4,32,512,1,1,5636096,1,1
"KERNEL_DISPATCH","Agent 4",1,0,5908,99,203,"gemm_kernel_v2",99,2850415595001942,2850415597909016,0,0,44,12,48,256,1,1,2818048,1,1
"KERNEL_DISPATCH","Agent 4",1,0,5908,100,120,"void at::native::vectorized_elementwise_kernel<4, at::native::FillFunctor<int>, std::array<char*, 1ul> >(int, at::native::FillFunctor<int>, std::array<char*, 1ul>)",100,2850415597986936,2850415598185979,0,0,8,0,16,256,1,1,16777216,1,1
"KERNEL_DISPATCH","Agent 4",1,0,5908,101,203,"gemm_kernel_v2",101,2850415598185979,2850415601095613,0,0,44,12,48,256,1,1,2818048,1,1
"KERNEL_DISPATCH","Agent 4",1,0,5908,102,120,"void at::native::vectorized_elementwise_kernel<4, at::native::FillFunctor<int>, std::array<char*, 1ul> >(int, at::native::FillFunctor<int>, std::array<char*, 1ul>)",102,2850415601095613,2850415601302496,0,0,8,0,16,256,1,1,16777216,1,1
"KERNEL_DISPATCH","Agent 4",1,0,5908,103,203,"gemm_kernel_v2",103,2850415601302496,2850415604210050,0,0,44,12,48,256,1,1,2818048,1,1
"KERNEL_DISPATCH","Agent 4",1,0,5908,104,120,"void at::native::vectorized_elementwise_kernel<4, at::native::FillFunctor<int>, std::array<char*, 1ul> >(int, at::native::FillFunctor<int>, std::array<char*, 1ul>)",104,2850415604210050,2850415604416773,0,0,8,0,16,256,1,1,16777216,1,1
"KERNEL_DISPATCH","Agent 4",1,0,5908,105,203,"gemm_kernel_v2",105,2850415604416773,2850415607327047,0,0,44,12,48,256,1,1,2818048,1,1
"KERNEL_DISPATCH","Agent 4",1,0,5908,106,120,"void at::native::vectorized_elementwise_kernel<4, at::native::FillFunctor<int>, std::array<char*, 1ul> >(int, at::native::FillFunctor<int>, std::array<char*, 1ul>)",106,2850415607327047,2850415607528489,0,0,8,0,16,256,1,1,16777216,1,1
"KERNEL_DISPATCH","Agent 4",1,0,5908,107,203,"gemm_kernel_v2",107,2850415607528489,2850415610432684,0,0,44,12,48,256,1,1,2818048,1,1
"KERNEL_DISPATCH","Agent 4",1,0,5908,108,120,"void at::native::vectorized_elementwise_kernel<4, at::native::FillFunctor<int>, std::array<char*, 1ul> >(int, at::native::FillFunctor<int>, std::array<char*, 1ul>)",108,2850415610432684,2850415610631086,0,0,8,0,16,256,1,1,16777216,1,1
"KERNEL_DISPATCH","Agent 4",1,0,5908,109,203,"gemm_kernel_v2",109,2850415610631086,2850415613533041,0,0,44,12,48,256,1,1,2818048,1,1
"KERNEL_DISPATCH","Agent 4",1,0,5908,110,203,"gemm_kernel_v2",110,2850415613664882,2850415616570837,0,0,44,12,48,256,1,1,2818048,1,1
"KERNEL_DISPATCH","Agent 4",1,0,5908,111,203,"gemm_kernel_v2",111,2850415616570837,2850415619476631,0,0,44,12,48,256,1,1,2818048,1,1
"KERNEL_DISPATCH","Agent 4",1,0,5908,112,203,"gemm_kernel_v2",112,2850415619476631,2850415622383226,0,0,44,12,48,256,1,1,2818048,1,1
"KERNEL_DISPATCH","Agent 4",1,0,5908,113,203,"gemm_kernel_v2",113,2850415622383226,2850415625286140,0,0,44,12,48,256,1,1,2818048,1,1
"KERNEL_DISPATCH","Agent 4",1,0,5908,114,203,"gemm_kernel_v2",114,2850415625286140,2850415628191774,0,0,44,12,48,256,1,1,2818048,1,1
"KERNEL_DISPATCH","Agent 4",1,0,5908,115,203,"gemm_kernel_v2",115,2850415628191774,2850415631094849,0,0,44,12,48,256,1,1,2818048,1,1
"KERNEL_DISPATCH","Agent 4",1,0,5908,116,203,"gemm_kernel_v2",116,2850415631094849,2850415634007363,0,0,44,12,48,256,1,1,2818048,1,1
"KERNEL_DISPATCH","Agent 4",1,0,5908,117,203,"gemm_kernel_v2",117,2850415634007363,2850415636920358,0,0,44,12,48,256,1,1,2818048,1,1
"KERNEL_DISPATCH","Agent 4",1,0,5908,118,120,"void at::native::vectorized_elementwise_kernel<4, at::native::FillFunctor<int>, std::array<char*, 1ul> >(int, at::native::FillFunctor<int>, std::array<char*, 1ul>)",118,2850415636920358,2850415637123080,0,0,8,0,16,256,1,1,16777216,1,1
"KERNEL_DISPATCH","Agent 4",1,0,5908,119,203,"gemm_kernel_v2",119,2850415637134600,2850415640036395,0,0,44,12,48,256,1,1,2818048,1,1
"KERNEL_DISPATCH","Agent 4",1,0,5908,120,120,"void at::native::vectorized_elementwise_kernel<4, at::native::FillFunctor<int>, std::array<char*, 1ul> >(int, at::native::FillFunctor<int>, std::array<char*, 1ul>)",120,2850415640044875,2850415640251117,0,0,8,0,16,256,1,1,16777216,1,1
"KERNEL_DISPATCH","Agent 4",1,0,5908,121,203,"gemm_kernel_v2",121,2850415640261037,2850415643165552,0,0,44,12,48,256,1,1,2818048,1,1
"KERNEL_DISPATCH","Agent 4",1,0,5908,122,120,"void at::native::vectorized_elementwise_kernel<4, at::native::FillFunctor<int>, std::array<char*, 1ul> >(int, at::native::FillFunctor<int>, std::array<char*, 1ul>)",122,2850415643174192,2850415643373394,0,0,8,0,16,256,1,1,16777216,1,1
"KERNEL_DISPATCH","Agent 4",1,0,5908,123,203,"gemm_kernel_v2",123,2850415643382994,2850415646288469,0,0,44,12,48,256,1,1,2818048,1,1
"KERNEL_DISPATCH","Agent 4",1,0,5908,124,120,"void at::native::vectorized_elementwise_kernel<4, at::native::FillFunctor<int>, std::array<char*, 1ul> >(int, at::native::FillFunctor<int>, std::array<char*, 1ul>)",124,2850415646296469,2850415646498071,0,0,8,0,16,256,1,1,16777216,1,1
"KERNEL_DISPATCH","Agent 4",1,0,5908,125,203,"gemm_kernel_v2",125,2850415646507991,2850415649415706,0,0,44,12,48,256,1,1,2818048,1,1
"KERNEL_DISPATCH","Agent 4",1,0,5908,126,120,"void at::native::vectorized_elementwise_kernel<4, at::native::FillFunctor<int>, std::array<char*, 1ul> >(int, at::native::FillFunctor<int>, std::array<char*, 1ul>)",126,2850415649424026,2850415649625148,0,0,8,0,16,256,1,1,16777216,1,1
"KERNEL_DISPATCH","Agent 4",1,0,5908,127,203,"gemm_kernel_v2",127,2850415649634749,2850415652542943,0,0,44,12,48,256,1,1,2818048,1,1
"KERNEL_DISPATCH","Agent 4",1,0,5908,128,120,"void at::native::vectorized_elementwise_kernel<4, at::native::FillFunctor<int>, std::array<char*, 1ul> >(int, at::native::FillFunctor<int>, std::array<char*, 1ul>)",128,2850415652551103,2850415652750945,0,0,8,0,16,256,1,1,16777216,1,1
"KERNEL_DISPATCH","Agent 4",1,0,5908,129,203,"gemm_kernel_v2",129,2850415652760546,2850415655670340,0,0,44,12,48,256,1,1,2818048,1,1
"KERNEL_DISPATCH","Agent 4",1,0,5908,130,120,"void at::native::vectorized_elementwise_kernel<4, at::native::FillFunctor<int>, std::array<char*, 1ul> >(int, at::native::FillFunctor<int>, std::array<char*, 1ul>)",130,2850415655678820,2850415655879463,0,0,8,0,16,256,1,1,16777216,1,1
"KERNEL_DISPATCH","Agent 4",1,0,5908,131,203,"gemm_kernel_v2",131,2850415655889063,2850415658795977,0,0,44,12,48,256,1,1,2818048,1,1
"KERNEL_DISPATCH","Agent 4",1,0,5908,132,120,"void at::native::vectorized_elementwise_kernel<4, at::native::FillFunctor<int>, std::array<char*, 1ul> >(int, at::native::FillFunctor<int>, std::array<char*, 1ul>)",132,2850415658804457,2850415659005260,0,0,8,0,16,256,1,1,16777216,1,1
"KERNEL_DISPATCH","Agent 4",1,0,5908,133,203,"gemm_kernel_v2",133,2850415659014475,2850415661919789,0,0,44,12,48,256,1,1,2818048,1,1
"KERNEL_DISPATCH","Agent 4",1,0,5908,134,120,"void at::native::vectorized_elementwise_kernel<4, at::native::FillFunctor<int>, std::array<char*, 1ul> >(int, at::native::FillFunctor<int>, std::array<char*, 1ul>)",134,2850415661928269,2850415662130351,0,0,8,0,16,256,1,1,16777216,1,1
"KERNEL_DISPATCH","Agent 4",1,0,5908,135,203,"gemm_kernel_v2",135,2850415662139791,2850415665048465,0,0,44,12,48,256,1,1,2818048,1,1
"KERNEL_DISPATCH","Agent 4",1,0,5908,136,120,"void at::native::vectorized_elementwise_kernel<4, at::native::FillFunctor<int>, std::array<char*, 1ul> >(int, at::native::FillFunctor<int>, std::array<char*, 1ul>)",136,2850415665056626,2850415665255508,0,0,8,0,16,256,1,1,16777216,1,1
"KERNEL_DISPATCH","Agent 4",1,0,5908,137,203,"gemm_kernel_v2",137,2850415665264948,2850415668171062,0,0,44,12,48,256,1,1,2818048,1,1
"KERNEL_DISPATCH","Agent 4",1,0,5908,138,120,"void at::native::vectorized_elementwise_kernel<4, at::native::FillFunctor<int>, std::array<char*, 1ul> >(int, at::native::FillFunctor<int>, std::array<char*, 1ul>)",138,2850415668179542,2850415668382745,0,0,8,0,16,256,1,1,16777216,1,1
"KERNEL_DISPATCH","Agent 4",1,0,5908,139,203,"gemm_kernel_v2",139,2850415668392185,2850415671292699,0,0,44,12,48,256,1,1,2818048,1,1
"KERNEL_DISPATCH","Agent 4",1,0,5908,140,120,"void at::native::vectorized_elementwise_kernel<4, at::native::FillFunctor<int>, std::array<char*, 1ul> >(int, at::native::FillFunctor<int>, std::array<char*, 1ul>)",140,2850415671300859,2850415671500222,0,0,8,0,16,256,1,1,16777216,1,1
"KERNEL_DISPATCH","Agent 4",1,0,5908,141,203,"gemm_kernel_v2",141,2850415671509502,2850415674421056,0,0,44,12,48,256,1,1,2818048,1,1
"KERNEL_DISPATCH","Agent 4",1,0,5908,142,120,"void at::native::vectorized_elementwise_kernel<4, at::native::FillFunctor<int>, std::array<char*, 1ul> >(int, at::native::FillFunctor<int>, std::array<char*, 1ul>)",142,2850415674429536,2850415674632579,0,0,8,0,16,256,1,1,16777216,1,1
"KERNEL_DISPATCH","Agent 4",1,0,5908,143,203,"gemm_kernel_v2",143,2850415674642339,2850415677545413,0,0,44,12,48,256,1,1,2818048,1,1
"KERNEL_DISPATCH","Agent 4",1,0,5908,144,120,"void at::native::vectorized_elementwise_kernel<4, at::native::FillFunctor<int>, std::array<char*, 1ul> >(int, at::native::FillFunctor<int>, std::array<char*, 1ul>)",144,2850415677553573,2850415677752616,0,0,8,0,16,256,1,1,16777216,1,1
"KERNEL_DISPATCH","Agent 4",1,0,5908,145,203,"gemm_kernel_v2",145,2850415677762056,2850415680664330,0,0,44,12,48,256,1,1,2818048,1,1
"KERNEL_DISPATCH","Agent 4",1,0,5908,146,120,"void at::native::vectorized_elementwise_kernel<4, at::native::FillFunctor<int>, std::array<char*, 1ul> >(int, at::native::FillFunctor<int>, std::array<char*, 1ul>)",146,2850415680672810,2850415680875213,0,0,8,0,16,256,1,1,16777216,1,1
"KERNEL_DISPATCH","Agent 4",1,0,5908,147,203,"gemm_kernel_v2",147,2850415680884973,2850415683792047,0,0,44,12,48,256,1,1,2818048,1,1
"KERNEL_DISPATCH","Agent 4",1,0,5908,148,120,"void at::native::vectorized_elementwise_kernel<4, at::native::FillFunctor<int>, std::array<char*, 1ul> >(int, at::native::FillFunctor<int>, std::array<char*, 1ul>)",148,2850415683800207,2850415684003890,0,0,8,0,16,256,1,1,16777216,1,1
"KERNEL_DISPATCH","Agent 4",1,0,5908,149,203,"gemm_kernel_v2",149,2850415684013330,2850415686917364,0,0,44,12,48,256,1,1,2818048,1,1
"KERNEL_DISPATCH","Agent 4",1,0,5908,150,120,"void at::native::vectorized_elementwise_kernel<4, at::native::FillFunctor<int>, std::array<char*, 1ul> >(int, at::native::FillFunctor<int>, std::array<char*, 1ul>)",150,2850415686925684,2850415687121366,0,0,8,0,16,256,1,1,16777216,1,1
"KERNEL_DISPATCH","Agent 4",1,0,5908,151,203,"gemm_kernel_v2",151,2850415687130967,2850415690039961,0,0,44,12,48,256,1,1,2818048,1,1
"KERNEL_DISPATCH","Agent 4",1,0,5908,152,120,"void at::native::vectorized_elementwise_kernel<4, at::native::FillFunctor<int>, std::array<char*, 1ul> >(int, at::native::FillFunctor<int>, std::array<char*, 1ul>)",152,2850415690048281,2850415690248763,0,0,8,0,16,256,1,1,16777216,1,1
"KERNEL_DISPATCH","Agent 4",1,0,5908,153,203,"gemm_kernel_v2",153,2850415690258524,2850415693167838,0,0,44,12,48,256,1,1,2818048,1,1
"KERNEL_DISPATCH","Agent 4",1,0,5908,154,120,"void at::native::vectorized_elementwise_kernel<4, at::native::FillFunctor<int>, std::array<char*, 1ul> >(int, at::native::FillFunctor<int>, std::array<char*, 1ul>)",154,2850415693176318,2850415693376160,0,0,8,0,16,256,1,1,16777216,1,1
"KERNEL_DISPATCH","Agent 4",1,0,5908,155,203,"gemm_kernel_v2",155,2850415693385761,2850415696289155,0,0,44,12,48,256,1,1,2818048,1,1
"KERNEL_DISPATCH","Agent 4",1,0,5908,156,120,"void at::native::vectorized_elementwise_kernel<4, at::native::FillFunctor<int>, std::array<char*, 1ul> >(int, at::native::FillFunctor<int>, std::array<char*, 1ul>)",156,2850415696297475,2850415696498597,0,0,8,0,16,256,1,1,16777216,1,1
"KERNEL_DISPATCH","Agent 4",1,0,5908,157,203,"gemm_kernel_v2",157,2850415696508038,2850415699414632,0,0,44,12,48,256,1,1,2818048,1,1
"KERNEL_DISPATCH","Agent 4",1,0,5908,158,120,"void at::native::vectorized_elementwise_kernel<4, at::native::FillFunctor<int>, std::array<char*, 1ul> >(int, at::native::FillFunctor<int>, std::array<char*, 1ul>)",158,2850415699423112,2850415699624714,0,0,8,0,16,256,1,1,16777216,1,1
"KERNEL_DISPATCH","Agent 4",1,0,5908,159,203,"gemm_kernel_v2",159,2850415699634314,2850415702542349,0,0,44,12,48,256,1,1,2818048,1,1
"KERNEL_DISPATCH","Agent 4",1,0,5908,160,120,"void at::native::vectorized_elementwise_kernel<4, at::native::FillFunctor<int>, std::array<char*, 1ul> >(int, at::native::FillFunctor<int>, std::array<char*, 1ul>)",160,2850415702550829,2850415702750671,0,0,8,0,16,256,1,1,16777216,1,1
"KERNEL_DISPATCH","Agent 4",1,0,5908,161,203,"gemm_kernel_v2",161,2850415702760591,2850415705667186,0,0,44,12,48,256,1,1,2818048,1,1
"KERNEL_DISPATCH","Agent 4",1,0,5908,162,120,"void at::native::vectorized_elementwise_kernel<4, at::native::FillFunctor<int>, std::array<char*, 1ul> >(int, at::native::FillFunctor<int>, std::array<char*, 1ul>)",162,2850415705675666,2850415705877428,0,0,8,0,16,256,1,1,16777216,1,1
"KERNEL_DISPATCH","Agent 4",1,0,5908,163,203,"gemm_kernel_v2",163,2850415705887028,2850415708787223,0,0,44,12,48,256,1,1,2818048,1,1
"KERNEL_DISPATCH","Agent 4",1,0,5908,164,120,"void at::native::vectorized_elementwise_kernel<4, at::native::FillFunctor<int>, std::array<char*, 1ul> >(int, at::native::FillFunctor<int>, std::array<char*, 1ul>)",164,2850415708795383,2850415708997945,0,0,8,0,16,256,1,1,16777216,1,1
"KERNEL_DISPATCH","Agent 4",1,0,5908,165,203,"gemm_kernel_v2",165,2850415709007225,2850415711915100,0,0,44,12,48,256,1,1,2818048,1,1
"KERNEL_DISPATCH","Agent 4",1,0,5908,166,120,"void at::native::vectorized_elementwise_kernel<4, at::native::FillFunctor<int>, std::array<char*, 1ul> >(int, at::native::FillFunctor<int>, std::array<char*, 1ul>)",166,2850415711924220,2850415712121982,0,0,8,0,16,256,1,1,16777216,1,1
"KERNEL_DISPATCH","Agent 4",1,0,5908,167,203,"gemm_kernel_v2",167,2850415712131902,2850415715043137,0,0,44,12,48,256,1,1,2818048,1,1
"KERNEL_DISPATCH","Agent 4",1,0,5908,168,120,"void at::native::vectorized_elementwise_kernel<4, at::native::FillFunctor<int>, std::array<char*, 1ul> >(int, at::native::FillFunctor<int>, std::array<char*, 1ul>)",168,2850415715051297,2850415715254339,0,0,8,0,16,256,1,1,16777216,1,1
"KERNEL_DISPATCH","Agent 4",1,0,5908,169,203,"gemm_kernel_v2",169,2850415715263619,2850415718172774,0,0,44,12,48,256,1,1,2818048,1,1
"KERNEL_DISPATCH","Agent 4",1,0,5908,170,120,"void at::native::vectorized_elementwise_kernel<4, at::native::FillFunctor<int>, std::array<char*, 1ul> >(int, at::native::FillFunctor<int>, std::array<char*, 1ul>)",170,2850415718181094,2850415718380936,0,0,8,0,16,256,1,1,16777216,1,1
"KERNEL_DISPATCH","Agent 4",1,0,5908,171,203,"gemm_kernel_v2",171,2850415718391016,2850415721297291,0,0,44,12,48,256,1,1,2818048,1,1
"KERNEL_DISPATCH","Agent 4",1,0,5908,172,120,"void at::native::vectorized_elementwise_kernel<4, at::native::FillFunctor<int>, std::array<char*, 1ul> >(int, at::native::FillFunctor<int>, std::array<char*, 1ul>)",172,2850415721305451,2850415721508333,0,0,8,0,16,256,1,1,16777216,1,1
"KERNEL_DISPATCH","Agent 4",1,0,5908,173,203,"gemm_kernel_v2",173,2850415721517608,2850415724429802,0,0,44,12,48,256,1,1,2818048,1,1
"KERNEL_DISPATCH","Agent 4",1,0,5908,174,120,"void at::native::vectorized_elementwise_kernel<4, at::native::FillFunctor<int>, std::array<char*, 1ul> >(int, at::native::FillFunctor<int>, std::array<char*, 1ul>)",174,2850415724438282,2850415724638764,0,0,8,0,16,256,1,1,16777216,1,1
"KERNEL_DISPATCH","Agent 4",1,0,5908,175,203,"gemm_kernel_v2",175,2850415724648684,2850415727557998,0,0,44,12,48,256,1,1,2818048,1,1
"KERNEL_DISPATCH","Agent 4",1,0,5908,176,120,"void at::native::vectorized_elementwise_kernel<4, at::native::FillFunctor<int>, std::array<char*, 1ul> >(int, at::native::FillFunctor<int>, std::array<char*, 1ul>)",176,2850415727566319,2850415727768561,0,0,8,0,16,256,1,1,16777216,1,1
"KERNEL_DISPATCH","Agent 4",1,0,5908,177,203,"gemm_kernel_v2",177,2850415727778001,2850415730678355,0,0,44,12,48,256,1,1,2818048,1,1
"KERNEL_DISPATCH","Agent 4",1,0,5908,178,120,"void at::native::vectorized_elementwise_kernel<4, at::native::FillFunctor<int>, std::array<char*, 1ul> >(int, at::native::FillFunctor<int>, std::array<char*, 1ul>)",178,2850415730686355,2850415730883798,0,0,8,0,16,256,1,1,16777216,1,1
"KERNEL_DISPATCH","Agent 4",1,0,5908,179,203,"gemm_kernel_v2",179,2850415730893558,2850415733808152,0,0,44,12,48,256,1,1,2818048,1,1
"KERNEL_DISPATCH","Agent 4",1,0,5908,180,120,"void at::native::vectorized_elementwise_kernel<4, at::native::FillFunctor<int>, std::array<char*, 1ul> >(int, at::native::FillFunctor<int>, std::array<char*, 1ul>)",180,2850415733816472,2850415734018715,0,0,8,0,16,256,1,1,16777216,1,1
"KERNEL_DISPATCH","Agent 4",1,0,5908,181,203,"gemm_kernel_v2",181,2850415734027995,2850415736931549,0,0,44,12,48,256,1,1,2818048,1,1
"KERNEL_DISPATCH","Agent 4",1,0,5908,182,204,"gemm_kernel_v2",182,2850415742061690,2850415745729893,0,0,48,0,32,512,1,1,5636096,1,1
"KERNEL_DISPATCH","Agent 4",1,0,5908,183,120,"void at::native::vectorized_elementwise_kernel<4, at::native::FillFunctor<int>, std::array<char*, 1ul> >(int, at::native::FillFunctor<int>, std::array<char*, 1ul>)",183,2850415745807654,2850415746011337,0,0,8,0,16,256,1,1,16777216,1,1
"KERNEL_DISPATCH","Agent 4",1,0,5908,184,204,"gemm_kernel_v2",184,2850415746011337,2850415749673940,0,0,48,0,32,512,1,1,5636096,1,1
"KERNEL_DISPATCH","Agent 4",1,0,5908,185,120,"void at::native::vectorized_elementwise_kernel<4, at::native::FillFunctor<int>, std::array<char*, 1ul> >(int, at::native::FillFunctor<int>, std::array<char*, 1ul>)",185,2850415749673940,2850415749877302,0,0,8,0,16,256,1,1,16777216,1,1
"KERNEL_DISPATCH","Agent 4",1,0,5908,186,204,"gemm_kernel_v2",186,2850415749877302,2850415753539426,0,0,48,0,32,512,1,1,5636096,1,1
"KERNEL_DISPATCH","Agent 4",1,0,5908,187,120,"void at::native::vectorized_elementwise_kernel<4, at::native::FillFunctor<int>, std::array<char*, 1ul> >(int, at::native::FillFunctor<int>, std::array<char*, 1ul>)",187,2850415753539426,2850415753737188,0,0,8,0,16,256,1,1,16777216,1,1
"KERNEL_DISPATCH","Agent 4",1,0,5908,188,204,"gemm_kernel_v2",188,2850415753737188,2850415757399631,0,0,48,0,32,512,1,1,5636096,1,1
"KERNEL_DISPATCH","Agent 4",1,0,5908,189,120,"void at::native::vectorized_elementwise_kernel<4, at::native::FillFunctor<int>, std::array<char*, 1ul> >(int, at::native::FillFunctor<int>, std::array<char*, 1ul>)",189,2850415757399631,2850415757602674,0,0,8,0,16,256,1,1,16777216,1,1
"KERNEL_DISPATCH","Agent 4",1,0,5908,190,204,"gemm_kernel_v2",190,2850415757602674,2850415761263837,0,0,48,0,32,512,1,1,5636096,1,1
"KERNEL_DISPATCH","Agent 4",1,0,5908,191,120,"void at::native::vectorized_elementwise_kernel<4, at::native::FillFunctor<int>, std::array<char*, 1ul> >(int, at::native::FillFunctor<int>, std::array<char*, 1ul>)",191,2850415761263837,2850415761462879,0,0,8,0,16,256,1,1,16777216,1,1
"KERNEL_DISPATCH","Agent 4",1,0,5908,192,204,"gemm_kernel_v2",192,2850415761462879,2850415765126603,0,0,48,0,32,512,1,1,5636096,1,1
"KERNEL_DISPATCH","Agent 4",1,0,5908,193,204,"gemm_kernel_v2",193,2850415765247724,2850415768911927,0,0,48,0,32,512,1,1,5636096,1,1
"KERNEL_DISPATCH","Agent 4",1,0,5908,194,204,"gemm_kernel_v2",194,2850415768911927,2850415772574851,0,0,48,0,32,512,1,1,5636096,1,1
"KERNEL_DISPATCH","Agent 4",1,0,5908,195,204,"gemm_kernel_v2",195,2850415772574851,2850415776238574,0,0,48,0,32,512,1,1,5636096,1,1
"KERNEL_DISPATCH","Agent 4",1,0,5908,196,204,"gemm_kernel_v2",196,2850415776238574,2850415779902457,0,0,48,0,32,512,1,1,5636096,1,1
"KERNEL_DISPATCH","Agent 4",1,0,5908,197,204,"gemm_kernel_v2",197,2850415779902457,2850415783565861,0,0,48,0,32,512,1,1,5636096,1,1
"KERNEL_DISPATCH","Agent 4",1,0,5908,198,204,"gemm_kernel_v2",198,2850415783565811,2850415787232894,0,0,48,0,32,512,1,1,5636096,1,1
"KERNEL_DISPATCH","Agent 4",1,0,5908,199,120,"void at::native::vectorized_elementwise_kernel<4, at::native::FillFunctor<int>, std::array<char*, 1ul> >(int, at::native::FillFunctor<int>, std::array<char*, 1ul>)",199,2850415787232894,2850415787432576,0,0,8,0,16,256,1,1,16777216,1,1
"KERNEL_DISPATCH","Agent 4",1,0,5908,200,204,"gemm_kernel_v2",200,2850415787444096,2850415791110859,0,0,48,0,32,512,1,1,5636096,1,1
"KERNEL_DISPATCH","Agent 4",1,0,5908,201,120,"void at::native::vectorized_elementwise_kernel<4, at::native::FillFunctor<int>, std::array<char*, 1ul> >(int, at::native::FillFunctor<int>, std::array<char*, 1ul>)",201,2850415791119179,2850415791321422,0,0,8,0,16,256,1,1,16777216,1,1
"KERNEL_DISPATCH","Agent 4",1,0,5908,202,204,"gemm_kernel_v2",202,2850415791330862,2850415794999225,0,0,48,0,32,512,1,1,5636096,1,1
"KERNEL_DISPATCH","Agent 4",1,0,5908,203,120,"void at::native::vectorized_elementwise_kernel<4, at::native::FillFunctor<int>, std::array<char*, 1ul> >(int, at::native::FillFunctor<int>, std::array<char*, 1ul>)",203,2850415795007545,2850415795207388,0,0,8,0,16,256,1,1,16777216,1,1
"KERNEL_DISPATCH","Agent 4",1,0,5908,204,204,"gemm_kernel_v2",204,2850415795217148,2850415798884551,0,0,48,0,32,512,1,1,5636096,1,1
"KERNEL_DISPATCH","Agent 4",1,0,5908,205,120,"void at::native::vectorized_elementwise_kernel<4, at::native::FillFunctor<int>, std::array<char*, 1ul> >(int, at::native::FillFunctor<int>, std::array<char*, 1ul>)",205,2850415798893031,2850415799090313,0,0,8,0,16,256,1,1,16777216,1,1
"KERNEL_DISPATCH","Agent 4",1,0,5908,206,204,"gemm_kernel_v2",206,2850415799100234,2850415802767957,0,0,48,0,32,512,1,1,5636096,1,1
"KERNEL_DISPATCH","Agent 4",1,0,5908,207,120,"void at::native::vectorized_elementwise_kernel<4, at::native::FillFunctor<int>, std::array<char*, 1ul> >(int, at::native::FillFunctor<int>, std::array<char*, 1ul>)",207,2850415802776277,2850415802975959,0,0,8,0,16,256,1,1,16777216,1,1
"KERNEL_DISPATCH","Agent 4",1,0,5908,208,204,"gemm_kernel_v2",208,2850415802985559,2850415806650563,0,0,48,0,32,512,1,1,5636096,1,1
"KERNEL_DISPATCH","Agent 4",1,0,5908,209,120,"void at::native::vectorized_elementwise_kernel<4, at::native::FillFunctor<int>, std::array<char*, 1ul> >(int, at::native::FillFunctor<int>, std::array<char*, 1ul>)",209,2850415806658883,2850415806857765,0,0,8,0,16,256,1,1,16777216,1,1
"KERNEL_DISPATCH","Agent 4",1,0,5908,210,204,"gemm_kernel_v2",210,2850415806867205,2850415810535409,0,0,48,0,32,512,1,1,5636096,1,1
"KERNEL_DISPATCH","Agent 4",1,0,5908,211,120,"void at::native::vectorized_elementwise_kernel<4, at::native::FillFunctor<int>, std::array<char*, 1ul> >(int, at::native::FillFunctor<int>, std::array<char*, 1ul>)",211,2850415810543409,2850415810746291,0,0,8,0,16,256,1,1,16777216,1,1
"KERNEL_DISPATCH","Agent 4",1,0,5908,212,204,"gemm_kernel_v2",212,2850415810755731,2850415814421854,0,0,48,0,32,512,1,1,5636096,1,1
"KERNEL_DISPATCH","Agent 4",1,0,5908,213,120,"void at::native::vectorized_elementwise_kernel<4, at::native::FillFunctor<int>, std::array<char*, 1ul> >(int, at::native::FillFunctor<int>, std::array<char*, 1ul>)",213,2850415814430175,2850415814633057,0,0,8,0,16,256,1,1,16777216,1,1
"KERNEL_DISPATCH","Agent 4",1,0,5908,214,204,"gemm_kernel_v2",214,2850415814642817,2850415818309740,0,0,48,0,32,512,1,1,5636096,1,1
"KERNEL_DISPATCH","Agent 4",1,0,5908,215,120,"void at::native::vectorized_elementwise_kernel<4, at::native::FillFunctor<int>, std::array<char*, 1ul> >(int, at::native::FillFunctor<int>, std::array<char*, 1ul>)",215,2850415818317900,2850415818521903,0,0,8,0,16,256,1,1,16777216,1,1
"KERNEL_DISPATCH","Agent 4",1,0,5908,216,204,"gemm_kernel_v2",216,2850415818531663,2850415822198426,0,0,48,0,32,512,1,1,5636096,1,1
"KERNEL_DISPATCH","Agent 4",1,0,5908,217,120,"void at::native::vectorized_elementwise_kernel<4, at::native::FillFunctor<int>, std::array<char*, 1ul> >(int, at::native::FillFunctor<int>, std::array<char*, 1ul>)",217,2850415822206586,2850415822408989,0,0,8,0,16,256,1,1,16777216,1,1
"KERNEL_DISPATCH","Agent 4",1,0,5908,218,204,"gemm_kernel_v2",218,2850415822418589,2850415826084072,0,0,48,0,32,512,1,1,5636096,1,1
"KERNEL_DISPATCH","Agent 4",1,0,5908,219,120,"void at::native::vectorized_elementwise_kernel<4, at::native::FillFunctor<int>, std::array<char*, 1ul> >(int, at::native::FillFunctor<int>, std::array<char*, 1ul>)",219,2850415826092392,2850415826293515,0,0,8,0,16,256,1,1,16777216,1,1
"KERNEL_DISPATCH","Agent 4",1,0,5908,220,204,"gemm_kernel_v2",220,2850415826303435,2850415829970038,0,0,48,0,32,512,1,1,5636096,1,1
"KERNEL_DISPATCH","Agent 4",1,0,5908,221,120,"void at::native::vectorized_elementwise_kernel<4, at::native::FillFunctor<int>, std::array<char*, 1ul> >(int, at::native::FillFunctor<int>, std::array<char*, 1ul>)",221,2850415829978198,2850415830175800,0,0,8,0,16,256,1,1,16777216,1,1
"KERNEL_DISPATCH","Agent 4",1,0,5908,222,204,"gemm_kernel_v2",222,2850415830185241,2850415833852964,0,0,48,0,32,512,1,1,5636096,1,1
"KERNEL_DISPATCH","Agent 4",1,0,5908,223,120,"void at::native::vectorized_elementwise_kernel<4, at::native::FillFunctor<int>, std::array<char*, 1ul> >(int, at::native::FillFunctor<int>, std::array<char*, 1ul>)",223,2850415833861444,2850415834064646,0,0,8,0,16,256,1,1,16777216,1,1
"KERNEL_DISPATCH","Agent 4",1,0,5908,224,204,"gemm_kernel_v2",224,2850415834074246,2850415837740690,0,0,48,0,32,512,1,1,5636096,1,1
"KERNEL_DISPATCH","Agent 4",1,0,5908,225,120,"void at::native::vectorized_elementwise_kernel<4, at::native::FillFunctor<int>, std::array<char*, 1ul> >(int, at::native::FillFunctor<int>, std::array<char*, 1ul>)",225,2850415837749010,2850415837951572,0,0,8,0,16,256,1,1,16777216,1,1
"KERNEL_DISPATCH","Agent 4",1,0,5908,226,204,"gemm_kernel_v2",226,2850415837961012,2850415841628256,0,0,48,0,32,512,1,1,5636096,1,1
"KERNEL_DISPATCH","Agent 4",1,0,5908,227,120,"void at::native::vectorized_elementwise_kernel<4, at::native::FillFunctor<int>, std::array<char*, 1ul> >(int, at::native::FillFunctor<int>, std::array<char*, 1ul>)",227,2850415841636256,2850415841835778,0,0,8,0,16,256,1,1,16777216,1,1
"KERNEL_DISPATCH","Agent 4",1,0,5908,228,204,"gemm_kernel_v2",228,2850415841845378,2850415845511981,0,0,48,0,32,512,1,1,5636096,1,1
"KERNEL_DISPATCH","Agent 4",1,0,5908,229,120,"void at::native::vectorized_elementwise_kernel<4, at::native::FillFunctor<int>, std::array<char*, 1ul> >(int, at::native::FillFunctor<int>, std::array<char*, 1ul>)",229,2850415845520462,2850415845726064,0,0,8,0,16,256,1,1,16777216,1,1
"KERNEL_DISPATCH","Agent 4",1,0,5908,230,204,"gemm_kernel_v2",230,2850415845735504,2850415849402587,0,0,48,0,32,512,1,1,5636096,1,1
"KERNEL_DISPATCH","Agent 4",1,0,5908,231,120,"void at::native::vectorized_elementwise_kernel<4, at::native::FillFunctor<int>, std::array<char*, 1ul> >(int, at::native::FillFunctor<int>, std::array<char*, 1ul>)",231,2850415849410588,2850415849608510,0,0,8,0,16,256,1,1,16777216,1,1
"KERNEL_DISPATCH","Agent 4",1,0,5908,232,204,"gemm_kernel_v2",232,2850415849617867,2850415853285110,0,0,48,0,32,512,1,1,5636096,1,1
"KERNEL_DISPATCH","Agent 4",1,0,5908,233,120,"void at::native::vectorized_elementwise_kernel<4, at::native::FillFunctor<int>, std::array<char*, 1ul> >(int, at::native::FillFunctor<int>, std::array<char*, 1ul>)",233,2850415853293270,2850415853495032,0,0,8,0,16,256,1,1,16777216,1,1
"KERNEL_DISPATCH","Agent 4",1,0,5908,234,204,"gemm_kernel_v2",234,2850415853504472,2850415857172515,0,0,48,0,32,512,1,1,5636096,1,1
"KERNEL_DISPATCH","Agent 4",1,0,5908,235,120,"void at::native::vectorized_elementwise_kernel<4, at::native::FillFunctor<int>, std::array<char*, 1ul> >(int, at::native::FillFunctor<int>, std::array<char*, 1ul>)",235,2850415857180835,2850415857382598,0,0,8,0,16,256,1,1,16777216,1,1
"KERNEL_DISPATCH","Agent 4",1,0,5908,236,204,"gemm_kernel_v2",236,2850415857392198,2850415861059441,0,0,48,0,32,512,1,1,5636096,1,1
"KERNEL_DISPATCH","Agent 4",1,0,5908,237,120,"void at::native::vectorized_elementwise_kernel<4, at::native::FillFunctor<int>, std::array<char*, 1ul> >(int, at::native::FillFunctor<int>, std::array<char*, 1ul>)",237,2850415861067761,2850415861268403,0,0,8,0,16,256,1,1,16777216,1,1
"KERNEL_DISPATCH","Agent 4",1,0,5908,238,204,"gemm_kernel_v2",238,2850415861277844,2850415864944767,0,0,48,0,32,512,1,1,5636096,1,1
"KERNEL_DISPATCH","Agent 4",1,0,5908,239,120,"void at::native::vectorized_elementwise_kernel<4, at::native::FillFunctor<int>, std::array<char*, 1ul> >(int, at::native::FillFunctor<int>, std::array<char*, 1ul>)",239,2850415864953087,2850415865153889,0,0,8,0,16,256,1,1,16777216,1,1
"KERNEL_DISPATCH","Agent 4",1,0,5908,240,204,"gemm_kernel_v2",240,2850415865163489,2850415868829612,0,0,48,0,32,512,1,1,5636096,1,1
"KERNEL_DISPATCH","Agent 4",1,0,5908,241,120,"void at::native::vectorized_elementwise_kernel<4, at::native::FillFunctor<int>, std::array<char*, 1ul> >(int, at::native::FillFunctor<int>, std::array<char*, 1ul>)",241,2850415868837933,2850415869036815,0,0,8,0,16,256,1,1,16777216,1,1
"KERNEL_DISPATCH","Agent 4",1,0,5908,242,204,"gemm_kernel_v2",242,2850415869046255,2850415872714778,0,0,48,0,32,512,1,1,5636096,1,1
"KERNEL_DISPATCH","Agent 4",1,0,5908,243,120,"void at::native::vectorized_elementwise_kernel<4, at::native::FillFunctor<int>, std::array<char*, 1ul> >(int, at::native::FillFunctor<int>, std::array<char*, 1ul>)",243,2850415872722938,2850415872922461,0,0,8,0,16,256,1,1,16777216,1,1
"KERNEL_DISPATCH","Agent 4",1,0,5908,244,204,"gemm_kernel_v2",244,2850415872932221,2850415876598824,0,0,48,0,32,512,1,1,5636096,1,1
"KERNEL_DISPATCH","Agent 4",1,0,5908,245,120,"void at::native::vectorized_elementwise_kernel<4, at::native::FillFunctor<int>, std::array<char*, 1ul> >(int, at::native::FillFunctor<int>, std::array<char*, 1ul>)",245,2850415876607144,2850415876810666,0,0,8,0,16,256,1,1,16777216,1,1
"KERNEL_DISPATCH","Agent 4",1,0,5908,246,204,"gemm_kernel_v2",246,2850415876819947,2850415880488310,0,0,48,0,32,512,1,1,5636096,1,1
"KERNEL_DISPATCH","Agent 4",1,0,5908,247,120,"void at::native::vectorized_elementwise_kernel<4, at::native::FillFunctor<int>, std::array<char*, 1ul> >(int, at::native::FillFunctor<int>, std::array<char*, 1ul>)",247,2850415880496630,2850415880694232,0,0,8,0,16,256,1,1,16777216,1,1
"KERNEL_DISPATCH","Agent 4",1,0,5908,248,204,"gemm_kernel_v2",248,2850415880703832,2850415884371395,0,0,48,0,32,512,1,1,5636096,1,1
"KERNEL_DISPATCH","Agent 4",1,0,5908,249,205,"gemm_kernel_v2",249,2850415889191772,2850415892311489,0,0,44,20,32,256,1,1,1409024,1,1
"KERNEL_DISPATCH","Agent 4",1,0,5908,250,120,"void at::native::vectorized_elementwise_kernel<4, at::native::FillFunctor<int>, std::array<char*, 1ul> >(int, at::native::FillFunctor<int>, std::array<char*, 1ul>)",250,2850415892389250,2850415892589732,0,0,8,0,16,256,1,1,16777216,1,1
"KERNEL_DISPATCH","Agent 4",1,0,5908,251,205,"gemm_kernel_v2",251,2850415892589732,2850415895704329,0,0,44,20,32,256,1,1,1409024,1,1
"KERNEL_DISPATCH","Agent 4",1,0,5908,252,120,"void at::native::vectorized_elementwise_kernel<4, at::native::FillFunctor<int>, std::array<char*, 1ul> >(int, at::native::FillFunctor<int>, std::array<char*, 1ul>)",252,2850415895704329,2850415895903371,0,0,8,0,16,256,1,1,16777216,1,1
"KERNEL_DISPATCH","Agent 4",1,0,5908,253,205,"gemm_kernel_v2",253,2850415895903371,2850415899068849,0,0,44,20,32,256,1,1,1409024,1,1
"KERNEL_DISPATCH","Agent 4",1,0,5908,254,120,"void at::native::vectorized_elementwise_kernel<4, at::native::FillFunctor<int>, std::array<char*, 1ul> >(int, at::native::FillFunctor<int>, std::array<char*, 1ul>)",254,2850415899068849,2850415899271571,0,0,8,0,16,256,1,1,16777216,1,1
"KERNEL_DISPATCH","Agent 4",1,0,5908,255,205,"gemm_kernel_v2",255,2850415899271571,2850415902362647,0,0,44,20,32,256,1,1,1409024,1,1
"KERNEL_DISPATCH","Agent 4",1,0,5908,256,120,"void at::native::vectorized_elementwise_kernel<4, at::native::FillFunctor<int>, std::array<char*, 1ul> >(int, at::native::FillFunctor<int>, std::array<char*, 1ul>)",256,2850415902362647,2850415902562330,0,0,8,0,16,256,1,1,16777216,1,1
"KERNEL_DISPATCH","Agent 4",1,0,5908,257,205,"gemm_kernel_v2",257,2850415902562330,2850415905701407,0,0,44,20,32,256,1,1,1409024,1,1
"KERNEL_DISPATCH","Agent 4",1,0,5908,258,120,"void at::native::vectorized_elementwise_kernel<4, at::native::FillFunctor<int>, std::array<char*, 1ul> >(int, at::native::FillFunctor<int>, std::array<char*, 1ul>)",258,2850415905701407,2850415905900929,0,0,8,0,16,256,1,1,16777216,1,1
"KERNEL_DISPATCH","Agent 4",1,0,5908,259,205,"gemm_kernel_v2",259,2850415905900929,2850415909004326,0,0,44,20,32,256,1,1,1409024,1,1
"KERNEL_DISPATCH","Agent 4",1,0,5908,260,205,"gemm_kernel_v2",260,2850415909139367,2850415912270764,0,0,44,20,32,256,1,1,1409024,1,1
"KERNEL_DISPATCH","Agent 4",1,0,5908,261,205,"gemm_kernel_v2",261,2850415912270764,2850415915313520,0,0,44,20,32,256,1,1,1409024,1,1
"KERNEL_DISPATCH","Agent 4",1,0,5908,262,205,"gemm_kernel_v2",262,2850415915313659,2850415918450016,0,0,44,20,32,256,1,1,1409024,1,1
"KERNEL_DISPATCH","Agent 4",1,0,5908,263,205,"gemm_kernel_v2",263,2850415918450016,2850415921584132,0,0,44,20,32,256,1,1,1409024,1,1
"KERNEL_DISPATCH","Agent 4",1,0,5908,264,205,"gemm_kernel_v2",264,2850415921584132,2850415924712489,0,0,44,20,32,256,1,1,1409024,1,1
"KERNEL_DISPATCH","Agent 4",1,0,5908,265,205,"gemm_kernel_v2",265,2850415924712489,2850415927831566,0,0,44,20,32,256,1,1,1409024,1,1
"KERNEL_DISPATCH","Agent 4",1,0,5908,266,205,"gemm_kernel_v2",266,2850415927831566,2850415930939923,0,0,44,20,32,256,1,1,1409024,1,1
"KERNEL_DISPATCH","Agent 4",1,0,5908,267,120,"void at::native::vectorized_elementwise_kernel<4, at::native::FillFunctor<int>, std::array<char*, 1ul> >(int, at::native::FillFunctor<int>, std::array<char*, 1ul>)",267,2850415930939923,2850415931138485,0,0,8,0,16,256,1,1,16777216,1,1
"KERNEL_DISPATCH","Agent 4",1,0,5908,268,205,"gemm_kernel_v2",268,2850415931149686,2850415934333083,0,0,44,20,32,256,1,1,1409024,1,1
"KERNEL_DISPATCH","Agent 4",1,0,5908,269,120,"void at::native::vectorized_elementwise_kernel<4, at::native::FillFunctor<int>, std::array<char*, 1ul> >(int, at::native::FillFunctor<int>, std::array<char*, 1ul>)",269,2850415934341243,2850415934542686,0,0,8,0,16,256,1,1,16777216,1,1
"KERNEL_DISPATCH","Agent 4",1,0,5908,270,205,"gemm_kernel_v2",270,2850415934552446,2850415937674243,0,0,44,20,32,256,1,1,1409024,1,1
"KERNEL_DISPATCH","Agent 4",1,0,5908,271,120,"void at::native::vectorized_elementwise_kernel<4, at::native::FillFunctor<int>, std::array<char*, 1ul> >(int, at::native::FillFunctor<int>, std::array<char*, 1ul>)",271,2850415937682243,2850415937879685,0,0,8,0,16,256,1,1,16777216,1,1
"KERNEL_DISPATCH","Agent 4",1,0,5908,272,205,"gemm_kernel_v2",272,2850415937888805,2850415941112843,0,0,44,20,32,256,1,1,1409024,1,1
"KERNEL_DISPATCH","Agent 4",1,0,5908,273,120,"void at::native::vectorized_elementwise_kernel<4, at::native::FillFunctor<int>, std::array<char*, 1ul> >(int, at::native::FillFunctor<int>, std::array<char*, 1ul>)",273,2850415941121164,2850415941320526,0,0,8,0,16,256,1,1,16777216,1,1
"KERNEL_DISPATCH","Agent 4",1,0,5908,274,205,"gemm_kernel_v2",274,2850415941329806,2850415944475443,0,0,44,20,32,256,1,1,1409024,1,1
"KERNEL_DISPATCH","Agent 4",1,0,5908,275,120,"void at::native::vectorized_elementwise_kernel<4, at::native::FillFunctor<int>, std::array<char*, 1ul> >(int, at::native::FillFunctor<int>, std::array<char*, 1ul>)",275,2850415944483763,2850415944683766,0,0,8,0,16,256,1,1,16777216,1,1
"KERNEL_DISPATCH","Agent 4",1,0,5908,276,205,"gemm_kernel_v2",276,2850415944693526,2850415947839643,0,0,44,20,32,256,1,1,1409024,1,1
"KERNEL_DISPATCH","Agent 4",1,0,5908,277,120,"void at::native::vectorized_elementwise_kernel<4, at::native::FillFunctor<int>, std::array<char*, 1ul> >(int, at::native::FillFunctor<int>, std::array<char*, 1ul>)",277,2850415947847643,2850415948047165,0,0,8,0,16,256,1,1,16777216,1,1
"KERNEL_DISPATCH","Agent 4",1,0,5908,278,205,"gemm_kernel_v2",278,2850415948056446,2850415951144962,0,0,44,20,32,256,1,1,1409024,1,1
"KERNEL_DISPATCH","Agent 4",1,0,5908,279,120,"void at::native::vectorized_elementwise_kernel<4, at::native::FillFunctor<int>, std::array<char*, 1ul> >(int, at::native::FillFunctor<int>, std::array<char*, 1ul>)",279,2850415951153282,2850415951353924,0,0,8,0,16,256,1,1,16777216,1,1
"KERNEL_DISPATCH","Agent 4",1,0,5908,280,205,"gemm_kernel_v2",280,2850415951363685,2850415954535722,0,0,44,20,32,256,1,1,1409024,1,1
"KERNEL_DISPATCH","Agent 4",1,0,5908,281,120,"void at::native::vectorized_elementwise_kernel<4, at::native::FillFunctor<int>, std::array<char*, 1ul> >(int, at::native::FillFunctor<int>, std::array<char*, 1ul>)",281,2850415954543882,2850415954741005,0,0,8,0,16,256,1,1,16777216,1,1
"KERNEL_DISPATCH","Agent 4",1,0,5908,282,205,"gemm_kernel_v2",282,2850415954750445,2850415957769200,0,0,44,20,32,256,1,1,1409024,1,1
"KERNEL_DISPATCH","Agent 4",1,0,5908,283,120,"void at::native::vectorized_elementwise_kernel<4, at::native::FillFunctor<int>, std::array<char*, 1ul> >(int, at::native::FillFunctor<int>, std::array<char*, 1ul>)",283,2850415957777680,2850415957974163,0,0,8,0,16,256,1,1,16777216,1,1
"KERNEL_DISPATCH","Agent 4",1,0,5908,284,205,"gemm_kernel_v2",284,2850415957983923,2850415961135160,0,0,44,20,32,256,1,1,1409024,1,1
"KERNEL_DISPATCH","Agent 4",1,0,5908,285,120,"void at::native::vectorized_elementwise_kernel<4, at::native::FillFunctor<int>, std::array<char*, 1ul> >(int, at::native::FillFunctor<int>, std::array<char*, 1ul>)",285,2850415961143160,2850415961340603,0,0,8,0,16,256,1,1,16777216,1,1
"KERNEL_DISPATCH","Agent 4",1,0,5908,286,205,"gemm_kernel_v2",286,2850415961350363,2850415964435039,0,0,44,20,32,256,1,1,1409024,1,1
"KERNEL_DISPATCH","Agent 4",1,0,5908,287,120,"void at::native::vectorized_elementwise_kernel<4, at::native::FillFunctor<int>, std::array<char*, 1ul> >(int, at::native::FillFunctor<int>, std::array<char*, 1ul>)",287,2850415964443359,2850415964642722,0,0,8,0,16,256,1,1,16777216,1,1
"KERNEL_DISPATCH","Agent 4",1,0,5908,288,205,"gemm_kernel_v2",288,2850415964652322,2850415967819399,0,0,44,20,32,256,1,1,1409024,1,1
"KERNEL_DISPATCH","Agent 4",1,0,5908,289,120,"void at::native::vectorized_elementwise_kernel<4, at::native::FillFunctor<int>, std::array<char*, 1ul> >(int, at::native::FillFunctor<int>, std::array<char*, 1ul>)",289,2850415967827559,2850415968027402,0,0,8,0,16,256,1,1,16777216,1,1
"KERNEL_DISPATCH","Agent 4",1,0,5908,290,205,"gemm_kernel_v2",290,2850415968036682,2850415971127118,0,0,44,20,32,256,1,1,1409024,1,1
"KERNEL_DISPATCH","Agent 4",1,0,5908,291,120,"void at::native::vectorized_elementwise_kernel<4, at::native::FillFunctor<int>, std::array<char*, 1ul> >(int, at::native::FillFunctor<int>, std::array<char*, 1ul>)",291,2850415971135598,2850415971333361,0,0,8,0,16,256,1,1,16777216,1,1
"KERNEL_DISPATCH","Agent 4",1,0,5908,292,205,"gemm_kernel_v2",292,2850415971342961,2850415974451638,0,0,44,20,32,256,1,1,1409024,1,1
"KERNEL_DISPATCH","Agent 4",1,0,5908,293,120,"void at::native::vectorized_elementwise_kernel<4, at::native::FillFunctor<int>, std::array<char*, 1ul> >(int, at::native::FillFunctor<int>, std::array<char*, 1ul>)",293,2850415974459958,2850415974658360,0,0,8,0,16,256,1,1,16777216,1,1
"KERNEL_DISPATCH","Agent 4",1,0,5908,294,205,"gemm_kernel_v2",294,2850415974667960,2850415977731036,0,0,44,20,32,256,1,1,1409024,1,1
"KERNEL_DISPATCH","Agent 4",1,0,5908,295,120,"void at::native::vectorized_elementwise_kernel<4, at::native::FillFunctor<int>, std::array<char*, 1ul> >(int, at::native::FillFunctor<int>, std::array<char*, 1ul>)",295,2850415977739676,2850415977939519,0,0,8,0,16,256,1,1,16777216,1,1
"KERNEL_DISPATCH","Agent 4",1,0,5908,296,205,"gemm_kernel_v2",296,2850415977948988,2850415981112545,0,0,44,20,32,256,1,1,1409024,1,1
"KERNEL_DISPATCH","Agent 4",1,0,5908,297,120,"void at::native::vectorized_elementwise_kernel<4, at::native::FillFunctor<int>, std::array<char*, 1ul> >(int, at::native::FillFunctor<int>, std::array<char*, 1ul>)",297,2850415981120545,2850415981324227,0,0,8,0,16,256,1,1,16777216,1,1
"KERNEL_DISPATCH","Agent 4",1,0,5908,298,205,"gemm_kernel_v2",298,2850415981333667,2850415984422343,0,0,44,20,32,256,1,1,1409024,1,1
"KERNEL_DISPATCH","Agent 4",1,0,5908,299,120,"void at::native::vectorized_elementwise_kernel<4, at::native::FillFunctor<int>, std::array<char*, 1ul> >(int, at::native::FillFunctor<int>, std::array<char*, 1ul>)",299,2850415984430664,2850415984629706,0,0,8,0,16,256,1,1,16777216,1,1
"KERNEL_DISPATCH","Agent 4",1,0,5908,300,205,"gemm_kernel_v2",300,2850415984639306,2850415987690062,0,0,44,20,32,256,1,1,1409024,1,1
"KERNEL_DISPATCH","Agent 4",1,0,5908,301,120,"void at::native::vectorized_elementwise_kernel<4, at::native::FillFunctor<int>, std::array<char*, 1ul> >(int, at::native::FillFunctor<int>, std::array<char*, 1ul>)",301,2850415987698542,2850415987897904,0,0,8,0,16,256,1,1,16777216,1,1
"KERNEL_DISPATCH","Agent 4",1,0,5908,302,205,"gemm_kernel_v2",302,2850415987907504,2850415991099862,0,0,44,20,32,256,1,1,1409024,1,1
"KERNEL_DISPATCH","Agent 4",1,0,5908,303,120,"void at::native::vectorized_elementwise_kernel<4, at::native::FillFunctor<int>, std::array<char*, 1ul> >(int, at::native::FillFunctor<int>, std::array<char*, 1ul>)",303,2850415991108022,2850415991310425,0,0,8,0,16,256,1,1,16777216,1,1
"KERNEL_DISPATCH","Agent 4",1,0,5908,304,205,"gemm_kernel_v2",304,2850415991320025,2850415994491742,0,0,44,20,32,256,1,1,1409024,1,1
"KERNEL_DISPATCH","Agent 4",1,0,5908,305,120,"void at::native::vectorized_elementwise_kernel<4, at::native::FillFunctor<int>, std::array<char*, 1ul> >(int, at::native::FillFunctor<int>, std::array<char*, 1ul>)",305,2850415994499902,2850415994699584,0,0,8,0,16,256,1,1,16777216,1,1
"KERNEL_DISPATCH","Agent 4",1,0,5908,306,205,"gemm_kernel_v2",306,2850415994709025,2850415997896742,0,0,44,20,32,256,1,1,1409024,1,1
"KERNEL_DISPATCH","Agent 4",1,0,5908,307,120,"void at::native::vectorized_elementwise_kernel<4, at::native::FillFunctor<int>, std::array<char*, 1ul> >(int, at::native::FillFunctor<int>, std::array<char*, 1ul>)",307,2850415997904902,2850415998108585,0,0,8,0,16,256,1,1,16777216,1,1
"KERNEL_DISPATCH","Agent 4",1,0,5908,308,205,"gemm_kernel_v2",308,2850415998118505,2850416001248142,0,0,44,20,32,256,1,1,1409024,1,1
"KERNEL_DISPATCH","Agent 4",1,0,5908,309,120,"void at::native::vectorized_elementwise_kernel<4, at::native::FillFunctor<int>, std::array<char*, 1ul> >(int, at::native::FillFunctor<int>, std::array<char*, 1ul>)",309,2850416001256462,2850416001457744,0,0,8,0,16,256,1,1,16777216,1,1
"KERNEL_DISPATCH","Agent 4",1,0,5908,310,205,"gemm_kernel_v2",310,2850416001467504,2850416004534420,0,0,44,20,32,256,1,1,1409024,1,1
"KERNEL_DISPATCH","Agent 4",1,0,5908,311,120,"void at::native::vectorized_elementwise_kernel<4, at::native::FillFunctor<int>, std::array<char*, 1ul> >(int, at::native::FillFunctor<int>, std::array<char*, 1ul>)",311,2850416004542740,2850416004741943,0,0,8,0,16,256,1,1,16777216,1,1
"KERNEL_DISPATCH","Agent 4",1,0,5908,312,205,"gemm_kernel_v2",312,2850416004751383,2850416007903580,0,0,44,20,32,256,1,1,1409024,1,1
"KERNEL_DISPATCH","Agent 4",1,0,5908,313,120,"void at::native::vectorized_elementwise_kernel<4, at::native::FillFunctor<int>, std::array<char*, 1ul> >(int, at::native::FillFunctor<int>, std::array<char*, 1ul>)",313,2850416007911580,2850416008111262,0,0,8,0,16,256,1,1,16777216,1,1
"KERNEL_DISPATCH","Agent 4",1,0,5908,314,205,"gemm_kernel_v2",314,2850416008120863,2850416011202179,0,0,44,20,32,256,1,1,1409024,1,1
"KERNEL_DISPATCH","Agent 4",1,0,5908,315,120,"void at::native::vectorized_elementwise_kernel<4, at::native::FillFunctor<int>, std::array<char*, 1ul> >(int, at::native::FillFunctor<int>, std::array<char*, 1ul>)",315,2850416011210499,2850416011407781,0,0,8,0,16,256,1,1,16777216,1,1
"KERNEL_DISPATCH","Agent 4",1,0,5908,316,205,"gemm_kernel_v2",316,2850416011417541,2850416014598379,0,0,44,20,32,256,1,1,1409024,1,1
"KERNEL_DISPATCH","Agent 4",1,0,5908,317,120,"void at::native::vectorized_elementwise_kernel<4, at::native::FillFunctor<int>, std::array<char*, 1ul> >(int, at::native::FillFunctor<int>, std::array<char*, 1ul>)",317,2850416014606379,2850416014810701,0,0,8,0,16,256,1,1,16777216,1,1
"KERNEL_DISPATCH","Agent 4",1,0,5908,318,205,"gemm_kernel_v2",318,2850416014819981,2850416017821457,0,0,44,20,32,256,1,1,1409024,1,1
"KERNEL_DISPATCH","Agent 4",1,0,5908,319,120,"void at::native::vectorized_elementwise_kernel<4, at::native::FillFunctor<int>, std::array<char*, 1ul> >(int, at::native::FillFunctor<int>, std::array<char*, 1ul>)",319,2850416017830097,2850416018028659,0,0,8,0,16,256,1,1,16777216,1,1
"KERNEL_DISPATCH","Agent 4",1,0,5908,320,205,"gemm_kernel_v2",320,2850416018038099,2850416021242617,0,0,44,20,32,256,1,1,1409024,1,1
"KERNEL_DISPATCH","Agent 4",1,0,5908,321,120,"void at::native::vectorized_elementwise_kernel<4, at::native::FillFunctor<int>, std::array<char*, 1ul> >(int, at::native::FillFunctor<int>, std::array<char*, 1ul>)",321,2850416021250617,2850416021449980,0,0,8,0,16,256,1,1,16777216,1,1
"KERNEL_DISPATCH","Agent 4",1,0,5908,322,205,"gemm_kernel_v2",322,2850416021459580,2850416024578336,0,0,44,20,32,256,1,1,1409024,1,1
"KERNEL_DISPATCH","Agent 4",1,0,5908,323,120,"void at::native::vectorized_elementwise_kernel<4, at::native::FillFunctor<int>, std::array<char*, 1ul> >(int, at::native::FillFunctor<int>, std::array<char*, 1ul>)",323,2850416024586817,2850416024786179,0,0,8,0,16,256,1,1,16777216,1,1
"KERNEL_DISPATCH","Agent 4",1,0,5908,324,205,"gemm_kernel_v2",324,2850416024795939,2850416027912456,0,0,44,20,32,256,1,1,1409024,1,1
"KERNEL_DISPATCH","Agent 4",1,0,5908,325,120,"void at::native::vectorized_elementwise_kernel<4, at::native::FillFunctor<int>, std::array<char*, 1ul> >(int, at::native::FillFunctor<int>, std::array<char*, 1ul>)",325,2850416027920776,2850416028118058,0,0,8,0,16,256,1,1,16777216,1,1
"KERNEL_DISPATCH","Agent 4",1,0,5908,326,205,"gemm_kernel_v2",326,2850416028127658,2850416031200334,0,0,44,20,32,256,1,1,1409024,1,1
"KERNEL_DISPATCH","Agent 4",1,0,5908,327,206,"gemm_kernel_v2",327,2850416036173993,2850416038942026,0,0,40,0,32,512,1,1,2818048,1,1
"KERNEL_DISPATCH","Agent 4",1,0,5908,328,120,"void at::native::vectorized_elementwise_kernel<4, at::native::FillFunctor<int>, std::array<char*, 1ul> >(int, at::native::FillFunctor<int>, std::array<char*, 1ul>)",328,2850416039019147,2850416039219309,0,0,8,0,16,256,1,1,16777216,1,1
"KERNEL_DISPATCH","Agent 4",1,0,5908,329,206,"gemm_kernel_v2",329,2850416039219309,2850416041961581,0,0,40,0,32,512,1,1,2818048,1,1
"KERNEL_DISPATCH","Agent 4",1,0,5908,330,120,"void at::native::vectorized_elementwise_kernel<4, at::native::FillFunctor<int>, std::array<char*, 1ul> >(int, at::native::FillFunctor<int>, std::array<char*, 1ul>)",330,2850416041961581,2850416042163824,0,0,8,0,16,256,1,1,16777216,1,1
"KERNEL_DISPATCH","Agent 4",1,0,5908,331,206,"gemm_kernel_v2",331,2850416042163934,2850416044924766,0,0,40,0,32,512,1,1,2818048,1,1
"KERNEL_DISPATCH","Agent 4",1,0,5908,332,120,"void at::native::vectorized_elementwise_kernel<4, at::native::FillFunctor<int>, std::array<char*, 1ul> >(int, at::native::FillFunctor<int>, std::array<char*, 1ul>)",332,2850416044924766,2850416045124768,0,0,8,0,16,256,1,1,16777216,1,1
"KERNEL_DISPATCH","Agent 4",1,0,5908,333,206,"gemm_kernel_v2",333,2850416045124768,2850416047880480,0,0,40,0,32,512,1,1,2818048,1,1
"KERNEL_DISPATCH","Agent 4",1,0,5908,334,120,"void at::native::vectorized_elementwise_kernel<4, at::native::FillFunctor<int>, std::array<char*, 1ul> >(int, at::native::FillFunctor<int>, std::array<char*, 1ul>)",334,2850416047880480,2850416048079043,0,0,8,0,16,256,1,1,16777216,1,1
"KERNEL_DISPATCH","Agent 4",1,0,5908,335,206,"gemm_kernel_v2",335,2850416048079043,2850416050824195,0,0,40,0,32,512,1,1,2818048,1,1
"KERNEL_DISPATCH","Agent 4",1,0,5908,336,120,"void at::native::vectorized_elementwise_kernel<4, at::native::FillFunctor<int>, std::array<char*, 1ul> >(int, at::native::FillFunctor<int>, std::array<char*, 1ul>)",336,2850416050824195,2850416051022278,0,0,8,0,16,256,1,1,16777216,1,1
"KERNEL_DISPATCH","Agent 4",1,0,5908,337,206,"gemm_kernel_v2",337,2850416051022278,2850416053774150,0,0,40,0,32,512,1,1,2818048,1,1
"KERNEL_DISPATCH","Agent 4",1,0,5908,338,206,"gemm_kernel_v2",338,2850416053912392,2850416056664424,0,0,40,0,32,512,1,1,2818048,1,1
"KERNEL_DISPATCH","Agent 4",1,0,5908,339,206,"gemm_kernel_v2",339,2850416056664424,2850416059412457,0,0,40,0,32,512,1,1,2818048,1,1
"KERNEL_DISPATCH","Agent 4",1,0,5908,340,206,"gemm_kernel_v2",340,2850416059412457,2850416062156489,0,0,40,0,32,512,1,1,2818048,1,1
"KERNEL_DISPATCH","Agent 4",1,0,5908,341,206,"gemm_kernel_v2",341,2850416062156489,2850416064902282,0,0,40,0,32,512,1,1,2818048,1,1
"KERNEL_DISPATCH","Agent 4",1,0,5908,342,206,"gemm_kernel_v2",342,2850416064902282,2850416067654634,0,0,40,0,32,512,1,1,2818048,1,1
"KERNEL_DISPATCH","Agent 4",1,0,5908,343,206,"gemm_kernel_v2",343,2850416067654634,2850416070402026,0,0,40,0,32,512,1,1,2818048,1,1
"KERNEL_DISPATCH","Agent 4",1,0,5908,344,206,"gemm_kernel_v2",344,2850416070402026,2850416073144299,0,0,40,0,32,512,1,1,2818048,1,1
"KERNEL_DISPATCH","Agent 4",1,0,5908,345,206,"gemm_kernel_v2",345,2850416073144299,2850416075898891,0,0,40,0,32,512,1,1,2818048,1,1
"KERNEL_DISPATCH","Agent 4",1,0,5908,346,120,"void at::native::vectorized_elementwise_kernel<4, at::native::FillFunctor<int>, std::array<char*, 1ul> >(int, at::native::FillFunctor<int>, std::array<char*, 1ul>)",346,2850416075898891,2850416076097454,0,0,8,0,16,256,1,1,16777216,1,1
"KERNEL_DISPATCH","Agent 4",1,0,5908,347,206,"gemm_kernel_v2",347,2850416076108814,2850416078872527,0,0,40,0,32,512,1,1,2818048,1,1
"KERNEL_DISPATCH","Agent 4",1,0,5908,348,120,"void at::native::vectorized_elementwise_kernel<4, at::native::FillFunctor<int>, std::array<char*, 1ul> >(int, at::native::FillFunctor<int>, std::array<char*, 1ul>)",348,2850416078881007,2850416079082129,0,0,8,0,16,256,1,1,16777216,1,1
"KERNEL_DISPATCH","Agent 4",1,0,5908,349,206,"gemm_kernel_v2",349,2850416079091409,2850416081842642,0,0,40,0,32,512,1,1,2818048,1,1
"KERNEL_DISPATCH","Agent 4",1,0,5908,350,120,"void at::native::vectorized_elementwise_kernel<4, at::native::FillFunctor<int>, std::array<char*, 1ul> >(int, at::native::FillFunctor<int>, std::array<char*, 1ul>)",350,2850416081851442,2850416082051924,0,0,8,0,16,256,1,1,16777216,1,1
"KERNEL_DISPATCH","Agent 4",1,0,5908,351,206,"gemm_kernel_v2",351,2850416082061364,2850416084811637,0,0,40,0,32,512,1,1,2818048,1,1
"KERNEL_DISPATCH","Agent 4",1,0,5908,352,120,"void at::native::vectorized_elementwise_kernel<4, at::native::FillFunctor<int>, std::array<char*, 1ul> >(int, at::native::FillFunctor<int>, std::array<char*, 1ul>)",352,2850416084820277,2850416085019799,0,0,8,0,16,256,1,1,16777216,1,1
"KERNEL_DISPATCH","Agent 4",1,0,5908,353,206,"gemm_kernel_v2",353,2850416085029239,2850416087780472,0,0,40,0,32,512,1,1,2818048,1,1
"KERNEL_DISPATCH","Agent 4",1,0,5908,354,120,"void at::native::vectorized_elementwise_kernel<4, at::native::FillFunctor<int>, std::array<char*, 1ul> >(int, at::native::FillFunctor<int>, std::array<char*, 1ul>)",354,2850416087788792,2850416087987834,0,0,8,0,16,256,1,1,16777216,1,1
"KERNEL_DISPATCH","Agent 4",1,0,5908,355,206,"gemm_kernel_v2",355,2850416087997594,2850416090748187,0,0,40,0,32,512,1,1,2818048,1,1
"KERNEL_DISPATCH","Agent 4",1,0,5908,356,120,"void at::native::vectorized_elementwise_kernel<4, at::native::FillFunctor<int>, std::array<char*, 1ul> >(int, at::native::FillFunctor<int>, std::array<char*, 1ul>)",356,2850416090756987,2850416090956509,0,0,8,0,16,256,1,1,16777216,1,1
"KERNEL_DISPATCH","Agent 4",1,0,5908,357,206,"gemm_kernel_v2",357,2850416090965949,2850416093713342,0,0,40,0,32,512,1,1,2818048,1,1
"KERNEL_DISPATCH","Agent 4",1,0,5908,358,120,"void at::native::vectorized_elementwise_kernel<4, at::native::FillFunctor<int>, std::array<char*, 1ul> >(int, at::native::FillFunctor<int>, std::array<char*, 1ul>)",358,2850416093721822,2850416093920864,0,0,8,0,16,256,1,1,16777216,1,1
"KERNEL_DISPATCH","Agent 4",1,0,5908,359,206,"gemm_kernel_v2",359,2850416093930144,2850416096697857,0,0,40,0,32,512,1,1,2818048,1,1
"KERNEL_DISPATCH","Agent 4",1,0,5908,360,120,"void at::native::vectorized_elementwise_kernel<4, at::native::FillFunctor<int>, std::array<char*, 1ul> >(int, at::native::FillFunctor<int>, std::array<char*, 1ul>)",360,2850416096706657,2850416096904100,0,0,8,0,16,256,1,1,16777216,1,1
"KERNEL_DISPATCH","Agent 4",1,0,5908,361,206,"gemm_kernel_v2",361,2850416096913380,2850416099666852,0,0,40,0,32,512,1,1,2818048,1,1
"KERNEL_DISPATCH","Agent 4",1,0,5908,362,120,"void at::native::vectorized_elementwise_kernel<4, at::native::FillFunctor<int>, std::array<char*, 1ul> >(int, at::native::FillFunctor<int>, std::array<char*, 1ul>)",362,2850416099675172,2850416099874695,0,0,8,0,16,256,1,1,16777216,1,1
"KERNEL_DISPATCH","Agent 4",1,0,5908,363,206,"gemm_kernel_v2",363,2850416099884455,2850416102648168,0,0,40,0,32,512,1,1,2818048,1,1
"KERNEL_DISPATCH","Agent 4",1,0,5908,364,120,"void at::native::vectorized_elementwise_kernel<4, at::native::FillFunctor<int>, std::array<char*, 1ul> >(int, at::native::FillFunctor<int>, std::array<char*, 1ul>)",364,2850416102656808,2850416102856010,0,0,8,0,16,256,1,1,16777216,1,1
"KERNEL_DISPATCH","Agent 4",1,0,5908,365,206,"gemm_kernel_v2",365,2850416102865290,2850416105628683,0,0,40,0,32,512,1,1,2818048,1,1
"KERNEL_DISPATCH","Agent 4",1,0,5908,366,120,"void at::native::vectorized_elementwise_kernel<4, at::native::FillFunctor<int>, std::array<char*, 1ul> >(int, at::native::FillFunctor<int>, std::array<char*, 1ul>)",366,2850416105637163,2850416105836685,0,0,8,0,16,256,1,1,16777216,1,1
"KERNEL_DISPATCH","Agent 4",1,0,5908,367,206,"gemm_kernel_v2",367,2850416105846226,2850416108591538,0,0,40,0,32,512,1,1,2818048,1,1
"KERNEL_DISPATCH","Agent 4",1,0,5908,368,120,"void at::native::vectorized_elementwise_kernel<4, at::native::FillFunctor<int>, std::array<char*, 1ul> >(int, at::native::FillFunctor<int>, std::array<char*, 1ul>)",368,2850416108599858,2850416108801140,0,0,8,0,16,256,1,1,16777216,1,1
"KERNEL_DISPATCH","Agent 4",1,0,5908,369,206,"gemm_kernel_v2",369,2850416108810260,2850416111575573,0,0,40,0,32,512,1,1,2818048,1,1
"KERNEL_DISPATCH","Agent 4",1,0,5908,370,120,"void at::native::vectorized_elementwise_kernel<4, at::native::FillFunctor<int>, std::array<char*, 1ul> >(int, at::native::FillFunctor<int>, std::array<char*, 1ul>)",370,2850416111584213,2850416111783895,0,0,8,0,16,256,1,1,16777216,1,1
"KERNEL_DISPATCH","Agent 4",1,0,5908,371,206,"gemm_kernel_v2",371,2850416111793655,2850416114557368,0,0,40,0,32,512,1,1,2818048,1,1
"KERNEL_DISPATCH","Agent 4",1,0,5908,372,120,"void at::native::vectorized_elementwise_kernel<4, at::native::FillFunctor<int>, std::array<char*, 1ul> >(int, at::native::FillFunctor<int>, std::array<char*, 1ul>)",372,2850416114566168,2850416114768251,0,0,8,0,16,256,1,1,16777216,1,1
"KERNEL_DISPATCH","Agent 4",1,0,5908,373,206,"gemm_kernel_v2",373,2850416114777531,2850416117542524,0,0,40,0,32,512,1,1,2818048,1,1
"KERNEL_DISPATCH","Agent 4",1,0,5908,374,120,"void at::native::vectorized_elementwise_kernel<4, at::native::FillFunctor<int>, std::array<char*, 1ul> >(int, at::native::FillFunctor<int>, std::array<char*, 1ul>)",374,2850416117550844,2850416117753726,0,0,8,0,16,256,1,1,16777216,1,1
"KERNEL_DISPATCH","Agent 4",1,0,5908,375,206,"gemm_kernel_v2",375,2850416117763166,2850416120512159,0,0,40,0,32,512,1,1,2818048,1,1
"KERNEL_DISPATCH","Agent 4",1,0,5908,376,120,"void at::native::vectorized_elementwise_kernel<4, at::native::FillFunctor<int>, std::array<char*, 1ul> >(int, at::native::FillFunctor<int>, std::array<char*, 1ul>)",376,2850416120520799,2850416120721761,0,0,8,0,16,256,1,1,16777216,1,1
"KERNEL_DISPATCH","Agent 4",1,0,5908,377,206,"gemm_kernel_v2",377,2850416120731041,2850416123497794,0,0,40,0,32,512,1,1,2818048,1,1
"KERNEL_DISPATCH","Agent 4",1,0,5908,378,120,"void at::native::vectorized_elementwise_kernel<4, at::native::FillFunctor<int>, std::array<char*, 1ul> >(int, at::native::FillFunctor<int>, std::array<char*, 1ul>)",378,2850416123506114,2850416123708197,0,0,8,0,16,256,1,1,16777216,1,1
"KERNEL_DISPATCH","Agent 4",1,0,5908,379,206,"gemm_kernel_v2",379,2850416123717637,2850416126467269,0,0,40,0,32,512,1,1,2818048,1,1
"KERNEL_DISPATCH","Agent 4",1,0,5908,380,120,"void at::native::vectorized_elementwise_kernel<4, at::native::FillFunctor<int>, std::array<char*, 1ul> >(int, at::native::FillFunctor<int>, std::array<char*, 1ul>)",380,2850416126475909,2850416126678152,0,0,8,0,16,256,1,1,16777216,1,1
"KERNEL_DISPATCH","Agent 4",1,0,5908,381,206,"gemm_kernel_v2",381,2850416126688552,2850416129462025,0,0,40,0,32,512,1,1,2818048,1,1
"KERNEL_DISPATCH","Agent 4",1,0,5908,382,120,"void at::native::vectorized_elementwise_kernel<4, at::native::FillFunctor<int>, std::array<char*, 1ul> >(int, at::native::FillFunctor<int>, std::array<char*, 1ul>)",382,2850416129470185,2850416129669867,0,0,8,0,16,256,1,1,16777216,1,1
"KERNEL_DISPATCH","Agent 4",1,0,5908,383,206,"gemm_kernel_v2",383,2850416129679467,2850416132440140,0,0,40,0,32,512,1,1,2818048,1,1
"KERNEL_DISPATCH","Agent 4",1,0,5908,384,120,"void at::native::vectorized_elementwise_kernel<4, at::native::FillFunctor<int>, std::array<char*, 1ul> >(int, at::native::FillFunctor<int>, std::array<char*, 1ul>)",384,2850416132448620,2850416132647982,0,0,8,0,16,256,1,1,16777216,1,1
"KERNEL_DISPATCH","Agent 4",1,0,5908,385,206,"gemm_kernel_v2",385,2850416132657103,2850416135403375,0,0,40,0,32,512,1,1,2818048,1,1
"KERNEL_DISPATCH","Agent 4",1,0,5908,386,120,"void at::native::vectorized_elementwise_kernel<4, at::native::FillFunctor<int>, std::array<char*, 1ul> >(int, at::native::FillFunctor<int>, std::array<char*, 1ul>)",386,2850416135411855,2850416135610418,0,0,8,0,16,256,1,1,16777216,1,1
"KERNEL_DISPATCH","Agent 4",1,0,5908,387,206,"gemm_kernel_v2",387,2850416135620178,2850416138373650,0,0,40,0,32,512,1,1,2818048,1,1
"KERNEL_DISPATCH","Agent 4",1,0,5908,388,120,"void at::native::vectorized_elementwise_kernel<4, at::native::FillFunctor<int>, std::array<char*, 1ul> >(int, at::native::FillFunctor<int>, std::array<char*, 1ul>)",388,2850416138382290,2850416138583573,0,0,8,0,16,256,1,1,16777216,1,1
"KERNEL_DISPATCH","Agent 4",1,0,5908,389,206,"gemm_kernel_v2",389,2850416138592693,2850416141358966,0,0,40,0,32,512,1,1,2818048,1,1
"KERNEL_DISPATCH","Agent 4",1,0,5908,390,120,"void at::native::vectorized_elementwise_kernel<4, at::native::FillFunctor<int>, std::array<char*, 1ul> >(int, at::native::FillFunctor<int>, std::array<char*, 1ul>)",390,2850416141367126,2850416141566168,0,0,8,0,16,256,1,1,16777216,1,1
"KERNEL_DISPATCH","Agent 4",1,0,5908,391,206,"gemm_kernel_v2",391,2850416141575928,2850416144327961,0,0,40,0,32,512,1,1,2818048,1,1
"KERNEL_DISPATCH","Agent 4",1,0,5908,392,120,"void at::native::vectorized_elementwise_kernel<4, at::native::FillFunctor<int>, std::array<char*, 1ul> >(int, at::native::FillFunctor<int>, std::array<char*, 1ul>)",392,2850416144336601,2850416144534043,0,0,8,0,16,256,1,1,16777216,1,1
"KERNEL_DISPATCH","Agent 4",1,0,5908,393,206,"gemm_kernel_v2",393,2850416144543163,2850416147305916,0,0,40,0,32,512,1,1,2818048,1,1
"KERNEL_DISPATCH","Agent 4",1,0,5908,394,120,"void at::native::vectorized_elementwise_kernel<4, at::native::FillFunctor<int>, std::array<char*, 1ul> >(int, at::native::FillFunctor<int>, std::array<char*, 1ul>)",394,2850416147314076,2850416147514879,0,0,8,0,16,256,1,1,16777216,1,1
"KERNEL_DISPATCH","Agent 4",1,0,5908,395,206,"gemm_kernel_v2",395,2850416147524319,2850416150277471,0,0,40,0,32,512,1,1,2818048,1,1
"KERNEL_DISPATCH","Agent 4",1,0,5908,396,120,"void at::native::vectorized_elementwise_kernel<4, at::native::FillFunctor<int>, std::array<char*, 1ul> >(int, at::native::FillFunctor<int>, std::array<char*, 1ul>)",396,2850416150286111,2850416150484674,0,0,8,0,16,256,1,1,16777216,1,1
"KERNEL_DISPATCH","Agent 4",1,0,5908,397,206,"gemm_kernel_v2",397,2850416150493954,2850416153241987,0,0,40,0,32,512,1,1,2818048,1,1
"KERNEL_DISPATCH","Agent 4",1,0,5908,398,120,"void at::native::vectorized_elementwise_kernel<4, at::native::FillFunctor<int>, std::array<char*, 1ul> >(int, at::native::FillFunctor<int>, std::array<char*, 1ul>)",398,2850416153250467,2850416153450949,0,0,8,0,16,256,1,1,16777216,1,1
"KERNEL_DISPATCH","Agent 4",1,0,5908,399,206,"gemm_kernel_v2",399,2850416153460549,2850416156215622,0,0,40,0,32,512,1,1,2818048,1,1
"KERNEL_DISPATCH","Agent 4",1,0,5908,400,120,"void at::native::vectorized_elementwise_kernel<4, at::native::FillFunctor<int>, std::array<char*, 1ul> >(int, at::native::FillFunctor<int>, std::array<char*, 1ul>)",400,2850416156224422,2850416156424584,0,0,8,0,16,256,1,1,16777216,1,1
"KERNEL_DISPATCH","Agent 4",1,0,5908,401,206,"gemm_kernel_v2",401,2850416156433864,2850416159182057,0,0,40,0,32,512,1,1,2818048,1,1
"KERNEL_DISPATCH","Agent 4",1,0,5908,402,120,"void at::native::vectorized_elementwise_kernel<4, at::native::FillFunctor<int>, std::array<char*, 1ul> >(int, at::native::FillFunctor<int>, std::array<char*, 1ul>)",402,2850416159190377,2850416159391019,0,0,8,0,16,256,1,1,16777216,1,1
"KERNEL_DISPATCH","Agent 4",1,0,5908,403,206,"gemm_kernel_v2",403,2850416159400779,2850416162144972,0,0,40,0,32,512,1,1,2818048,1,1
"KERNEL_DISPATCH","Agent 4",1,0,5908,404,120,"void at::native::vectorized_elementwise_kernel<4, at::native::FillFunctor<int>, std::array<char*, 1ul> >(int, at::native::FillFunctor<int>, std::array<char*, 1ul>)",404,2850416162153772,2850416162351534,0,0,8,0,16,256,1,1,16777216,1,1
"KERNEL_DISPATCH","Agent 4",1,0,5908,405,206,"gemm_kernel_v2",405,2850416162360815,2850416165123407,0,0,40,0,32,512,1,1,2818048,1,1
"KERNEL_DISPATCH","Agent 4",1,0,5908,406,120,"void at::native::vectorized_elementwise_kernel<4, at::native::FillFunctor<int>, std::array<char*, 1ul> >(int, at::native::FillFunctor<int>, std::array<char*, 1ul>)",406,2850416165131887,2850416165335890,0,0,8,0,16,256,1,1,16777216,1,1
"KERNEL_DISPATCH","Agent 4",1,0,5908,407,206,"gemm_kernel_v2",407,2850416165345170,2850416168099283,0,0,40,0,32,512,1,1,2818048,1,1
"KERNEL_DISPATCH","Agent 4",1,0,5908,408,120,"void at::native::vectorized_elementwise_kernel<4, at::native::FillFunctor<int>, std::array<char*, 1ul> >(int, at::native::FillFunctor<int>, std::array<char*, 1ul>)",408,2850416168107923,2850416168306965,0,0,8,0,16,256,1,1,16777216,1,1
"KERNEL_DISPATCH","Agent 4",1,0,5908,409,206,"gemm_kernel_v2",409,2850416168316725,2850416171084598,0,0,40,0,32,512,1,1,2818048,1,1
"KERNEL_DISPATCH","Agent 4",1,0,5908,410,120,"void at::native::vectorized_elementwise_kernel<4, at::native::FillFunctor<int>, std::array<char*, 1ul> >(int, at::native::FillFunctor<int>, std::array<char*, 1ul>)",410,2850416171093099,2850416171292621,0,0,8,0,16,256,1,1,16777216,1,1
"KERNEL_DISPATCH","Agent 4",1,0,5908,411,206,"gemm_kernel_v2",411,2850416171302061,2850416174064973,0,0,40,0,32,512,1,1,2818048,1,1
"KERNEL_DISPATCH","Agent 4",1,0,5908,412,207,"gemm_kernel_v2",412,2850416178966311,2850416181334820,0,0,56,16,48,256,1,1,1409024,1,1
"KERNEL_DISPATCH","Agent 4",1,0,5908,413,120,"void at::native::vectorized_elementwise_kernel<4, at::native::FillFunctor<int>, std::array<char*, 1ul> >(int, at::native::FillFunctor<int>, std::array<char*, 1ul>)",413,2850416181414020,2850416181613703,0,0,8,0,16,256,1,1,16777216,1,1
"KERNEL_DISPATCH","Agent 4",1,0,5908,414,207,"gemm_kernel_v2",414,2850416181613703,2850416183983171,0,0,56,16,48,256,1,1,1409024,1,1
"KERNEL_DISPATCH","Agent 4",1,0,5908,415,120,"void at::native::vectorized_elementwise_kernel<4, at::native::FillFunctor<int>, std::array<char*, 1ul> >(int, at::native::FillFunctor<int>, std::array<char*, 1ul>)",415,2850416183983171,2850416184184293,0,0,8,0,16,256,1,1,16777216,1,1
"KERNEL_DISPATCH","Agent 4",1,0,5908,416,207,"gemm_kernel_v2",416,2850416184184293,2850416186549441,0,0,56,16,48,256,1,1,1409024,1,1
"KERNEL_DISPATCH","Agent 4",1,0,5908,417,120,"void at::native::vectorized_elementwise_kernel<4, at::native::FillFunctor<int>, std::array<char*, 1ul> >(int, at::native::FillFunctor<int>, std::array<char*, 1ul>)",417,2850416186549441,2850416186748484,0,0,8,0,16,256,1,1,16777216,1,1
"KERNEL_DISPATCH","Agent 4",1,0,5908,418,207,"gemm_kernel_v2",418,2850416186748484,2850416189115872,0,0,56,16,48,256,1,1,1409024,1,1
"KERNEL_DISPATCH","Agent 4",1,0,5908,419,120,"void at::native::vectorized_elementwise_kernel<4, at::native::FillFunctor<int>, std::array<char*, 1ul> >(int, at::native::FillFunctor<int>, std::array<char*, 1ul>)",419,2850416189115872,2850416189316834,0,0,8,0,16,256,1,1,16777216,1,1
"KERNEL_DISPATCH","Agent 4",1,0,5908,420,207,"gemm_kernel_v2",420,2850416189316834,2850416191683582,0,0,56,16,48,256,1,1,1409024,1,1
"KERNEL_DISPATCH","Agent 4",1,0,5908,421,120,"void at::native::vectorized_elementwise_kernel<4, at::native::FillFunctor<int>, std::array<char*, 1ul> >(int, at::native::FillFunctor<int>, std::array<char*, 1ul>)",421,2850416191683582,2850416191882465,0,0,8,0,16,256,1,1,16777216,1,1
"KERNEL_DISPATCH","Agent 4",1,0,5908,422,207,"gemm_kernel_v2",422,2850416191882465,2850416194245693,0,0,56,16,48,256,1,1,1409024,1,1
"KERNEL_DISPATCH","Agent 4",1,0,5908,423,207,"gemm_kernel_v2",423,2850416194449375,2850416196814683,0,0,56,16,48,256,1,1,1409024,1,1
"KERNEL_DISPATCH","Agent 4",1,0,5908,424,207,"gemm_kernel_v2",424,2850416196814683,2850416199180471,0,0,56,16,48,256,1,1,1409024,1,1
"KERNEL_DISPATCH","Agent 4",1,0,5908,425,207,"gemm_kernel_v2",425,2850416199180471,2850416201545939,0,0,56,16,48,256,1,1,1409024,1,1
"KERNEL_DISPATCH","Agent 4",1,0,5908,426,207,"gemm_kernel_v2",426,2850416201545939,2850416203906767,0,0,56,16,48,256,1,1,1409024,1,1
"KERNEL_DISPATCH","Agent 4",1,0,5908,427,207,"gemm_kernel_v2",427,2850416203906767,2850416206272075,0,0,56,16,48,256,1,1,1409024,1,1
"KERNEL_DISPATCH","Agent 4",1,0,5908,428,207,"gemm_kernel_v2",428,2850416206272075,2850416208634983,0,0,56,16,48,256,1,1,1409024,1,1
"KERNEL_DISPATCH","Agent 4",1,0,5908,429,207,"gemm_kernel_v2",429,2850416208634983,2850416210998371,0,0,56,16,48,256,1,1,1409024,1,1
"KERNEL_DISPATCH","Agent 4",1,0,5908,430,207,"gemm_kernel_v2",430,2850416210998371,2850416213364639,0,0,56,16,48,256,1,1,1409024,1,1
"KERNEL_DISPATCH","Agent 4",1,0,5908,431,207,"gemm_kernel_v2",431,2850416213364639,2850416215727227,0,0,56,16,48,256,1,1,1409024,1,1
"KERNEL_DISPATCH","Agent 4",1,0,5908,432,120,"void at::native::vectorized_elementwise_kernel<4, at::native::FillFunctor<int>, std::array<char*, 1ul> >(int, at::native::FillFunctor<int>, std::array<char*, 1ul>)",432,2850416215727227,2850416215925470,0,0,8,0,16,256,1,1,16777216,1,1
"KERNEL_DISPATCH","Agent 4",1,0,5908,433,207,"gemm_kernel_v2",433,2850416215937150,2850416218305178,0,0,56,16,48,256,1,1,1409024,1,1
"KERNEL_DISPATCH","Agent 4",1,0,5908,434,120,"void at::native::vectorized_elementwise_kernel<4, at::native::FillFunctor<int>, std::array<char*, 1ul> >(int, at::native::FillFunctor<int>, std::array<char*, 1ul>)",434,2850416218313498,2850416218514620,0,0,8,0,16,256,1,1,16777216,1,1
"KERNEL_DISPATCH","Agent 4",1,0,5908,435,207,"gemm_kernel_v2",435,2850416218524060,2850416220894649,0,0,56,16,48,256,1,1,1409024,1,1
"KERNEL_DISPATCH","Agent 4",1,0,5908,436,120,"void at::native::vectorized_elementwise_kernel<4, at::native::FillFunctor<int>, std::array<char*, 1ul> >(int, at::native::FillFunctor<int>, std::array<char*, 1ul>)",436,2850416220903449,2850416221102811,0,0,8,0,16,256,1,1,16777216,1,1
"KERNEL_DISPATCH","Agent 4",1,0,5908,437,207,"gemm_kernel_v2",437,2850416221112251,2850416223476919,0,0,56,16,48,256,1,1,1409024,1,1
"KERNEL_DISPATCH","Agent 4",1,0,5908,438,120,"void at::native::vectorized_elementwise_kernel<4, at::native::FillFunctor<int>, std::array<char*, 1ul> >(int, at::native::FillFunctor<int>, std::array<char*, 1ul>)",438,2850416223485719,2850416223690682,0,0,8,0,16,256,1,1,16777216,1,1
"KERNEL_DISPATCH","Agent 4",1,0,5908,439,207,"gemm_kernel_v2",439,2850416223700602,2850416226065430,0,0,56,16,48,256,1,1,1409024,1,1
"KERNEL_DISPATCH","Agent 4",1,0,5908,440,120,"void at::native::vectorized_elementwise_kernel<4, at::native::FillFunctor<int>, std::array<char*, 1ul> >(int, at::native::FillFunctor<int>, std::array<char*, 1ul>)",440,2850416226074070,2850416226272632,0,0,8,0,16,256,1,1,16777216,1,1
"KERNEL_DISPATCH","Agent 4",1,0,5908,441,207,"gemm_kernel_v2",441,2850416226282072,2850416228650900,0,0,56,16,48,256,1,1,1409024,1,1
"KERNEL_DISPATCH","Agent 4",1,0,5908,442,120,"void at::native::vectorized_elementwise_kernel<4, at::native::FillFunctor<int>, std::array<char*, 1ul> >(int, at::native::FillFunctor<int>, std::array<char*, 1ul>)",442,2850416228659541,2850416228861303,0,0,8,0,16,256,1,1,16777216,1,1
"KERNEL_DISPATCH","Agent 4",1,0,5908,443,207,"gemm_kernel_v2",443,2850416228871063,2850416231236371,0,0,56,16,48,256,1,1,1409024,1,1
"KERNEL_DISPATCH","Agent 4",1,0,5908,444,120,"void at::native::vectorized_elementwise_kernel<4, at::native::FillFunctor<int>, std::array<char*, 1ul> >(int, at::native::FillFunctor<int>, std::array<char*, 1ul>)",444,2850416231245011,2850416231448374,0,0,8,0,16,256,1,1,16777216,1,1
"KERNEL_DISPATCH","Agent 4",1,0,5908,445,207,"gemm_kernel_v2",445,2850416231458016,2850416233823484,0,0,56,16,48,256,1,1,1409024,1,1
"KERNEL_DISPATCH","Agent 4",1,0,5908,446,120,"void at::native::vectorized_elementwise_kernel<4, at::native::FillFunctor<int>, std::array<char*, 1ul> >(int, at::native::FillFunctor<int>, std::array<char*, 1ul>)",446,2850416233832124,2850416234033566,0,0,8,0,16,256,1,1,16777216,1,1
"KERNEL_DISPATCH","Agent 4",1,0,5908,447,207,"gemm_kernel_v2",447,2850416234043166,2850416236409914,0,0,56,16,48,256,1,1,1409024,1,1
"KERNEL_DISPATCH","Agent 4",1,0,5908,448,120,"void at::native::vectorized_elementwise_kernel<4, at::native::FillFunctor<int>, std::array<char*, 1ul> >(int, at::native::FillFunctor<int>, std::array<char*, 1ul>)",448,2850416236418394,2850416236620636,0,0,8,0,16,256,1,1,16777216,1,1
"KERNEL_DISPATCH","Agent 4",1,0,5908,449,207,"gemm_kernel_v2",449,2850416236630397,2850416239000185,0,0,56,16,48,256,1,1,1409024,1,1
"KERNEL_DISPATCH","Agent 4",1,0,5908,450,120,"void at::native::vectorized_elementwise_kernel<4, at::native::FillFunctor<int>, std::array<char*, 1ul> >(int, at::native::FillFunctor<int>, std::array<char*, 1ul>)",450,2850416239009145,2850416239210907,0,0,8,0,16,256,1,1,16777216,1,1
"KERNEL_DISPATCH","Agent 4",1,0,5908,451,207,"gemm_kernel_v2",451,2850416239220667,2850416241587575,0,0,56,16,48,256,1,1,1409024,1,1
"KERNEL_DISPATCH","Agent 4",1,0,5908,452,120,"void at::native::vectorized_elementwise_kernel<4, at::native::FillFunctor<int>, std::array<char*, 1ul> >(int, at::native::FillFunctor<int>, std::array<char*, 1ul>)",452,2850416241596055,2850416241794618,0,0,8,0,16,256,1,1,16777216,1,1
"KERNEL_DISPATCH","Agent 4",1,0,5908,453,207,"gemm_kernel_v2",453,2850416241804218,2850416244170966,0,0,56,16,48,256,1,1,1409024,1,1
"KERNEL_DISPATCH","Agent 4",1,0,5908,454,120,"void at::native::vectorized_elementwise_kernel<4, at::native::FillFunctor<int>, std::array<char*, 1ul> >(int, at::native::FillFunctor<int>, std::array<char*, 1ul>)",454,2850416244179766,2850416244378008,0,0,8,0,16,256,1,1,16777216,1,1
"KERNEL_DISPATCH","Agent 4",1,0,5908,455,207,"gemm_kernel_v2",455,2850416244387928,2850416246753716,0,0,56,16,48,256,1,1,1409024,1,1
"KERNEL_DISPATCH","Agent 4",1,0,5908,456,120,"void at::native::vectorized_elementwise_kernel<4, at::native::FillFunctor<int>, std::array<char*, 1ul> >(int, at::native::FillFunctor<int>, std::array<char*, 1ul>)",456,2850416246762196,2850416246960119,0,0,8,0,16,256,1,1,16777216,1,1
"KERNEL_DISPATCH","Agent 4",1,0,5908,457,207,"gemm_kernel_v2",457,2850416246970039,2850416249335347,0,0,56,16,48,256,1,1,1409024,1,1
"KERNEL_DISPATCH","Agent 4",1,0,5908,458,120,"void at::native::vectorized_elementwise_kernel<4, at::native::FillFunctor<int>, std::array<char*, 1ul> >(int, at::native::FillFunctor<int>, std::array<char*, 1ul>)",458,2850416249343987,2850416249545429,0,0,8,0,16,256,1,1,16777216,1,1
"KERNEL_DISPATCH","Agent 4",1,0,5908,459,207,"gemm_kernel_v2",459,2850416249555029,2850416251919217,0,0,56,16,48,256,1,1,1409024,1,1
"KERNEL_DISPATCH","Agent 4",1,0,5908,460,120,"void at::native::vectorized_elementwise_kernel<4, at::native::FillFunctor<int>, std::array<char*, 1ul> >(int, at::native::FillFunctor<int>, std::array<char*, 1ul>)",460,2850416251927697,2850416252126100,0,0,8,0,16,256,1,1,16777216,1,1
"KERNEL_DISPATCH","Agent 4",1,0,5908,461,207,"gemm_kernel_v2",461,2850416252135860,2850416254502608,0,0,56,16,48,256,1,1,1409024,1,1
"KERNEL_DISPATCH","Agent 4",1,0,5908,462,120,"void at::native::vectorized_elementwise_kernel<4, at::native::FillFunctor<int>, std::array<char*, 1ul> >(int, at::native::FillFunctor<int>, std::array<char*, 1ul>)",462,2850416254511248,2850416254710290,0,0,8,0,16,256,1,1,16777216,1,1
"KERNEL_DISPATCH","Agent 4",1,0,5908,463,207,"gemm_kernel_v2",463,2850416254720050,2850416257086958,0,0,56,16,48,256,1,1,1409024,1,1
"KERNEL_DISPATCH","Agent 4",1,0,5908,464,120,"void at::native::vectorized_elementwise_kernel<4, at::native::FillFunctor<int>, std::array<char*, 1ul> >(int, at::native::FillFunctor<int>, std::array<char*, 1ul>)",464,2850416257095438,2850416257296561,0,0,8,0,16,256,1,1,16777216,1,1
"KERNEL_DISPATCH","Agent 4",1,0,5908,465,207,"gemm_kernel_v2",465,2850416257306161,2850416259673709,0,0,56,16,48,256,1,1,1409024,1,1
"KERNEL_DISPATCH","Agent 4",1,0,5908,466,120,"void at::native::vectorized_elementwise_kernel<4, at::native::FillFunctor<int>, std::array<char*, 1ul> >(int, at::native::FillFunctor<int>, std::array<char*, 1ul>)",466,2850416259682509,2850416259884431,0,0,8,0,16,256,1,1,16777216,1,1
"KERNEL_DISPATCH","Agent 4",1,0,5908,467,207,"gemm_kernel_v2",467,2850416259894352,2850416262254539,0,0,56,16,48,256,1,1,1409024,1,1
"KERNEL_DISPATCH","Agent 4",1,0,5908,468,120,"void at::native::vectorized_elementwise_kernel<4, at::native::FillFunctor<int>, std::array<char*, 1ul> >(int, at::native::FillFunctor<int>, std::array<char*, 1ul>)",468,2850416262262860,2850416262464622,0,0,8,0,16,256,1,1,16777216,1,1
"KERNEL_DISPATCH","Agent 4",1,0,5908,469,207,"gemm_kernel_v2",469,2850416262474222,2850416264840490,0,0,56,16,48,256,1,1,1409024,1,1
"KERNEL_DISPATCH","Agent 4",1,0,5908,470,120,"void at::native::vectorized_elementwise_kernel<4, at::native::FillFunctor<int>, std::array<char*, 1ul> >(int, at::native::FillFunctor<int>, std::array<char*, 1ul>)",470,2850416264848970,2850416265049612,0,0,8,0,16,256,1,1,16777216,1,1
"KERNEL_DISPATCH","Agent 4",1,0,5908,471,207,"gemm_kernel_v2",471,2850416265059373,2850416267428361,0,0,56,16,48,256,1,1,1409024,1,1
"KERNEL_DISPATCH","Agent 4",1,0,5908,472,120,"void at::native::vectorized_elementwise_kernel<4, at::native::FillFunctor<int>, std::array<char*, 1ul> >(int, at::native::FillFunctor<int>, std::array<char*, 1ul>)",472,2850416267437001,2850416267636523,0,0,8,0,16,256,1,1,16777216,1,1
"KERNEL_DISPATCH","Agent 4",1,0,5908,473,207,"gemm_kernel_v2",473,2850416267646123,2850416270015111,0,0,56,16,48,256,1,1,1409024,1,1
"KERNEL_DISPATCH","Agent 4",1,0,5908,474,120,"void at::native::vectorized_elementwise_kernel<4, at::native::FillFunctor<int>, std::array<char*, 1ul> >(int, at::native::FillFunctor<int>, std::array<char*, 1ul>)",474,2850416270023751,2850416270224234,0,0,8,0,16,256,1,1,16777216,1,1
"KERNEL_DISPATCH","Agent 4",1,0,5908,475,207,"gemm_kernel_v2",475,2850416270233674,2850416272601382,0,0,56,16,48,256,1,1,1409024,1,1
"KERNEL_DISPATCH","Agent 4",1,0,5908,476,120,"void at::native::vectorized_elementwise_kernel<4, at::native::FillFunctor<int>, std::array<char*, 1ul> >(int, at::native::FillFunctor<int>, std::array<char*, 1ul>)",476,2850416272610022,2850416272810984,0,0,8,0,16,256,1,1,16777216,1,1
"KERNEL_DISPATCH","Agent 4",1,0,5908,477,207,"gemm_kernel_v2",477,2850416272820264,2850416275193092,0,0,56,16,48,256,1,1,1409024,1,1
"KERNEL_DISPATCH","Agent 4",1,0,5908,478,120,"void at::native::vectorized_elementwise_kernel<4, at::native::FillFunctor<int>, std::array<char*, 1ul> >(int, at::native::FillFunctor<int>, std::array<char*, 1ul>)",478,2850416275201892,2850416275401255,0,0,8,0,16,256,1,1,16777216,1,1
"KERNEL_DISPATCH","Agent 4",1,0,5908,479,207,"gemm_kernel_v2",479,2850416275411015,2850416277780003,0,0,56,16,48,256,1,1,1409024,1,1
"KERNEL_DISPATCH","Agent 4",1,0,5908,480,120,"void at::native::vectorized_elementwise_kernel<4, at::native::FillFunctor<int>, std::array<char*, 1ul> >(int, at::native::FillFunctor<int>, std::array<char*, 1ul>)",480,2850416277788483,2850416277990245,0,0,8,0,16,256,1,1,16777216,1,1
"KERNEL_DISPATCH","Agent 4",1,0,5908,481,207,"gemm_kernel_v2",481,2850416277999685,2850416280365313,0,0,56,16,48,256,1,1,1409024,1,1
"KERNEL_DISPATCH","Agent 4",1,0,5908,482,120,"void at::native::vectorized_elementwise_kernel<4, at::native::FillFunctor<int>, std::array<char*, 1ul> >(int, at::native::FillFunctor<int>, std::array<char*, 1ul>)",482,2850416280374114,2850416280576516,0,0,8,0,16,256,1,1,16777216,1,1
"KERNEL_DISPATCH","Agent 4",1,0,5908,483,207,"gemm_kernel_v2",483,2850416280586596,2850416282951104,0,0,56,16,48,256,1,1,1409024,1,1
"KERNEL_DISPATCH","Agent 4",1,0,5908,484,120,"void at::native::vectorized_elementwise_kernel<4, at::native::FillFunctor<int>, std::array<char*, 1ul> >(int, at::native::FillFunctor<int>, std::array<char*, 1ul>)",484,2850416282959424,2850416283160546,0,0,8,0,16,256,1,1,16777216,1,1
"KERNEL_DISPATCH","Agent 4",1,0,5908,485,207,"gemm_kernel_v2",485,2850416283170147,2850416285536415,0,0,56,16,48,256,1,1,1409024,1,1
"KERNEL_DISPATCH","Agent 4",1,0,5908,486,120,"void at::native::vectorized_elementwise_kernel<4, at::native::FillFunctor<int>, std::array<char*, 1ul> >(int, at::native::FillFunctor<int>, std::array<char*, 1ul>)",486,2850416285545375,2850416285749377,0,0,8,0,16,256,1,1,16777216,1,1
"KERNEL_DISPATCH","Agent 4",1,0,5908,487,207,"gemm_kernel_v2",487,2850416285758817,2850416288122365,0,0,56,16,48,256,1,1,1409024,1,1
"KERNEL_DISPATCH","Agent 4",1,0,5908,488,120,"void at::native::vectorized_elementwise_kernel<4, at::native::FillFunctor<int>, std::array<char*, 1ul> >(int, at::native::FillFunctor<int>, std::array<char*, 1ul>)",488,2850416288131485,2850416288333248,0,0,8,0,16,256,1,1,16777216,1,1
"KERNEL_DISPATCH","Agent 4",1,0,5908,489,207,"gemm_kernel_v2",489,2850416288343328,2850416290710396,0,0,56,16,48,256,1,1,1409024,1,1
"KERNEL_DISPATCH","Agent 4",1,0,5908,490,120,"void at::native::vectorized_elementwise_kernel<4, at::native::FillFunctor<int>, std::array<char*, 1ul> >(int, at::native::FillFunctor<int>, std::array<char*, 1ul>)",490,2850416290719676,2850416290919358,0,0,8,0,16,256,1,1,16777216,1,1
"KERNEL_DISPATCH","Agent 4",1,0,5908,491,207,"gemm_kernel_v2",491,2850416290930078,2850416293298586,0,0,56,16,48,256,1,1,1409024,1,1
"KERNEL_DISPATCH","Agent 4",1,0,5908,492,120,"void at::native::vectorized_elementwise_kernel<4, at::native::FillFunctor<int>, std::array<char*, 1ul> >(int, at::native::FillFunctor<int>, std::array<char*, 1ul>)",492,2850416293307706,2850416293507229,0,0,8,0,16,256,1,1,16777216,1,1
"KERNEL_DISPATCH","Agent 4",1,0,5908,493,207,"gemm_kernel_v2",493,2850416293518269,2850416295882297,0,0,56,16,48,256,1,1,1409024,1,1
"KERNEL_DISPATCH","Agent 4",1,0,5908,494,120,"void at::native::vectorized_elementwise_kernel<4, at::native::FillFunctor<int>, std::array<char*, 1ul> >(int, at::native::FillFunctor<int>, std::array<char*, 1ul>)",494,2850416295891257,2850416296091739,0,0,8,0,16,256,1,1,16777216,1,1
"KERNEL_DISPATCH","Agent 4",1,0,5908,495,207,"gemm_kernel_v2",495,2850416296101806,2850416298467914,0,0,56,16,48,256,1,1,1409024,1,1
"KERNEL_DISPATCH","Agent 4",1,0,5908,496,120,"void at::native::vectorized_elementwise_kernel<4, at::native::FillFunctor<int>, std::array<char*, 1ul> >(int, at::native::FillFunctor<int>, std::array<char*, 1ul>)",496,2850416298476234,2850416298679276,0,0,8,0,16,256,1,1,16777216,1,1
"KERNEL_DISPATCH","Agent 4",1,0,5908,497,207,"gemm_kernel_v2",497,2850416298688876,2850416301059304,0,0,56,16,48,256,1,1,1409024,1,1
"KERNEL_DISPATCH","Agent 4",1,0,5908,498,120,"void at::native::vectorized_elementwise_kernel<4, at::native::FillFunctor<int>, std::array<char*, 1ul> >(int, at::native::FillFunctor<int>, std::array<char*, 1ul>)",498,2850416301067944,2850416301266987,0,0,8,0,16,256,1,1,16777216,1,1
"KERNEL_DISPATCH","Agent 4",1,0,5908,499,207,"gemm_kernel_v2",499,2850416301276427,2850416303643495,0,0,56,16,48,256,1,1,1409024,1,1
"KERNEL_DISPATCH","Agent 4",1,0,5908,500,120,"void at::native::vectorized_elementwise_kernel<4, at::native::FillFunctor<int>, std::array<char*, 1ul> >(int, at::native::FillFunctor<int>, std::array<char*, 1ul>)",500,2850416303652135,2850416303852617,0,0,8,0,16,256,1,1,16777216,1,1
"KERNEL_DISPATCH","Agent 4",1,0,5908,501,207,"gemm_kernel_v2",501,2850416303862697,2850416306227846,0,0,56,16,48,256,1,1,1409024,1,1
"KERNEL_DISPATCH","Agent 4",1,0,5908,502,120,"void at::native::vectorized_elementwise_kernel<4, at::native::FillFunctor<int>, std::array<char*, 1ul> >(int, at::native::FillFunctor<int>, std::array<char*, 1ul>)",502,2850416306236486,2850416306433608,0,0,8,0,16,256,1,1,16777216,1,1
"KERNEL_DISPATCH","Agent 4",1,0,5908,503,207,"gemm_kernel_v2",503,2850416306443208,2850416308810916,0,0,56,16,48,256,1,1,1409024,1,1
"KERNEL_DISPATCH","Agent 4",1,0,5908,504,120,"void at::native::vectorized_elementwise_kernel<4, at::native::FillFunctor<int>, std::array<char*, 1ul> >(int, at::native::FillFunctor<int>, std::array<char*, 1ul>)",504,2850416308819396,2850416309020359,0,0,8,0,16,256,1,1,16777216,1,1
"KERNEL_DISPATCH","Agent 4",1,0,5908,505,207,"gemm_kernel_v2",505,2850416309030119,2850416311394147,0,0,56,16,48,256,1,1,1409024,1,1
"KERNEL_DISPATCH","Agent 4",1,0,5908,506,120,"void at::native::vectorized_elementwise_kernel<4, at::native::FillFunctor<int>, std::array<char*, 1ul> >(int, at::native::FillFunctor<int>, std::array<char*, 1ul>)",506,2850416311403427,2850416311605029,0,0,8,0,16,256,1,1,16777216,1,1
"KERNEL_DISPATCH","Agent 4",1,0,5908,507,207,"gemm_kernel_v2",507,2850416311614949,2850416313983298,0,0,56,16,48,256,1,1,1409024,1,1
"KERNEL_DISPATCH","Agent 4",1,0,5908,508,208,"gemm_kernel_v2",508,2850416318791995,2850416321359545,0,0,52,4,32,512,1,1,2818048,1,1
"KERNEL_DISPATCH","Agent 4",1,0,5908,509,120,"void at::native::vectorized_elementwise_kernel<4, at::native::FillFunctor<int>, std::array<char*, 1ul> >(int, at::native::FillFunctor<int>, std::array<char*, 1ul>)",509,2850416321437306,2850416321634748,0,0,8,0,16,256,1,1,16777216,1,1
"KERNEL_DISPATCH","Agent 4",1,0,5908,510,208,"gemm_kernel_v2",510,2850416321634748,2850416324197819,0,0,52,4,32,512,1,1,2818048,1,1
"KERNEL_DISPATCH","Agent 4",1,0,5908,511,120,"void at::native::vectorized_elementwise_kernel<4, at::native::FillFunctor<int>, std::array<char*, 1ul> >(int, at::native::FillFunctor<int>, std::array<char*, 1ul>)",511,2850416324197819,2850416324399901,0,0,8,0,16,256,1,1,16777216,1,1
"KERNEL_DISPATCH","Agent 4",1,0,5908,512,208,"gemm_kernel_v2",512,2850416324399901,2850416326965692,0,0,52,4,32,512,1,1,2818048,1,1
"KERNEL_DISPATCH","Agent 4",1,0,5908,513,120,"void at::native::vectorized_elementwise_kernel<4, at::native::FillFunctor<int>, std::array<char*, 1ul> >(int, at::native::FillFunctor<int>, std::array<char*, 1ul>)",513,2850416326965692,2850416327169214,0,0,8,0,16,256,1,1,16777216,1,1
"KERNEL_DISPATCH","Agent 4",1,0,5908,514,208,"gemm_kernel_v2",514,2850416327169214,2850416329732124,0,0,52,4,32,512,1,1,2818048,1,1
"KERNEL_DISPATCH","Agent 4",1,0,5908,515,120,"void at::native::vectorized_elementwise_kernel<4, at::native::FillFunctor<int>, std::array<char*, 1ul> >(int, at::native::FillFunctor<int>, std::array<char*, 1ul>)",515,2850416329732124,2850416329933727,0,0,8,0,16,256,1,1,16777216,1,1
"KERNEL_DISPATCH","Agent 4",1,0,5908,516,208,"gemm_kernel_v2",516,2850416329933727,2850416332498077,0,0,52,4,32,512,1,1,2818048,1,1
"KERNEL_DISPATCH","Agent 4",1,0,5908,517,120,"void at::native::vectorized_elementwise_kernel<4, at::native::FillFunctor<int>, std::array<char*, 1ul> >(int, at::native::FillFunctor<int>, std::array<char*, 1ul>)",517,2850416332498077,2850416332710080,0,0,8,0,16,256,1,1,16777216,1,1
"KERNEL_DISPATCH","Agent 4",1,0,5908,518,208,"gemm_kernel_v2",518,2850416332710080,2850416335278590,0,0,52,4,32,512,1,1,2818048,1,1
"KERNEL_DISPATCH","Agent 4",1,0,5908,519,208,"gemm_kernel_v2",519,2850416335417152,2850416337986782,0,0,52,4,32,512,1,1,2818048,1,1
"KERNEL_DISPATCH","Agent 4",1,0,5908,520,208,"gemm_kernel_v2",520,2850416337986782,2850416340554493,0,0,52,4,32,512,1,1,2818048,1,1
"KERNEL_DISPATCH","Agent 4",1,0,5908,521,208,"gemm_kernel_v2",521,2850416340554493,2850416343119483,0,0,52,4,32,512,1,1,2818048,1,1
"KERNEL_DISPATCH","Agent 4",1,0,5908,522,208,"gemm_kernel_v2",522,2850416343119483,2850416345690554,0,0,52,4,32,512,1,1,2818048,1,1
"KERNEL_DISPATCH","Agent 4",1,0,5908,523,208,"gemm_kernel_v2",523,2850416345690554,2850416348258904,0,0,52,4,32,512,1,1,2818048,1,1
"KERNEL_DISPATCH","Agent 4",1,0,5908,524,208,"gemm_kernel_v2",524,2850416348258904,2850416350824855,0,0,52,4,32,512,1,1,2818048,1,1
"KERNEL_DISPATCH","Agent 4",1,0,5908,525,208,"gemm_kernel_v2",525,2850416350824855,2850416353397845,0,0,52,4,32,512,1,1,2818048,1,1
"KERNEL_DISPATCH","Agent 4",1,0,5908,526,208,"gemm_kernel_v2",526,2850416353397845,2850416355964596,0,0,52,4,32,512,1,1,2818048,1,1
"KERNEL_DISPATCH","Agent 4",1,0,5908,527,208,"gemm_kernel_v2",527,2850416355964596,2850416358531346,0,0,52,4,32,512,1,1,2818048,1,1
"KERNEL_DISPATCH","Agent 4",1,0,5908,528,120,"void at::native::vectorized_elementwise_kernel<4, at::native::FillFunctor<int>, std::array<char*, 1ul> >(int, at::native::FillFunctor<int>, std::array<char*, 1ul>)",528,2850416358531346,2850416358731668,0,0,8,0,16,256,1,1,16777216,1,1
"KERNEL_DISPATCH","Agent 4",1,0,5908,529,208,"gemm_kernel_v2",529,2850416358742767,2850416361311117,0,0,52,4,32,512,1,1,2818048,1,1
"KERNEL_DISPATCH","Agent 4",1,0,5908,530,120,"void at::native::vectorized_elementwise_kernel<4, at::native::FillFunctor<int>, std::array<char*, 1ul> >(int, at::native::FillFunctor<int>, std::array<char*, 1ul>)",530,2850416361319437,2850416361523279,0,0,8,0,16,256,1,1,16777216,1,1
"KERNEL_DISPATCH","Agent 4",1,0,5908,531,208,"gemm_kernel_v2",531,2850416361533039,2850416364098509,0,0,52,4,32,512,1,1,2818048,1,1
"KERNEL_DISPATCH","Agent 4",1,0,5908,532,120,"void at::native::vectorized_elementwise_kernel<4, at::native::FillFunctor<int>, std::array<char*, 1ul> >(int, at::native::FillFunctor<int>, std::array<char*, 1ul>)",532,2850416364106989,2850416364307792,0,0,8,0,16,256,1,1,16777216,1,1
"KERNEL_DISPATCH","Agent 4",1,0,5908,533,208,"gemm_kernel_v2",533,2850416364317712,2850416366882862,0,0,52,4,32,512,1,1,2818048,1,1
"KERNEL_DISPATCH","Agent 4",1,0,5908,534,120,"void at::native::vectorized_elementwise_kernel<4, at::native::FillFunctor<int>, std::array<char*, 1ul> >(int, at::native::FillFunctor<int>, std::array<char*, 1ul>)",534,2850416366891342,2850416367092625,0,0,8,0,16,256,1,1,16777216,1,1
"KERNEL_DISPATCH","Agent 4",1,0,5908,535,208,"gemm_kernel_v2",535,2850416367102385,2850416369670255,0,0,52,4,32,512,1,1,2818048,1,1
"KERNEL_DISPATCH","Agent 4",1,0,5908,536,120,"void at::native::vectorized_elementwise_kernel<4, at::native::FillFunctor<int>, std::array<char*, 1ul> >(int, at::native::FillFunctor<int>, std::array<char*, 1ul>)",536,2850416369678895,2850416369877777,0,0,8,0,16,256,1,1,16777216,1,1
"KERNEL_DISPATCH","Agent 4",1,0,5908,537,208,"gemm_kernel_v2",537,2850416369887378,2850416372452528,0,0,52,4,32,512,1,1,2818048,1,1
"KERNEL_DISPATCH","Agent 4",1,0,5908,538,120,"void at::native::vectorized_elementwise_kernel<4, at::native::FillFunctor<int>, std::array<char*, 1ul> >(int, at::native::FillFunctor<int>, std::array<char*, 1ul>)",538,2850416372461168,2850416372657650,0,0,8,0,16,256,1,1,16777216,1,1
"KERNEL_DISPATCH","Agent 4",1,0,5908,539,208,"gemm_kernel_v2",539,2850416372667250,2850416375237361,0,0,52,4,32,512,1,1,2818048,1,1
"KERNEL_DISPATCH","Agent 4",1,0,5908,540,120,"void at::native::vectorized_elementwise_kernel<4, at::native::FillFunctor<int>, std::array<char*, 1ul> >(int, at::native::FillFunctor<int>, std::array<char*, 1ul>)",540,2850416375246161,2850416375443923,0,0,8,0,16,256,1,1,16777216,1,1
"KERNEL_DISPATCH","Agent 4",1,0,5908,541,208,"gemm_kernel_v2",541,2850416375453363,2850416378015473,0,0,52,4,32,512,1,1,2818048,1,1
"KERNEL_DISPATCH","Agent 4",1,0,5908,542,120,"void at::native::vectorized_elementwise_kernel<4, at::native::FillFunctor<int>, std::array<char*, 1ul> >(int, at::native::FillFunctor<int>, std::array<char*, 1ul>)",542,2850416378024273,2850416378226516,0,0,8,0,16,256,1,1,16777216,1,1
"KERNEL_DISPATCH","Agent 4",1,0,5908,543,208,"gemm_kernel_v2",543,2850416378236276,2850416380802866,0,0,52,4,32,512,1,1,2818048,1,1
"KERNEL_DISPATCH","Agent 4",1,0,5908,544,120,"void at::native::vectorized_elementwise_kernel<4, at::native::FillFunctor<int>, std::array<char*, 1ul> >(int, at::native::FillFunctor<int>, std::array<char*, 1ul>)",544,2850416380811506,2850416381013429,0,0,8,0,16,256,1,1,16777216,1,1
"KERNEL_DISPATCH","Agent 4",1,0,5908,545,208,"gemm_kernel_v2",545,2850416381023029,2850416383593459,0,0,52,4,32,512,1,1,2818048,1,1
"KERNEL_DISPATCH","Agent 4",1,0,5908,546,120,"void at::native::vectorized_elementwise_kernel<4, at::native::FillFunctor<int>, std::array<char*, 1ul> >(int, at::native::FillFunctor<int>, std::array<char*, 1ul>)",546,2850416383601939,2850416383801941,0,0,8,0,16,256,1,1,16777216,1,1
"KERNEL_DISPATCH","Agent 4",1,0,5908,547,208,"gemm_kernel_v2",547,2850416383811542,2850416386378772,0,0,52,4,32,512,1,1,2818048,1,1
"KERNEL_DISPATCH","Agent 4",1,0,5908,548,120,"void at::native::vectorized_elementwise_kernel<4, at::native::FillFunctor<int>, std::array<char*, 1ul> >(int, at::native::FillFunctor<int>, std::array<char*, 1ul>)",548,2850416386387412,2850416386588214,0,0,8,0,16,256,1,1,16777216,1,1
"KERNEL_DISPATCH","Agent 4",1,0,5908,549,208,"gemm_kernel_v2",549,2850416386598134,2850416389163925,0,0,52,4,32,512,1,1,2818048,1,1
"KERNEL_DISPATCH","Agent 4",1,0,5908,550,120,"void at::native::vectorized_elementwise_kernel<4, at::native::FillFunctor<int>, std::array<char*, 1ul> >(int, at::native::FillFunctor<int>, std::array<char*, 1ul>)",550,2850416389172405,2850416389379607,0,0,8,0,16,256,1,1,16777216,1,1
"KERNEL_DISPATCH","Agent 4",1,0,5908,551,208,"gemm_kernel_v2",551,2850416389389367,2850416391957558,0,0,52,4,32,512,1,1,2818048,1,1
"KERNEL_DISPATCH","Agent 4",1,0,5908,552,120,"void at::native::vectorized_elementwise_kernel<4, at::native::FillFunctor<int>, std::array<char*, 1ul> >(int, at::native::FillFunctor<int>, std::array<char*, 1ul>)",552,2850416391966198,2850416392166040,0,0,8,0,16,256,1,1,16777216,1,1
"KERNEL_DISPATCH","Agent 4",1,0,5908,553,208,"gemm_kernel_v2",553,2850416392175320,2850416394749430,0,0,52,4,32,512,1,1,2818048,1,1
"KERNEL_DISPATCH","Agent 4",1,0,5908,554,120,"void at::native::vectorized_elementwise_kernel<4, at::native::FillFunctor<int>, std::array<char*, 1ul> >(int, at::native::FillFunctor<int>, std::array<char*, 1ul>)",554,2850416394758071,2850416394957913,0,0,8,0,16,256,1,1,16777216,1,1
"KERNEL_DISPATCH","Agent 4",1,0,5908,555,208,"gemm_kernel_v2",555,2850416394967513,2850416397538743,0,0,52,4,32,512,1,1,2818048,1,1
"KERNEL_DISPATCH","Agent 4",1,0,5908,556,120,"void at::native::vectorized_elementwise_kernel<4, at::native::FillFunctor<int>, std::array<char*, 1ul> >(int, at::native::FillFunctor<int>, std::array<char*, 1ul>)",556,2850416397547543,2850416397748666,0,0,8,0,16,256,1,1,16777216,1,1
"KERNEL_DISPATCH","Agent 4",1,0,5908,557,208,"gemm_kernel_v2",557,2850416397758426,2850416400329816,0,0,52,4,32,512,1,1,2818048,1,1
"KERNEL_DISPATCH","Agent 4",1,0,5908,558,120,"void at::native::vectorized_elementwise_kernel<4, at::native::FillFunctor<int>, std::array<char*, 1ul> >(int, at::native::FillFunctor<int>, std::array<char*, 1ul>)",558,2850416400338296,2850416400539259,0,0,8,0,16,256,1,1,16777216,1,1
"KERNEL_DISPATCH","Agent 4",1,0,5908,559,208,"gemm_kernel_v2",559,2850416400548859,2850416403117369,0,0,52,4,32,512,1,1,2818048,1,1
"KERNEL_DISPATCH","Agent 4",1,0,5908,560,120,"void at::native::vectorized_elementwise_kernel<4, at::native::FillFunctor<int>, std::array<char*, 1ul> >(int, at::native::FillFunctor<int>, std::array<char*, 1ul>)",560,2850416403125849,2850416403327132,0,0,8,0,16,256,1,1,16777216,1,1
"KERNEL_DISPATCH","Agent 4",1,0,5908,561,208,"gemm_kernel_v2",561,2850416403336572,2850416405901562,0,0,52,4,32,512,1,1,2818048,1,1
"KERNEL_DISPATCH","Agent 4",1,0,5908,562,120,"void at::native::vectorized_elementwise_kernel<4, at::native::FillFunctor<int>, std::array<char*, 1ul> >(int, at::native::FillFunctor<int>, std::array<char*, 1ul>)",562,2850416405909882,2850416406108604,0,0,8,0,16,256,1,1,16777216,1,1
"KERNEL_DISPATCH","Agent 4",1,0,5908,563,208,"gemm_kernel_v2",563,2850416406118684,2850416408684635,0,0,52,4,32,512,1,1,2818048,1,1
"KERNEL_DISPATCH","Agent 4",1,0,5908,564,120,"void at::native::vectorized_elementwise_kernel<4, at::native::FillFunctor<int>, std::array<char*, 1ul> >(int, at::native::FillFunctor<int>, std::array<char*, 1ul>)",564,2850416408693435,2850416408893437,0,0,8,0,16,256,1,1,16777216,1,1
"KERNEL_DISPATCH","Agent 4",1,0,5908,565,208,"gemm_kernel_v2",565,2850416408902717,2850416411472668,0,0,52,4,32,512,1,1,2818048,1,1
"KERNEL_DISPATCH","Agent 4",1,0,5908,566,120,"void at::native::vectorized_elementwise_kernel<4, at::native::FillFunctor<int>, std::array<char*, 1ul> >(int, at::native::FillFunctor<int>, std::array<char*, 1ul>)",566,2850416411481148,2850416411684830,0,0,8,0,16,256,1,1,16777216,1,1
"KERNEL_DISPATCH","Agent 4",1,0,5908,567,208,"gemm_kernel_v2",567,2850416411694270,2850416414264860,0,0,52,4,32,512,1,1,2818048,1,1
"KERNEL_DISPATCH","Agent 4",1,0,5908,568,120,"void at::native::vectorized_elementwise_kernel<4, at::native::FillFunctor<int>, std::array<char*, 1ul> >(int, at::native::FillFunctor<int>, std::array<char*, 1ul>)",568,2850416414273501,2850416414474623,0,0,8,0,16,256,1,1,16777216,1,1
"KERNEL_DISPATCH","Agent 4",1,0,5908,569,208,"gemm_kernel_v2",569,2850416414484383,2850416417052253,0,0,52,4,32,512,1,1,2818048,1,1
"KERNEL_DISPATCH","Agent 4",1,0,5908,570,120,"void at::native::vectorized_elementwise_kernel<4, at::native::FillFunctor<int>, std::array<char*, 1ul> >(int, at::native::FillFunctor<int>, std::array<char*, 1ul>)",570,2850416417060573,2850416417261056,0,0,8,0,16,256,1,1,16777216,1,1
"KERNEL_DISPATCH","Agent 4",1,0,5908,571,208,"gemm_kernel_v2",571,2850416417270656,2850416419843486,0,0,52,4,32,512,1,1,2818048,1,1
"KERNEL_DISPATCH","Agent 4",1,0,5908,572,120,"void at::native::vectorized_elementwise_kernel<4, at::native::FillFunctor<int>, std::array<char*, 1ul> >(int, at::native::FillFunctor<int>, std::array<char*, 1ul>)",572,2850416419852126,2850416420051649,0,0,8,0,16,256,1,1,16777216,1,1
"KERNEL_DISPATCH","Agent 4",1,0,5908,573,208,"gemm_kernel_v2",573,2850416420061249,2850416422629439,0,0,52,4,32,512,1,1,2818048,1,1
"KERNEL_DISPATCH","Agent 4",1,0,5908,574,120,"void at::native::vectorized_elementwise_kernel<4, at::native::FillFunctor<int>, std::array<char*, 1ul> >(int, at::native::FillFunctor<int>, std::array<char*, 1ul>)",574,2850416422638079,2850416422839521,0,0,8,0,16,256,1,1,16777216,1,1
"KERNEL_DISPATCH","Agent 4",1,0,5908,575,208,"gemm_kernel_v2",575,2850416422850187,2850416425421737,0,0,52,4,32,512,1,1,2818048,1,1
"KERNEL_DISPATCH","Agent 4",1,0,5908,576,120,"void at::native::vectorized_elementwise_kernel<4, at::native::FillFunctor<int>, std::array<char*, 1ul> >(int, at::native::FillFunctor<int>, std::array<char*, 1ul>)",576,2850416425430217,2850416425632139,0,0,8,0,16,256,1,1,16777216,1,1
"KERNEL_DISPATCH","Agent 4",1,0,5908,577,208,"gemm_kernel_v2",577,2850416425641739,2850416428211529,0,0,52,4,32,512,1,1,2818048,1,1
"KERNEL_DISPATCH","Agent 4",1,0,5908,578,120,"void at::native::vectorized_elementwise_kernel<4, at::native::FillFunctor<int>, std::array<char*, 1ul> >(int, at::native::FillFunctor<int>, std::array<char*, 1ul>)",578,2850416428219849,2850416428420172,0,0,8,0,16,256,1,1,16777216,1,1
"KERNEL_DISPATCH","Agent 4",1,0,5908,579,208,"gemm_kernel_v2",579,2850416428429772,2850416430994122,0,0,52,4,32,512,1,1,2818048,1,1
"KERNEL_DISPATCH","Agent 4",1,0,5908,580,120,"void at::native::vectorized_elementwise_kernel<4, at::native::FillFunctor<int>, std::array<char*, 1ul> >(int, at::native::FillFunctor<int>, std::array<char*, 1ul>)",580,2850416431002922,2850416431202285,0,0,8,0,16,256,1,1,16777216,1,1
"KERNEL_DISPATCH","Agent 4",1,0,5908,581,208,"gemm_kernel_v2",581,2850416431212045,2850416433782315,0,0,52,4,32,512,1,1,2818048,1,1
"KERNEL_DISPATCH","Agent 4",1,0,5908,582,120,"void at::native::vectorized_elementwise_kernel<4, at::native::FillFunctor<int>, std::array<char*, 1ul> >(int, at::native::FillFunctor<int>, std::array<char*, 1ul>)",582,2850416433790635,2850416433988078,0,0,8,0,16,256,1,1,16777216,1,1
"KERNEL_DISPATCH","Agent 4",1,0,5908,583,208,"gemm_kernel_v2",583,2850416433997518,2850416436566988,0,0,52,4,32,512,1,1,2818048,1,1
"KERNEL_DISPATCH","Agent 4",1,0,5908,584,120,"void at::native::vectorized_elementwise_kernel<4, at::native::FillFunctor<int>, std::array<char*, 1ul> >(int, at::native::FillFunctor<int>, std::array<char*, 1ul>)",584,2850416436575308,2850416436777711,0,0,8,0,16,256,1,1,16777216,1,1
"KERNEL_DISPATCH","Agent 4",1,0,5908,585,208,"gemm_kernel_v2",585,2850416436787631,2850416439355981,0,0,52,4,32,512,1,1,2818048,1,1
"KERNEL_DISPATCH","Agent 4",1,0,5908,586,120,"void at::native::vectorized_elementwise_kernel<4, at::native::FillFunctor<int>, std::array<char*, 1ul> >(int, at::native::FillFunctor<int>, std::array<char*, 1ul>)",586,2850416439364461,2850416439564784,0,0,8,0,16,256,1,1,16777216,1,1
"KERNEL_DISPATCH","Agent 4",1,0,5908,587,208,"gemm_kernel_v2",587,2850416439574544,2850416442145294,0,0,52,4,32,512,1,1,2818048,1,1
"KERNEL_DISPATCH","Agent 4",1,0,5908,588,120,"void at::native::vectorized_elementwise_kernel<4, at::native::FillFunctor<int>, std::array<char*, 1ul> >(int, at::native::FillFunctor<int>, std::array<char*, 1ul>)",588,2850416442153934,2850416442354416,0,0,8,0,16,256,1,1,16777216,1,1
"KERNEL_DISPATCH","Agent 4",1,0,5908,589,208,"gemm_kernel_v2",589,2850416442363857,2850416444928687,0,0,52,4,32,512,1,1,2818048,1,1
"KERNEL_DISPATCH","Agent 4",1,0,5908,590,120,"void at::native::vectorized_elementwise_kernel<4, at::native::FillFunctor<int>, std::array<char*, 1ul> >(int, at::native::FillFunctor<int>, std::array<char*, 1ul>)",590,2850416444937327,2850416445141169,0,0,8,0,16,256,1,1,16777216,1,1
"KERNEL_DISPATCH","Agent 4",1,0,5908,591,208,"gemm_kernel_v2",591,2850416445150930,2850416447718320,0,0,52,4,32,512,1,1,2818048,1,1
"KERNEL_DISPATCH","Agent 4",1,0,5908,592,120,"void at::native::vectorized_elementwise_kernel<4, at::native::FillFunctor<int>, std::array<char*, 1ul> >(int, at::native::FillFunctor<int>, std::array<char*, 1ul>)",592,2850416447726960,2850416447927122,0,0,8,0,16,256,1,1,16777216,1,1
"KERNEL_DISPATCH","Agent 4",1,0,5908,593,208,"gemm_kernel_v2",593,2850416447936722,2850416450503953,0,0,52,4,32,512,1,1,2818048,1,1
"KERNEL_DISPATCH","Agent 4",1,0,5908,594,120,"void at::native::vectorized_elementwise_kernel<4, at::native::FillFunctor<int>, std::array<char*, 1ul> >(int, at::native::FillFunctor<int>, std::array<char*, 1ul>)",594,2850416450512593,2850416450711635,0,0,8,0,16,256,1,1,16777216,1,1
"KERNEL_DISPATCH","Agent 4",1,0,5908,595,208,"gemm_kernel_v2",595,2850416450721395,2850416453291826,0,0,52,4,32,512,1,1,2818048,1,1
"KERNEL_DISPATCH","Agent 4",1,0,5908,596,120,"void at::native::vectorized_elementwise_kernel<4, at::native::FillFunctor<int>, std::array<char*, 1ul> >(int, at::native::FillFunctor<int>, std::array<char*, 1ul>)",596,2850416453300146,2850416453502708,0,0,8,0,16,256,1,1,16777216,1,1
"KERNEL_DISPATCH","Agent 4",1,0,5908,597,208,"gemm_kernel_v2",597,2850416453512468,2850416456084019,0,0,52,4,32,512,1,1,2818048,1,1
"KERNEL_DISPATCH","Agent 4",1,0,5908,598,120,"void at::native::vectorized_elementwise_kernel<4, at::native::FillFunctor<int>, std::array<char*, 1ul> >(int, at::native::FillFunctor<int>, std::array<char*, 1ul>)",598,2850416456092979,2850416456293301,0,0,8,0,16,256,1,1,16777216,1,1
"KERNEL_DISPATCH","Agent 4",1,0,5908,599,208,"gemm_kernel_v2",599,2850416456304181,2850416458875252,0,0,52,4,32,512,1,1,2818048,1,1
"KERNEL_DISPATCH","Agent 4",1,0,5908,600,209,"gemm_kernel_v2",600,2850416463794510,2850416465835494,0,0,52,36,48,256,1,1,704512,1,1
"KERNEL_DISPATCH","Agent 4",1,0,5908,601,120,"void at::native::vectorized_elementwise_kernel<4, at::native::FillFunctor<int>, std::array<char*, 1ul> >(int, at::native::FillFunctor<int>, std::array<char*, 1ul>)",601,2850416465913255,2850416466111497,0,0,8,0,16,256,1,1,16777216,1,1
"KERNEL_DISPATCH","Agent 4",1,0,5908,602,209,"gemm_kernel_v2",602,2850416466111497,2850416468156161,0,0,52,36,48,256,1,1,704512,1,1
"KERNEL_DISPATCH","Agent 4",1,0,5908,603,120,"void at::native::vectorized_elementwise_kernel<4, at::native::FillFunctor<int>, std::array<char*, 1ul> >(int, at::native::FillFunctor<int>, std::array<char*, 1ul>)",603,2850416468156161,2850416468357124,0,0,8,0,16,256,1,1,16777216,1,1
"KERNEL_DISPATCH","Agent 4",1,0,5908,604,209,"gemm_kernel_v2",604,2850416468357124,2850416470400668,0,0,52,36,48,256,1,1,704512,1,1
"KERNEL_DISPATCH","Agent 4",1,0,5908,605,120,"void at::native::vectorized_elementwise_kernel<4, at::native::FillFunctor<int>, std::array<char*, 1ul> >(int, at::native::FillFunctor<int>, std::array<char*, 1ul>)",605,2850416470400668,2850416470597790,0,0,8,0,16,256,1,1,16777216,1,1
"KERNEL_DISPATCH","Agent 4",1,0,5908,606,209,"gemm_kernel_v2",606,2850416470597790,2850416472637334,0,0,52,36,48,256,1,1,704512,1,1
"KERNEL_DISPATCH","Agent 4",1,0,5908,607,120,"void at::native::vectorized_elementwise_kernel<4, at::native::FillFunctor<int>, std::array<char*, 1ul> >(int, at::native::FillFunctor<int>, std::array<char*, 1ul>)",607,2850416472637334,2850416472838777,0,0,8,0,16,256,1,1,16777216,1,1
"KERNEL_DISPATCH","Agent 4",1,0,5908,608,209,"gemm_kernel_v2",608,2850416472838777,2850416474882641,0,0,52,36,48,256,1,1,704512,1,1
"KERNEL_DISPATCH","Agent 4",1,0,5908,609,120,"void at::native::vectorized_elementwise_kernel<4, at::native::FillFunctor<int>, std::array<char*, 1ul> >(int, at::native::FillFunctor<int>, std::array<char*, 1ul>)",609,2850416474882641,2850416475082003,0,0,8,0,16,256,1,1,16777216,1,1
"KERNEL_DISPATCH","Agent 4",1,0,5908,610,209,"gemm_kernel_v2",610,2850416475082003,2850416477123947,0,0,52,36,48,256,1,1,704512,1,1
"KERNEL_DISPATCH","Agent 4",1,0,5908,611,209,"gemm_kernel_v2",611,2850416477278349,2850416479319173,0,0,52,36,48,256,1,1,704512,1,1
"KERNEL_DISPATCH","Agent 4",1,0,5908,612,209,"gemm_kernel_v2",612,2850416479319173,2850416481361917,0,0,52,36,48,256,1,1,704512,1,1
"KERNEL_DISPATCH","Agent 4",1,0,5908,613,209,"gemm_kernel_v2",613,2850416481361917,2850416483403381,0,0,52,36,48,256,1,1,704512,1,1
"KERNEL_DISPATCH","Agent 4",1,0,5908,614,209,"gemm_kernel_v2",614,2850416483403381,2850416485447566,0,0,52,36,48,256,1,1,704512,1,1
"KERNEL_DISPATCH","Agent 4",1,0,5908,615,209,"gemm_kernel_v2",615,2850416485447566,2850416487488710,0,0,52,36,48,256,1,1,704512,1,1
"KERNEL_DISPATCH","Agent 4",1,0,5908,616,209,"gemm_kernel_v2",616,2850416487488723,2850416489535627,0,0,52,36,48,256,1,1,704512,1,1
"KERNEL_DISPATCH","Agent 4",1,0,5908,617,209,"gemm_kernel_v2",617,2850416489535627,2850416491580770,0,0,52,36,48,256,1,1,704512,1,1
"KERNEL_DISPATCH","Agent 4",1,0,5908,618,209,"gemm_kernel_v2",618,2850416491580770,2850416493618075,0,0,52,36,48,256,1,1,704512,1,1
"KERNEL_DISPATCH","Agent 4",1,0,5908,619,209,"gemm_kernel_v2",619,2850416493618075,2850416495660179,0,0,52,36,48,256,1,1,704512,1,1
"KERNEL_DISPATCH","Agent 4",1,0,5908,620,209,"gemm_kernel_v2",620,2850416495660179,2850416497702123,0,0,52,36,48,256,1,1,704512,1,1
"KERNEL_DISPATCH","Agent 4",1,0,5908,621,209,"gemm_kernel_v2",621,2850416497702123,2850416499746147,0,0,52,36,48,256,1,1,704512,1,1
"KERNEL_DISPATCH","Agent 4",1,0,5908,622,120,"void at::native::vectorized_elementwise_kernel<4, at::native::FillFunctor<int>, std::array<char*, 1ul> >(int, at::native::FillFunctor<int>, std::array<char*, 1ul>)",622,2850416499746147,2850416499944229,0,0,8,0,16,256,1,1,16777216,1,1
"KERNEL_DISPATCH","Agent 4",1,0,5908,623,209,"gemm_kernel_v2",623,2850416499955269,2850416502000574,0,0,52,36,48,256,1,1,704512,1,1
"KERNEL_DISPATCH","Agent 4",1,0,5908,624,120,"void at::native::vectorized_elementwise_kernel<4, at::native::FillFunctor<int>, std::array<char*, 1ul> >(int, at::native::FillFunctor<int>, std::array<char*, 1ul>)",624,2850416502009854,2850416502212416,0,0,8,0,16,256,1,1,16777216,1,1
"KERNEL_DISPATCH","Agent 4",1,0,5908,625,209,"gemm_kernel_v2",625,2850416502221696,2850416504264600,0,0,52,36,48,256,1,1,704512,1,1
"KERNEL_DISPATCH","Agent 4",1,0,5908,626,120,"void at::native::vectorized_elementwise_kernel<4, at::native::FillFunctor<int>, std::array<char*, 1ul> >(int, at::native::FillFunctor<int>, std::array<char*, 1ul>)",626,2850416504273880,2850416504474043,0,0,8,0,16,256,1,1,16777216,1,1
"KERNEL_DISPATCH","Agent 4",1,0,5908,627,209,"gemm_kernel_v2",627,2850416504483643,2850416506524787,0,0,52,36,48,256,1,1,704512,1,1
"KERNEL_DISPATCH","Agent 4",1,0,5908,628,120,"void at::native::vectorized_elementwise_kernel<4, at::native::FillFunctor<int>, std::array<char*, 1ul> >(int, at::native::FillFunctor<int>, std::array<char*, 1ul>)",628,2850416506533587,2850416506732150,0,0,8,0,16,256,1,1,16777216,1,1
"KERNEL_DISPATCH","Agent 4",1,0,5908,629,209,"gemm_kernel_v2",629,2850416506741430,2850416508783534,0,0,52,36,48,256,1,1,704512,1,1
"KERNEL_DISPATCH","Agent 4",1,0,5908,630,120,"void at::native::vectorized_elementwise_kernel<4, at::native::FillFunctor<int>, std::array<char*, 1ul> >(int, at::native::FillFunctor<int>, std::array<char*, 1ul>)",630,2850416508792654,2850416508992496,0,0,8,0,16,256,1,1,16777216,1,1
"KERNEL_DISPATCH","Agent 4",1,0,5908,631,209,"gemm_kernel_v2",631,2850416509002416,2850416511048361,0,0,52,36,48,256,1,1,704512,1,1
"KERNEL_DISPATCH","Agent 4",1,0,5908,632,120,"void at::native::vectorized_elementwise_kernel<4, at::native::FillFunctor<int>, std::array<char*, 1ul> >(int, at::native::FillFunctor<int>, std::array<char*, 1ul>)",632,2850416511057481,2850416511256363,0,0,8,0,16,256,1,1,16777216,1,1
"KERNEL_DISPATCH","Agent 4",1,0,5908,633,209,"gemm_kernel_v2",633,2850416511265803,2850416513311107,0,0,52,36,48,256,1,1,704512,1,1
"KERNEL_DISPATCH","Agent 4",1,0,5908,634,120,"void at::native::vectorized_elementwise_kernel<4, at::native::FillFunctor<int>, std::array<char*, 1ul> >(int, at::native::FillFunctor<int>, std::array<char*, 1ul>)",634,2850416513320227,2850416513521990,0,0,8,0,16,256,1,1,16777216,1,1
"KERNEL_DISPATCH","Agent 4",1,0,5908,635,209,"gemm_kernel_v2",635,2850416513531910,2850416515573214,0,0,52,36,48,256,1,1,704512,1,1
"KERNEL_DISPATCH","Agent 4",1,0,5908,636,120,"void at::native::vectorized_elementwise_kernel<4, at::native::FillFunctor<int>, std::array<char*, 1ul> >(int, at::native::FillFunctor<int>, std::array<char*, 1ul>)",636,2850416515582334,2850416515781056,0,0,8,0,16,256,1,1,16777216,1,1
"KERNEL_DISPATCH","Agent 4",1,0,5908,637,209,"gemm_kernel_v2",637,2850416515790657,2850416517836921,0,0,52,36,48,256,1,1,704512,1,1
"KERNEL_DISPATCH","Agent 4",1,0,5908,638,120,"void at::native::vectorized_elementwise_kernel<4, at::native::FillFunctor<int>, std::array<char*, 1ul> >(int, at::native::FillFunctor<int>, std::array<char*, 1ul>)",638,2850416517846201,2850416518049403,0,0,8,0,16,256,1,1,16777216,1,1
"KERNEL_DISPATCH","Agent 4",1,0,5908,639,209,"gemm_kernel_v2",639,2850416518059163,2850416520100628,0,0,52,36,48,256,1,1,704512,1,1
"KERNEL_DISPATCH","Agent 4",1,0,5908,640,120,"void at::native::vectorized_elementwise_kernel<4, at::native::FillFunctor<int>, std::array<char*, 1ul> >(int, at::native::FillFunctor<int>, std::array<char*, 1ul>)",640,2850416520109748,2850416520309430,0,0,8,0,16,256,1,1,16777216,1,1
"KERNEL_DISPATCH","Agent 4",1,0,5908,641,209,"gemm_kernel_v2",641,2850416520319030,2850416522361614,0,0,52,36,48,256,1,1,704512,1,1
"KERNEL_DISPATCH","Agent 4",1,0,5908,642,120,"void at::native::vectorized_elementwise_kernel<4, at::native::FillFunctor<int>, std::array<char*, 1ul> >(int, at::native::FillFunctor<int>, std::array<char*, 1ul>)",642,2850416522370734,2850416522572017,0,0,8,0,16,256,1,1,16777216,1,1
"KERNEL_DISPATCH","Agent 4",1,0,5908,643,209,"gemm_kernel_v2",643,2850416522581617,2850416524624361,0,0,52,36,48,256,1,1,704512,1,1
"KERNEL_DISPATCH","Agent 4",1,0,5908,644,120,"void at::native::vectorized_elementwise_kernel<4, at::native::FillFunctor<int>, std::array<char*, 1ul> >(int, at::native::FillFunctor<int>, std::array<char*, 1ul>)",644,2850416524633481,2850416524830763,0,0,8,0,16,256,1,1,16777216,1,1
"KERNEL_DISPATCH","Agent 4",1,0,5908,645,209,"gemm_kernel_v2",645,2850416524840364,2850416526887908,0,0,52,36,48,256,1,1,704512,1,1
"KERNEL_DISPATCH","Agent 4",1,0,5908,646,120,"void at::native::vectorized_elementwise_kernel<4, at::native::FillFunctor<int>, std::array<char*, 1ul> >(int, at::native::FillFunctor<int>, std::array<char*, 1ul>)",646,2850416526896868,2850416527094790,0,0,8,0,16,256,1,1,16777216,1,1
"KERNEL_DISPATCH","Agent 4",1,0,5908,647,209,"gemm_kernel_v2",647,2850416527104390,2850416529147934,0,0,52,36,48,256,1,1,704512,1,1
"KERNEL_DISPATCH","Agent 4",1,0,5908,648,120,"void at::native::vectorized_elementwise_kernel<4, at::native::FillFunctor<int>, std::array<char*, 1ul> >(int, at::native::FillFunctor<int>, std::array<char*, 1ul>)",648,2850416529156895,2850416529361217,0,0,8,0,16,256,1,1,16777216,1,1
"KERNEL_DISPATCH","Agent 4",1,0,5908,649,209,"gemm_kernel_v2",649,2850416529370817,2850416531411001,0,0,52,36,48,256,1,1,704512,1,1
"KERNEL_DISPATCH","Agent 4",1,0,5908,650,120,"void at::native::vectorized_elementwise_kernel<4, at::native::FillFunctor<int>, std::array<char*, 1ul> >(int, at::native::FillFunctor<int>, std::array<char*, 1ul>)",650,2850416531421241,2850416531622204,0,0,8,0,16,256,1,1,16777216,1,1
"KERNEL_DISPATCH","Agent 4",1,0,5908,651,209,"gemm_kernel_v2",651,2850416531632924,2850416533673428,0,0,52,36,48,256,1,1,704512,1,1
"KERNEL_DISPATCH","Agent 4",1,0,5908,652,120,"void at::native::vectorized_elementwise_kernel<4, at::native::FillFunctor<int>, std::array<char*, 1ul> >(int, at::native::FillFunctor<int>, std::array<char*, 1ul>)",652,2850416533682388,2850416533881270,0,0,8,0,16,256,1,1,16777216,1,1
"KERNEL_DISPATCH","Agent 4",1,0,5908,653,209,"gemm_kernel_v2",653,2850416533890710,2850416535934895,0,0,52,36,48,256,1,1,704512,1,1
"KERNEL_DISPATCH","Agent 4",1,0,5908,654,120,"void at::native::vectorized_elementwise_kernel<4, at::native::FillFunctor<int>, std::array<char*, 1ul> >(int, at::native::FillFunctor<int>, std::array<char*, 1ul>)",654,2850416535944015,2850416536143537,0,0,8,0,16,256,1,1,16777216,1,1
"KERNEL_DISPATCH","Agent 4",1,0,5908,655,209,"gemm_kernel_v2",655,2850416536153137,2850416538198441,0,0,52,36,48,256,1,1,704512,1,1
"KERNEL_DISPATCH","Agent 4",1,0,5908,656,120,"void at::native::vectorized_elementwise_kernel<4, at::native::FillFunctor<int>, std::array<char*, 1ul> >(int, at::native::FillFunctor<int>, std::array<char*, 1ul>)",656,2850416538207401,2850416538409004,0,0,8,0,16,256,1,1,16777216,1,1
"KERNEL_DISPATCH","Agent 4",1,0,5908,657,209,"gemm_kernel_v2",657,2850416538418444,2850416540463268,0,0,52,36,48,256,1,1,704512,1,1
"KERNEL_DISPATCH","Agent 4",1,0,5908,658,120,"void at::native::vectorized_elementwise_kernel<4, at::native::FillFunctor<int>, std::array<char*, 1ul> >(int, at::native::FillFunctor<int>, std::array<char*, 1ul>)",658,2850416540472388,2850416540676711,0,0,8,0,16,256,1,1,16777216,1,1
"KERNEL_DISPATCH","Agent 4",1,0,5908,659,209,"gemm_kernel_v2",659,2850416540686311,2850416542729855,0,0,52,36,48,256,1,1,704512,1,1
"KERNEL_DISPATCH","Agent 4",1,0,5908,660,120,"void at::native::vectorized_elementwise_kernel<4, at::native::FillFunctor<int>, std::array<char*, 1ul> >(int, at::native::FillFunctor<int>, std::array<char*, 1ul>)",660,2850416542738655,2850416542943137,0,0,8,0,16,256,1,1,16777216,1,1
"KERNEL_DISPATCH","Agent 4",1,0,5908,661,209,"gemm_kernel_v2",661,2850416542952418,2850416544996442,0,0,52,36,48,256,1,1,704512,1,1
"KERNEL_DISPATCH","Agent 4",1,0,5908,662,120,"void at::native::vectorized_elementwise_kernel<4, at::native::FillFunctor<int>, std::array<char*, 1ul> >(int, at::native::FillFunctor<int>, std::array<char*, 1ul>)",662,2850416545005882,2850416545207164,0,0,8,0,16,256,1,1,16777216,1,1
"KERNEL_DISPATCH","Agent 4",1,0,5908,663,209,"gemm_kernel_v2",663,2850416545216924,2850416547262549,0,0,52,36,48,256,1,1,704512,1,1
"KERNEL_DISPATCH","Agent 4",1,0,5908,664,120,"void at::native::vectorized_elementwise_kernel<4, at::native::FillFunctor<int>, std::array<char*, 1ul> >(int, at::native::FillFunctor<int>, std::array<char*, 1ul>)",664,2850416547271829,2850416547469431,0,0,8,0,16,256,1,1,16777216,1,1
"KERNEL_DISPATCH","Agent 4",1,0,5908,665,209,"gemm_kernel_v2",665,2850416547479031,2850416549523215,0,0,52,36,48,256,1,1,704512,1,1
"KERNEL_DISPATCH","Agent 4",1,0,5908,666,120,"void at::native::vectorized_elementwise_kernel<4, at::native::FillFunctor<int>, std::array<char*, 1ul> >(int, at::native::FillFunctor<int>, std::array<char*, 1ul>)",666,2850416549532335,2850416549731058,0,0,8,0,16,256,1,1,16777216,1,1
"KERNEL_DISPATCH","Agent 4",1,0,5908,667,209,"gemm_kernel_v2",667,2850416549740818,2850416551785642,0,0,52,36,48,256,1,1,704512,1,1
"KERNEL_DISPATCH","Agent 4",1,0,5908,668,120,"void at::native::vectorized_elementwise_kernel<4, at::native::FillFunctor<int>, std::array<char*, 1ul> >(int, at::native::FillFunctor<int>, std::array<char*, 1ul>)",668,2850416551794762,2850416551993164,0,0,8,0,16,256,1,1,16777216,1,1
"KERNEL_DISPATCH","Agent 4",1,0,5908,669,209,"gemm_kernel_v2",669,2850416552002665,2850416554046369,0,0,52,36,48,256,1,1,704512,1,1
"KERNEL_DISPATCH","Agent 4",1,0,5908,670,120,"void at::native::vectorized_elementwise_kernel<4, at::native::FillFunctor<int>, std::array<char*, 1ul> >(int, at::native::FillFunctor<int>, std::array<char*, 1ul>)",670,2850416554055489,2850416554255331,0,0,8,0,16,256,1,1,16777216,1,1
"KERNEL_DISPATCH","Agent 4",1,0,5908,671,209,"gemm_kernel_v2",671,2850416554264931,2850416556310075,0,0,52,36,48,256,1,1,704512,1,1
"KERNEL_DISPATCH","Agent 4",1,0,5908,672,120,"void at::native::vectorized_elementwise_kernel<4, at::native::FillFunctor<int>, std::array<char*, 1ul> >(int, at::native::FillFunctor<int>, std::array<char*, 1ul>)",672,2850416556319195,2850416556519198,0,0,8,0,16,256,1,1,16777216,1,1
"KERNEL_DISPATCH","Agent 4",1,0,5908,673,209,"gemm_kernel_v2",673,2850416556528798,2850416558573622,0,0,52,36,48,256,1,1,704512,1,1
"KERNEL_DISPATCH","Agent 4",1,0,5908,674,120,"void at::native::vectorized_elementwise_kernel<4, at::native::FillFunctor<int>, std::array<char*, 1ul> >(int, at::native::FillFunctor<int>, std::array<char*, 1ul>)",674,2850416558582902,2850416558783544,0,0,8,0,16,256,1,1,16777216,1,1
"KERNEL_DISPATCH","Agent 4",1,0,5908,675,209,"gemm_kernel_v2",675,2850416558793144,2850416560837168,0,0,52,36,48,256,1,1,704512,1,1
"KERNEL_DISPATCH","Agent 4",1,0,5908,676,120,"void at::native::vectorized_elementwise_kernel<4, at::native::FillFunctor<int>, std::array<char*, 1ul> >(int, at::native::FillFunctor<int>, std::array<char*, 1ul>)",676,2850416560846289,2850416561043571,0,0,8,0,16,256,1,1,16777216,1,1
"KERNEL_DISPATCH","Agent 4",1,0,5908,677,209,"gemm_kernel_v2",677,2850416561053171,2850416563095755,0,0,52,36,48,256,1,1,704512,1,1
"KERNEL_DISPATCH","Agent 4",1,0,5908,678,120,"void at::native::vectorized_elementwise_kernel<4, at::native::FillFunctor<int>, std::array<char*, 1ul> >(int, at::native::FillFunctor<int>, std::array<char*, 1ul>)",678,2850416563104875,2850416563305998,0,0,8,0,16,256,1,1,16777216,1,1
"KERNEL_DISPATCH","Agent 4",1,0,5908,679,209,"gemm_kernel_v2",679,2850416563315758,2850416565358022,0,0,52,36,48,256,1,1,704512,1,1
"KERNEL_DISPATCH","Agent 4",1,0,5908,680,120,"void at::native::vectorized_elementwise_kernel<4, at::native::FillFunctor<int>, std::array<char*, 1ul> >(int, at::native::FillFunctor<int>, std::array<char*, 1ul>)",680,2850416565367302,2850416565566664,0,0,8,0,16,256,1,1,16777216,1,1
"KERNEL_DISPATCH","Agent 4",1,0,5908,681,209,"gemm_kernel_v2",681,2850416565576104,2850416567619808,0,0,52,36,48,256,1,1,704512,1,1
"KERNEL_DISPATCH","Agent 4",1,0,5908,682,120,"void at::native::vectorized_elementwise_kernel<4, at::native::FillFunctor<int>, std::array<char*, 1ul> >(int, at::native::FillFunctor<int>, std::array<char*, 1ul>)",682,2850416567629089,2850416567829571,0,0,8,0,16,256,1,1,16777216,1,1
"KERNEL_DISPATCH","Agent 4",1,0,5908,683,209,"gemm_kernel_v2",683,2850416567839171,2850416569885915,0,0,52,36,48,256,1,1,704512,1,1
"KERNEL_DISPATCH","Agent 4",1,0,5908,684,120,"void at::native::vectorized_elementwise_kernel<4, at::native::FillFunctor<int>, std::array<char*, 1ul> >(int, at::native::FillFunctor<int>, std::array<char*, 1ul>)",684,2850416569894875,2850416570096158,0,0,8,0,16,256,1,1,16777216,1,1
"KERNEL_DISPATCH","Agent 4",1,0,5908,685,209,"gemm_kernel_v2",685,2850416570105758,2850416572150742,0,0,52,36,48,256,1,1,704512,1,1
"KERNEL_DISPATCH","Agent 4",1,0,5908,686,120,"void at::native::vectorized_elementwise_kernel<4, at::native::FillFunctor<int>, std::array<char*, 1ul> >(int, at::native::FillFunctor<int>, std::array<char*, 1ul>)",686,2850416572159702,2850416572358104,0,0,8,0,16,256,1,1,16777216,1,1
"KERNEL_DISPATCH","Agent 4",1,0,5908,687,209,"gemm_kernel_v2",687,2850416572367544,2850416574410608,0,0,52,36,48,256,1,1,704512,1,1
"KERNEL_DISPATCH","Agent 4",1,0,5908,688,120,"void at::native::vectorized_elementwise_kernel<4, at::native::FillFunctor<int>, std::array<char*, 1ul> >(int, at::native::FillFunctor<int>, std::array<char*, 1ul>)",688,2850416574421009,2850416574622131,0,0,8,0,16,256,1,1,16777216,1,1
"KERNEL_DISPATCH","Agent 4",1,0,5908,689,209,"gemm_kernel_v2",689,2850416574632851,2850416576674795,0,0,52,36,48,256,1,1,704512,1,1
"KERNEL_DISPATCH","Agent 4",1,0,5908,690,120,"void at::native::vectorized_elementwise_kernel<4, at::native::FillFunctor<int>, std::array<char*, 1ul> >(int, at::native::FillFunctor<int>, std::array<char*, 1ul>)",690,2850416576684075,2850416576886158,0,0,8,0,16,256,1,1,16777216,1,1
"KERNEL_DISPATCH","Agent 4",1,0,5908,691,209,"gemm_kernel_v2",691,2850416576895918,2850416578944422,0,0,52,36,48,256,1,1,704512,1,1
"KERNEL_DISPATCH","Agent 4",1,0,5908,692,120,"void at::native::vectorized_elementwise_kernel<4, at::native::FillFunctor<int>, std::array<char*, 1ul> >(int, at::native::FillFunctor<int>, std::array<char*, 1ul>)",692,2850416578953542,2850416579153384,0,0,8,0,16,256,1,1,16777216,1,1
"KERNEL_DISPATCH","Agent 4",1,0,5908,693,209,"gemm_kernel_v2",693,2850416579162664,2850416581208609,0,0,52,36,48,256,1,1,704512,1,1
"KERNEL_DISPATCH","Agent 4",1,0,5908,694,120,"void at::native::vectorized_elementwise_kernel<4, at::native::FillFunctor<int>, std::array<char*, 1ul> >(int, at::native::FillFunctor<int>, std::array<char*, 1ul>)",694,2850416581217889,2850416581416291,0,0,8,0,16,256,1,1,16777216,1,1
"KERNEL_DISPATCH","Agent 4",1,0,5908,695,209,"gemm_kernel_v2",695,2850416581425891,2850416583471195,0,0,52,36,48,256,1,1,704512,1,1
"KERNEL_DISPATCH","Agent 4",1,0,5908,696,120,"void at::native::vectorized_elementwise_kernel<4, at::native::FillFunctor<int>, std::array<char*, 1ul> >(int, at::native::FillFunctor<int>, std::array<char*, 1ul>)",696,2850416583480155,2850416583677278,0,0,8,0,16,256,1,1,16777216,1,1
"KERNEL_DISPATCH","Agent 4",1,0,5908,697,209,"gemm_kernel_v2",697,2850416583687198,2850416585734262,0,0,52,36,48,256,1,1,704512,1,1
"KERNEL_DISPATCH","Agent 4",1,0,5908,698,120,"void at::native::vectorized_elementwise_kernel<4, at::native::FillFunctor<int>, std::array<char*, 1ul> >(int, at::native::FillFunctor<int>, std::array<char*, 1ul>)",698,2850416585743382,2850416585944024,0,0,8,0,16,256,1,1,16777216,1,1
"KERNEL_DISPATCH","Agent 4",1,0,5908,699,209,"gemm_kernel_v2",699,2850416585953785,2850416587998609,0,0,52,36,48,256,1,1,704512,1,1
"KERNEL_DISPATCH","Agent 4",1,0,5908,700,120,"void at::native::vectorized_elementwise_kernel<4, at::native::FillFunctor<int>, std::array<char*, 1ul> >(int, at::native::FillFunctor<int>, std::array<char*, 1ul>)",700,2850416588007889,2850416588204851,0,0,8,0,16,256,1,1,16777216,1,1
"KERNEL_DISPATCH","Agent 4",1,0,5908,701,209,"gemm_kernel_v2",701,2850416588214131,2850416590259115,0,0,52,36,48,256,1,1,704512,1,1
"KERNEL_DISPATCH","Agent 4",1,0,5908,702,120,"void at::native::vectorized_elementwise_kernel<4, at::native::FillFunctor<int>, std::array<char*, 1ul> >(int, at::native::FillFunctor<int>, std::array<char*, 1ul>)",702,2850416590268395,2850416590473038,0,0,8,0,16,256,1,1,16777216,1,1
"KERNEL_DISPATCH","Agent 4",1,0,5908,703,209,"gemm_kernel_v2",703,2850416590482318,2850416592514342,0,0,52,36,48,256,1,1,704512,1,1
"KERNEL_DISPATCH","Agent 4",1,0,5908,704,120,"void at::native::vectorized_elementwise_kernel<4, at::native::FillFunctor<int>, std::array<char*, 1ul> >(int, at::native::FillFunctor<int>, std::array<char*, 1ul>)",704,2850416592523462,2850416592724104,0,0,8,0,16,256,1,1,16777216,1,1
"KERNEL_DISPATCH","Agent 4",1,0,5908,705,209,"gemm_kernel_v2",705,2850416592733864,2850416594775809,0,0,52,36,48,256,1,1,704512,1,1
"KERNEL_DISPATCH","Agent 4",1,0,5908,706,120,"void at::native::vectorized_elementwise_kernel<4, at::native::FillFunctor<int>, std::array<char*, 1ul> >(int, at::native::FillFunctor<int>, std::array<char*, 1ul>)",706,2850416594785089,2850416594983011,0,0,8,0,16,256,1,1,16777216,1,1
"KERNEL_DISPATCH","Agent 4",1,0,5908,707,209,"gemm_kernel_v2",707,2850416594992291,2850416597034075,0,0,52,36,48,256,1,1,704512,1,1
"KERNEL_DISPATCH","Agent 4",1,0,5908,708,120,"void at::native::vectorized_elementwise_kernel<4, at::native::FillFunctor<int>, std::array<char*, 1ul> >(int, at::native::FillFunctor<int>, std::array<char*, 1ul>)",708,2850416597043195,2850416597248958,0,0,8,0,16,256,1,1,16777216,1,1
"KERNEL_DISPATCH","Agent 4",1,0,5908,709,209,"gemm_kernel_v2",709,2850416597258078,2850416599304022,0,0,52,36,48,256,1,1,704512,1,1
"KERNEL_DISPATCH","Agent 4",1,0,5908,710,210,"gemm_kernel_v2",710,2850416604230800,2850416606526827,0,0,52,4,32,512,1,1,1409024,1,1
"KERNEL_DISPATCH","Agent 4",1,0,5908,711,120,"void at::native::vectorized_elementwise_kernel<4, at::native::FillFunctor<int>, std::array<char*, 1ul> >(int, at::native::FillFunctor<int>, std::array<char*, 1ul>)",711,2850416606605548,2850416606808110,0,0,8,0,16,256,1,1,16777216,1,1
"KERNEL_DISPATCH","Agent 4",1,0,5908,712,210,"gemm_kernel_v2",712,2850416606808110,2850416609100137,0,0,52,4,32,512,1,1,1409024,1,1
"KERNEL_DISPATCH","Agent 4",1,0,5908,713,120,"void at::native::vectorized_elementwise_kernel<4, at::native::FillFunctor<int>, std::array<char*, 1ul> >(int, at::native::FillFunctor<int>, std::array<char*, 1ul>)",713,2850416609100137,2850416609302220,0,0,8,0,16,256,1,1,16777216,1,1
"KERNEL_DISPATCH","Agent 4",1,0,5908,714,210,"gemm_kernel_v2",714,2850416609302220,2850416611603207,0,0,52,4,32,512,1,1,1409024,1,1
"KERNEL_DISPATCH","Agent 4",1,0,5908,715,120,"void at::native::vectorized_elementwise_kernel<4, at::native::FillFunctor<int>, std::array<char*, 1ul> >(int, at::native::FillFunctor<int>, std::array<char*, 1ul>)",715,2850416611603207,2850416611801449,0,0,8,0,16,256,1,1,16777216,1,1
"KERNEL_DISPATCH","Agent 4",1,0,5908,716,210,"gemm_kernel_v2",716,2850416611801449,2850416614094756,0,0,52,4,32,512,1,1,1409024,1,1
"KERNEL_DISPATCH","Agent 4",1,0,5908,717,120,"void at::native::vectorized_elementwise_kernel<4, at::native::FillFunctor<int>, std::array<char*, 1ul> >(int, at::native::FillFunctor<int>, std::array<char*, 1ul>)",717,2850416614094756,2850416614295879,0,0,8,0,16,256,1,1,16777216,1,1
"KERNEL_DISPATCH","Agent 4",1,0,5908,718,210,"gemm_kernel_v2",718,2850416614295993,2850416616590260,0,0,52,4,32,512,1,1,1409024,1,1
"KERNEL_DISPATCH","Agent 4",1,0,5908,719,120,"void at::native::vectorized_elementwise_kernel<4, at::native::FillFunctor<int>, std::array<char*, 1ul> >(int, at::native::FillFunctor<int>, std::array<char*, 1ul>)",719,2850416616590260,2850416616792022,0,0,8,0,16,256,1,1,16777216,1,1
"KERNEL_DISPATCH","Agent 4",1,0,5908,720,210,"gemm_kernel_v2",720,2850416616792022,2850416619079889,0,0,52,4,32,512,1,1,1409024,1,1
"KERNEL_DISPATCH","Agent 4",1,0,5908,721,210,"gemm_kernel_v2",721,2850416619224851,2850416621515918,0,0,52,4,32,512,1,1,1409024,1,1
"KERNEL_DISPATCH","Agent 4",1,0,5908,722,210,"gemm_kernel_v2",722,2850416621515918,2850416623814505,0,0,52,4,32,512,1,1,1409024,1,1
"KERNEL_DISPATCH","Agent 4",1,0,5908,723,210,"gemm_kernel_v2",723,2850416623814505,2850416626108932,0,0,52,4,32,512,1,1,1409024,1,1
"KERNEL_DISPATCH","Agent 4",1,0,5908,724,210,"gemm_kernel_v2",724,2850416626108932,2850416628405279,0,0,52,4,32,512,1,1,1409024,1,1
"KERNEL_DISPATCH","Agent 4",1,0,5908,725,210,"gemm_kernel_v2",725,2850416628405279,2850416630692026,0,0,52,4,32,512,1,1,1409024,1,1
"KERNEL_DISPATCH","Agent 4",1,0,5908,726,210,"gemm_kernel_v2",726,2850416630692026,2850416632984533,0,0,52,4,32,512,1,1,1409024,1,1
"KERNEL_DISPATCH","Agent 4",1,0,5908,727,210,"gemm_kernel_v2",727,2850416632984533,2850416635284240,0,0,52,4,32,512,1,1,1409024,1,1
"KERNEL_DISPATCH","Agent 4",1,0,5908,728,210,"gemm_kernel_v2",728,2850416635284240,2850416637580908,0,0,52,4,32,512,1,1,1409024,1,1
"KERNEL_DISPATCH","Agent 4",1,0,5908,729,210,"gemm_kernel_v2",729,2850416637580908,2850416639871015,0,0,52,4,32,512,1,1,1409024,1,1
"KERNEL_DISPATCH","Agent 4",1,0,5908,730,120,"void at::native::vectorized_elementwise_kernel<4, at::native::FillFunctor<int>, std::array<char*, 1ul> >(int, at::native::FillFunctor<int>, std::array<char*, 1ul>)",730,2850416639871015,2850416640074377,0,0,8,0,16,256,1,1,16777216,1,1
"KERNEL_DISPATCH","Agent 4",1,0,5908,731,210,"gemm_kernel_v2",731,2850416640085737,2850416642378564,0,0,52,4,32,512,1,1,1409024,1,1
"KERNEL_DISPATCH","Agent 4",1,0,5908,732,120,"void at::native::vectorized_elementwise_kernel<4, at::native::FillFunctor<int>, std::array<char*, 1ul> >(int, at::native::FillFunctor<int>, std::array<char*, 1ul>)",732,2850416642387684,2850416642591367,0,0,8,0,16,256,1,1,16777216,1,1
"KERNEL_DISPATCH","Agent 4",1,0,5908,733,210,"gemm_kernel_v2",733,2850416642600807,2850416644894114,0,0,52,4,32,512,1,1,1409024,1,1
"KERNEL_DISPATCH","Agent 4",1,0,5908,734,120,"void at::native::vectorized_elementwise_kernel<4, at::native::FillFunctor<int>, std::array<char*, 1ul> >(int, at::native::FillFunctor<int>, std::array<char*, 1ul>)",734,2850416644902754,2850416645099556,0,0,8,0,16,256,1,1,16777216,1,1
"KERNEL_DISPATCH","Agent 4",1,0,5908,735,210,"gemm_kernel_v2",735,2850416645109317,2850416647402464,0,0,52,4,32,512,1,1,1409024,1,1
"KERNEL_DISPATCH","Agent 4",1,0,5908,736,120,"void at::native::vectorized_elementwise_kernel<4, at::native::FillFunctor<int>, std::array<char*, 1ul> >(int, at::native::FillFunctor<int>, std::array<char*, 1ul>)",736,2850416647411584,2850416647610466,0,0,8,0,16,256,1,1,16777216,1,1
"KERNEL_DISPATCH","Agent 4",1,0,5908,737,210,"gemm_kernel_v2",737,2850416647619906,2850416649913213,0,0,52,4,32,512,1,1,1409024,1,1
"KERNEL_DISPATCH","Agent 4",1,0,5908,738,120,"void at::native::vectorized_elementwise_kernel<4, at::native::FillFunctor<int>, std::array<char*, 1ul> >(int, at::native::FillFunctor<int>, std::array<char*, 1ul>)",738,2850416649923133,2850416650123936,0,0,8,0,16,256,1,1,16777216,1,1
"KERNEL_DISPATCH","Agent 4",1,0,5908,739,210,"gemm_kernel_v2",739,2850416650133696,2850416652430363,0,0,52,4,32,512,1,1,1409024,1,1
"KERNEL_DISPATCH","Agent 4",1,0,5908,740,120,"void at::native::vectorized_elementwise_kernel<4, at::native::FillFunctor<int>, std::array<char*, 1ul> >(int, at::native::FillFunctor<int>, std::array<char*, 1ul>)",740,2850416652439323,2850416652643646,0,0,8,0,16,256,1,1,16777216,1,1
"KERNEL_DISPATCH","Agent 4",1,0,5908,741,210,"gemm_kernel_v2",741,2850416652653406,2850416654952153,0,0,52,4,32,512,1,1,1409024,1,1
"KERNEL_DISPATCH","Agent 4",1,0,5908,742,120,"void at::native::vectorized_elementwise_kernel<4, at::native::FillFunctor<int>, std::array<char*, 1ul> >(int, at::native::FillFunctor<int>, std::array<char*, 1ul>)",742,2850416654961113,2850416655159835,0,0,8,0,16,256,1,1,16777216,1,1
"KERNEL_DISPATCH","Agent 4",1,0,5908,743,210,"gemm_kernel_v2",743,2850416655169756,2850416657463703,0,0,52,4,32,512,1,1,1409024,1,1
"KERNEL_DISPATCH","Agent 4",1,0,5908,744,120,"void at::native::vectorized_elementwise_kernel<4, at::native::FillFunctor<int>, std::array<char*, 1ul> >(int, at::native::FillFunctor<int>, std::array<char*, 1ul>)",744,2850416657472663,2850416657671865,0,0,8,0,16,256,1,1,16777216,1,1
"KERNEL_DISPATCH","Agent 4",1,0,5908,745,210,"gemm_kernel_v2",745,2850416657681625,2850416659979412,0,0,52,4,32,512,1,1,1409024,1,1
"KERNEL_DISPATCH","Agent 4",1,0,5908,746,120,"void at::native::vectorized_elementwise_kernel<4, at::native::FillFunctor<int>, std::array<char*, 1ul> >(int, at::native::FillFunctor<int>, std::array<char*, 1ul>)",746,2850416659988212,2850416660189175,0,0,8,0,16,256,1,1,16777216,1,1
"KERNEL_DISPATCH","Agent 4",1,0,5908,747,210,"gemm_kernel_v2",747,2850416660199095,2850416662492402,0,0,52,4,32,512,1,1,1409024,1,1
"KERNEL_DISPATCH","Agent 4",1,0,5908,748,120,"void at::native::vectorized_elementwise_kernel<4, at::native::FillFunctor<int>, std::array<char*, 1ul> >(int, at::native::FillFunctor<int>, std::array<char*, 1ul>)",748,2850416662501362,2850416662699605,0,0,8,0,16,256,1,1,16777216,1,1
"KERNEL_DISPATCH","Agent 4",1,0,5908,749,210,"gemm_kernel_v2",749,2850416662708885,2850416665009392,0,0,52,4,32,512,1,1,1409024,1,1
"KERNEL_DISPATCH","Agent 4",1,0,5908,750,120,"void at::native::vectorized_elementwise_kernel<4, at::native::FillFunctor<int>, std::array<char*, 1ul> >(int, at::native::FillFunctor<int>, std::array<char*, 1ul>)",750,2850416665018352,2850416665217874,0,0,8,0,16,256,1,1,16777216,1,1
"KERNEL_DISPATCH","Agent 4",1,0,5908,751,210,"gemm_kernel_v2",751,2850416665227794,2850416667521742,0,0,52,4,32,512,1,1,1409024,1,1
"KERNEL_DISPATCH","Agent 4",1,0,5908,752,120,"void at::native::vectorized_elementwise_kernel<4, at::native::FillFunctor<int>, std::array<char*, 1ul> >(int, at::native::FillFunctor<int>, std::array<char*, 1ul>)",752,2850416667530862,2850416667729264,0,0,8,0,16,256,1,1,16777216,1,1
"KERNEL_DISPATCH","Agent 4",1,0,5908,753,210,"gemm_kernel_v2",753,2850416667738864,2850416670036651,0,0,52,4,32,512,1,1,1409024,1,1
"KERNEL_DISPATCH","Agent 4",1,0,5908,754,120,"void at::native::vectorized_elementwise_kernel<4, at::native::FillFunctor<int>, std::array<char*, 1ul> >(int, at::native::FillFunctor<int>, std::array<char*, 1ul>)",754,2850416670045771,2850416670245134,0,0,8,0,16,256,1,1,16777216,1,1
"KERNEL_DISPATCH","Agent 4",1,0,5908,755,210,"gemm_kernel_v2",755,2850416670254894,2850416672546121,0,0,52,4,32,512,1,1,1409024,1,1
"KERNEL_DISPATCH","Agent 4",1,0,5908,756,120,"void at::native::vectorized_elementwise_kernel<4, at::native::FillFunctor<int>, std::array<char*, 1ul> >(int, at::native::FillFunctor<int>, std::array<char*, 1ul>)",756,2850416672555241,2850416672755243,0,0,8,0,16,256,1,1,16777216,1,1
"KERNEL_DISPATCH","Agent 4",1,0,5908,757,210,"gemm_kernel_v2",757,2850416672764684,2850416675061191,0,0,52,4,32,512,1,1,1409024,1,1
"KERNEL_DISPATCH","Agent 4",1,0,5908,758,120,"void at::native::vectorized_elementwise_kernel<4, at::native::FillFunctor<int>, std::array<char*, 1ul> >(int, at::native::FillFunctor<int>, std::array<char*, 1ul>)",758,2850416675070151,2850416675269513,0,0,8,0,16,256,1,1,16777216,1,1
"KERNEL_DISPATCH","Agent 4",1,0,5908,759,210,"gemm_kernel_v2",759,2850416675279593,2850416677577220,0,0,52,4,32,512,1,1,1409024,1,1
"KERNEL_DISPATCH","Agent 4",1,0,5908,760,120,"void at::native::vectorized_elementwise_kernel<4, at::native::FillFunctor<int>, std::array<char*, 1ul> >(int, at::native::FillFunctor<int>, std::array<char*, 1ul>)",760,2850416677586181,2850416677785543,0,0,8,0,16,256,1,1,16777216,1,1
"KERNEL_DISPATCH","Agent 4",1,0,5908,761,210,"gemm_kernel_v2",761,2850416677795413,2850416680087920,0,0,52,4,32,512,1,1,1409024,1,1
"KERNEL_DISPATCH","Agent 4",1,0,5908,762,120,"void at::native::vectorized_elementwise_kernel<4, at::native::FillFunctor<int>, std::array<char*, 1ul> >(int, at::native::FillFunctor<int>, std::array<char*, 1ul>)",762,2850416680096880,2850416680297202,0,0,8,0,16,256,1,1,16777216,1,1
"KERNEL_DISPATCH","Agent 4",1,0,5908,763,210,"gemm_kernel_v2",763,2850416680306962,2850416682599469,0,0,52,4,32,512,1,1,1409024,1,1
"KERNEL_DISPATCH","Agent 4",1,0,5908,764,120,"void at::native::vectorized_elementwise_kernel<4, at::native::FillFunctor<int>, std::array<char*, 1ul> >(int, at::native::FillFunctor<int>, std::array<char*, 1ul>)",764,2850416682608749,2850416682810992,0,0,8,0,16,256,1,1,16777216,1,1
"KERNEL_DISPATCH","Agent 4",1,0,5908,765,210,"gemm_kernel_v2",765,2850416682820592,2850416685112619,0,0,52,4,32,512,1,1,1409024,1,1
"KERNEL_DISPATCH","Agent 4",1,0,5908,766,120,"void at::native::vectorized_elementwise_kernel<4, at::native::FillFunctor<int>, std::array<char*, 1ul> >(int, at::native::FillFunctor<int>, std::array<char*, 1ul>)",766,2850416685121419,2850416685319341,0,0,8,0,16,256,1,1,16777216,1,1
"KERNEL_DISPATCH","Agent 4",1,0,5908,767,210,"gemm_kernel_v2",767,2850416685328942,2850416687632009,0,0,52,4,32,512,1,1,1409024,1,1
"KERNEL_DISPATCH","Agent 4",1,0,5908,768,120,"void at::native::vectorized_elementwise_kernel<4, at::native::FillFunctor<int>, std::array<char*, 1ul> >(int, at::native::FillFunctor<int>, std::array<char*, 1ul>)",768,2850416687641129,2850416687842731,0,0,8,0,16,256,1,1,16777216,1,1
"KERNEL_DISPATCH","Agent 4",1,0,5908,769,210,"gemm_kernel_v2",769,2850416687852331,2850416690145799,0,0,52,4,32,512,1,1,1409024,1,1
"KERNEL_DISPATCH","Agent 4",1,0,5908,770,120,"void at::native::vectorized_elementwise_kernel<4, at::native::FillFunctor<int>, std::array<char*, 1ul> >(int, at::native::FillFunctor<int>, std::array<char*, 1ul>)",770,2850416690154599,2850416690353641,0,0,8,0,16,256,1,1,16777216,1,1
"KERNEL_DISPATCH","Agent 4",1,0,5908,771,210,"gemm_kernel_v2",771,2850416690363561,2850416692654948,0,0,52,4,32,512,1,1,1409024,1,1
"KERNEL_DISPATCH","Agent 4",1,0,5908,772,120,"void at::native::vectorized_elementwise_kernel<4, at::native::FillFunctor<int>, std::array<char*, 1ul> >(int, at::native::FillFunctor<int>, std::array<char*, 1ul>)",772,2850416692664548,2850416692867111,0,0,8,0,16,256,1,1,16777216,1,1
"KERNEL_DISPATCH","Agent 4",1,0,5908,773,210,"gemm_kernel_v2",773,2850416692877671,2850416695170658,0,0,52,4,32,512,1,1,1409024,1,1
"KERNEL_DISPATCH","Agent 4",1,0,5908,774,120,"void at::native::vectorized_elementwise_kernel<4, at::native::FillFunctor<int>, std::array<char*, 1ul> >(int, at::native::FillFunctor<int>, std::array<char*, 1ul>)",774,2850416695179458,2850416695381061,0,0,8,0,16,256,1,1,16777216,1,1
"KERNEL_DISPATCH","Agent 4",1,0,5908,775,210,"gemm_kernel_v2",775,2850416695390661,2850416697688768,0,0,52,4,32,512,1,1,1409024,1,1
"KERNEL_DISPATCH","Agent 4",1,0,5908,776,120,"void at::native::vectorized_elementwise_kernel<4, at::native::FillFunctor<int>, std::array<char*, 1ul> >(int, at::native::FillFunctor<int>, std::array<char*, 1ul>)",776,2850416697697728,2850416697897890,0,0,8,0,16,256,1,1,16777216,1,1
"KERNEL_DISPATCH","Agent 4",1,0,5908,777,210,"gemm_kernel_v2",777,2850416697907491,2850416700200958,0,0,52,4,32,512,1,1,1409024,1,1
"KERNEL_DISPATCH","Agent 4",1,0,5908,778,120,"void at::native::vectorized_elementwise_kernel<4, at::native::FillFunctor<int>, std::array<char*, 1ul> >(int, at::native::FillFunctor<int>, std::array<char*, 1ul>)",778,2850416700209918,2850416700413280,0,0,8,0,16,256,1,1,16777216,1,1
"KERNEL_DISPATCH","Agent 4",1,0,5908,779,210,"gemm_kernel_v2",779,2850416700423040,2850416702720028,0,0,52,4,32,512,1,1,1409024,1,1
"KERNEL_DISPATCH","Agent 4",1,0,5908,780,120,"void at::native::vectorized_elementwise_kernel<4, at::native::FillFunctor<int>, std::array<char*, 1ul> >(int, at::native::FillFunctor<int>, std::array<char*, 1ul>)",780,2850416702728988,2850416702925310,0,0,8,0,16,256,1,1,16777216,1,1
"KERNEL_DISPATCH","Agent 4",1,0,5908,781,210,"gemm_kernel_v2",781,2850416702934750,2850416705225977,0,0,52,4,32,512,1,1,1409024,1,1
"KERNEL_DISPATCH","Agent 4",1,0,5908,782,120,"void at::native::vectorized_elementwise_kernel<4, at::native::FillFunctor<int>, std::array<char*, 1ul> >(int, at::native::FillFunctor<int>, std::array<char*, 1ul>)",782,2850416705234777,2850416705434620,0,0,8,0,16,256,1,1,16777216,1,1
"KERNEL_DISPATCH","Agent 4",1,0,5908,783,210,"gemm_kernel_v2",783,2850416705444220,2850416707742487,0,0,52,4,32,512,1,1,1409024,1,1
"KERNEL_DISPATCH","Agent 4",1,0,5908,784,120,"void at::native::vectorized_elementwise_kernel<4, at::native::FillFunctor<int>, std::array<char*, 1ul> >(int, at::native::FillFunctor<int>, std::array<char*, 1ul>)",784,2850416707751447,2850416707952090,0,0,8,0,16,256,1,1,16777216,1,1
"KERNEL_DISPATCH","Agent 4",1,0,5908,785,210,"gemm_kernel_v2",785,2850416707962170,2850416710263317,0,0,52,4,32,512,1,1,1409024,1,1
"KERNEL_DISPATCH","Agent 4",1,0,5908,786,120,"void at::native::vectorized_elementwise_kernel<4, at::native::FillFunctor<int>, std::array<char*, 1ul> >(int, at::native::FillFunctor<int>, std::array<char*, 1ul>)",786,2850416710272117,2850416710472600,0,0,8,0,16,256,1,1,16777216,1,1
"KERNEL_DISPATCH","Agent 4",1,0,5908,787,210,"gemm_kernel_v2",787,2850416710482360,2850416712779187,0,0,52,4,32,512,1,1,1409024,1,1
"KERNEL_DISPATCH","Agent 4",1,0,5908,788,120,"void at::native::vectorized_elementwise_kernel<4, at::native::FillFunctor<int>, std::array<char*, 1ul> >(int, at::native::FillFunctor<int>, std::array<char*, 1ul>)",788,2850416712788147,2850416712987349,0,0,8,0,16,256,1,1,16777216,1,1
"KERNEL_DISPATCH","Agent 4",1,0,5908,789,210,"gemm_kernel_v2",789,2850416712997109,2850416715292177,0,0,52,4,32,512,1,1,1409024,1,1
"KERNEL_DISPATCH","Agent 4",1,0,5908,790,120,"void at::native::vectorized_elementwise_kernel<4, at::native::FillFunctor<int>, std::array<char*, 1ul> >(int, at::native::FillFunctor<int>, std::array<char*, 1ul>)",790,2850416715301457,2850416715502579,0,0,8,0,16,256,1,1,16777216,1,1
"KERNEL_DISPATCH","Agent 4",1,0,5908,791,210,"gemm_kernel_v2",791,2850416715512339,2850416717811406,0,0,52,4,32,512,1,1,1409024,1,1
"KERNEL_DISPATCH","Agent 4",1,0,5908,792,120,"void at::native::vectorized_elementwise_kernel<4, at::native::FillFunctor<int>, std::array<char*, 1ul> >(int, at::native::FillFunctor<int>, std::array<char*, 1ul>)",792,2850416717820207,2850416718021489,0,0,8,0,16,256,1,1,16777216,1,1
"KERNEL_DISPATCH","Agent 4",1,0,5908,793,210,"gemm_kernel_v2",793,2850416718031089,2850416720323756,0,0,52,4,32,512,1,1,1409024,1,1
"KERNEL_DISPATCH","Agent 4",1,0,5908,794,120,"void at::native::vectorized_elementwise_kernel<4, at::native::FillFunctor<int>, std::array<char*, 1ul> >(int, at::native::FillFunctor<int>, std::array<char*, 1ul>)",794,2850416720332716,2850416720532239,0,0,8,0,16,256,1,1,16777216,1,1
"KERNEL_DISPATCH","Agent 4",1,0,5908,795,210,"gemm_kernel_v2",795,2850416720542319,2850416722830826,0,0,52,4,32,512,1,1,1409024,1,1
"KERNEL_DISPATCH","Agent 4",1,0,5908,796,120,"void at::native::vectorized_elementwise_kernel<4, at::native::FillFunctor<int>, std::array<char*, 1ul> >(int, at::native::FillFunctor<int>, std::array<char*, 1ul>)",796,2850416722839786,2850416723041068,0,0,8,0,16,256,1,1,16777216,1,1
"KERNEL_DISPATCH","Agent 4",1,0,5908,797,210,"gemm_kernel_v2",797,2850416723050989,2850416725348296,0,0,52,4,32,512,1,1,1409024,1,1
"KERNEL_DISPATCH","Agent 4",1,0,5908,798,120,"void at::native::vectorized_elementwise_kernel<4, at::native::FillFunctor<int>, std::array<char*, 1ul> >(int, at::native::FillFunctor<int>, std::array<char*, 1ul>)",798,2850416725357576,2850416725556778,0,0,8,0,16,256,1,1,16777216,1,1
"KERNEL_DISPATCH","Agent 4",1,0,5908,799,210,"gemm_kernel_v2",799,2850416725566378,2850416727861126,0,0,52,4,32,512,1,1,1409024,1,1
"KERNEL_DISPATCH","Agent 4",1,0,5908,800,120,"void at::native::vectorized_elementwise_kernel<4, at::native::FillFunctor<int>, std::array<char*, 1ul> >(int, at::native::FillFunctor<int>, std::array<char*, 1ul>)",800,2850416727870086,2850416728069448,0,0,8,0,16,256,1,1,16777216,1,1
"KERNEL_DISPATCH","Agent 4",1,0,5908,801,210,"gemm_kernel_v2",801,2850416728079048,2850416730371555,0,0,52,4,32,512,1,1,1409024,1,1
"KERNEL_DISPATCH","Agent 4",1,0,5908,802,120,"void at::native::vectorized_elementwise_kernel<4, at::native::FillFunctor<int>, std::array<char*, 1ul> >(int, at::native::FillFunctor<int>, std::array<char*, 1ul>)",802,2850416730380515,2850416730579398,0,0,8,0,16,256,1,1,16777216,1,1
"KERNEL_DISPATCH","Agent 4",1,0,5908,803,210,"gemm_kernel_v2",803,2850416730589158,2850416732883745,0,0,52,4,32,512,1,1,1409024,1,1
"KERNEL_DISPATCH","Agent 4",1,0,5908,804,120,"void at::native::vectorized_elementwise_kernel<4, at::native::FillFunctor<int>, std::array<char*, 1ul> >(int, at::native::FillFunctor<int>, std::array<char*, 1ul>)",804,2850416732892865,2850416733093668,0,0,8,0,16,256,1,1,16777216,1,1
"KERNEL_DISPATCH","Agent 4",1,0,5908,805,210,"gemm_kernel_v2",805,2850416733103268,2850416735401055,0,0,52,4,32,512,1,1,1409024,1,1
"KERNEL_DISPATCH","Agent 4",1,0,5908,806,120,"void at::native::vectorized_elementwise_kernel<4, at::native::FillFunctor<int>, std::array<char*, 1ul> >(int, at::native::FillFunctor<int>, std::array<char*, 1ul>)",806,2850416735409855,2850416735610977,0,0,8,0,16,256,1,1,16777216,1,1
"KERNEL_DISPATCH","Agent 4",1,0,5908,807,210,"gemm_kernel_v2",807,2850416735620578,2850416737919325,0,0,52,4,32,512,1,1,1409024,1,1
"KERNEL_DISPATCH","Agent 4",1,0,5908,808,211,"gemm_kernel_v2",808,2850416742727274,2850416744877379,0,0,64,32,48,256,1,1,704512,1,1
"KERNEL_DISPATCH","Agent 4",1,0,5908,809,120,"void at::native::vectorized_elementwise_kernel<4, at::native::FillFunctor<int>, std::array<char*, 1ul> >(int, at::native::FillFunctor<int>, std::array<char*, 1ul>)",809,2850416744955939,2850416745154502,0,0,8,0,16,256,1,1,16777216,1,1
"KERNEL_DISPATCH","Agent 4",1,0,5908,810,211,"gemm_kernel_v2",810,2850416745154502,2850416747301727,0,0,64,32,48,256,1,1,704512,1,1
"KERNEL_DISPATCH","Agent 4",1,0,5908,811,120,"void at::native::vectorized_elementwise_kernel<4, at::native::FillFunctor<int>, std::array<char*, 1ul> >(int, at::native::FillFunctor<int>, std::array<char*, 1ul>)",811,2850416747301727,2850416747501089,0,0,8,0,16,256,1,1,16777216,1,1
"KERNEL_DISPATCH","Agent 4",1,0,5908,812,211,"gemm_kernel_v2",812,2850416747501089,2850416749646395,0,0,64,32,48,256,1,1,704512,1,1
"KERNEL_DISPATCH","Agent 4",1,0,5908,813,120,"void at::native::vectorized_elementwise_kernel<4, at::native::FillFunctor<int>, std::array<char*, 1ul> >(int, at::native::FillFunctor<int>, std::array<char*, 1ul>)",813,2850416749646395,2850416749850237,0,0,8,0,16,256,1,1,16777216,1,1
"KERNEL_DISPATCH","Agent 4",1,0,5908,814,211,"gemm_kernel_v2",814,2850416749850237,2850416751997623,0,0,64,32,48,256,1,1,704512,1,1
"KERNEL_DISPATCH","Agent 4",1,0,5908,815,120,"void at::native::vectorized_elementwise_kernel<4, at::native::FillFunctor<int>, std::array<char*, 1ul> >(int, at::native::FillFunctor<int>, std::array<char*, 1ul>)",815,2850416751997623,2850416752196665,0,0,8,0,16,256,1,1,16777216,1,1
"KERNEL_DISPATCH","Agent 4",1,0,5908,816,211,"gemm_kernel_v2",816,2850416752196665,2850416754344210,0,0,64,32,48,256,1,1,704512,1,1
"KERNEL_DISPATCH","Agent 4",1,0,5908,817,120,"void at::native::vectorized_elementwise_kernel<4, at::native::FillFunctor<int>, std::array<char*, 1ul> >(int, at::native::FillFunctor<int>, std::array<char*, 1ul>)",817,2850416754344210,2850416754545813,0,0,8,0,16,256,1,1,16777216,1,1
"KERNEL_DISPATCH","Agent 4",1,0,5908,818,211,"gemm_kernel_v2",818,2850416754545813,2850416756696078,0,0,64,32,48,256,1,1,704512,1,1
"KERNEL_DISPATCH","Agent 4",1,0,5908,819,211,"gemm_kernel_v2",819,2850416756853200,2850416759001545,0,0,64,32,48,256,1,1,704512,1,1
"KERNEL_DISPATCH","Agent 4",1,0,5908,820,211,"gemm_kernel_v2",820,2850416759001545,2850416761150371,0,0,64,32,48,256,1,1,704512,1,1
"KERNEL_DISPATCH","Agent 4",1,0,5908,821,211,"gemm_kernel_v2",821,2850416761150371,2850416763296956,0,0,64,32,48,256,1,1,704512,1,1
"KERNEL_DISPATCH","Agent 4",1,0,5908,822,211,"gemm_kernel_v2",822,2850416763296956,2850416765446102,0,0,64,32,48,256,1,1,704512,1,1
"KERNEL_DISPATCH","Agent 4",1,0,5908,823,211,"gemm_kernel_v2",823,2850416765446102,2850416767598127,0,0,64,32,48,256,1,1,704512,1,1
"KERNEL_DISPATCH","Agent 4",1,0,5908,824,211,"gemm_kernel_v2",824,2850416767598127,2850416769745992,0,0,64,32,48,256,1,1,704512,1,1
"KERNEL_DISPATCH","Agent 4",1,0,5908,825,211,"gemm_kernel_v2",825,2850416769745992,2850416771895138,0,0,64,32,48,256,1,1,704512,1,1
"KERNEL_DISPATCH","Agent 4",1,0,5908,826,211,"gemm_kernel_v2",826,2850416771895138,2850416774043483,0,0,64,32,48,256,1,1,704512,1,1
"KERNEL_DISPATCH","Agent 4",1,0,5908,827,211,"gemm_kernel_v2",827,2850416774043483,2850416776194869,0,0,64,32,48,256,1,1,704512,1,1
"KERNEL_DISPATCH","Agent 4",1,0,5908,828,211,"gemm_kernel_v2",828,2850416776194869,2850416778344014,0,0,64,32,48,256,1,1,704512,1,1
"KERNEL_DISPATCH","Agent 4",1,0,5908,829,120,"void at::native::vectorized_elementwise_kernel<4, at::native::FillFunctor<int>, std::array<char*, 1ul> >(int, at::native::FillFunctor<int>, std::array<char*, 1ul>)",829,2850416778344014,2850416778545616,0,0,8,0,16,256,1,1,16777216,1,1
"KERNEL_DISPATCH","Agent 4",1,0,5908,830,211,"gemm_kernel_v2",830,2850416778556817,2850416780709482,0,0,64,32,48,256,1,1,704512,1,1
"KERNEL_DISPATCH","Agent 4",1,0,5908,831,120,"void at::native::vectorized_elementwise_kernel<4, at::native::FillFunctor<int>, std::array<char*, 1ul> >(int, at::native::FillFunctor<int>, std::array<char*, 1ul>)",831,2850416780718762,2850416780919085,0,0,8,0,16,256,1,1,16777216,1,1
"KERNEL_DISPATCH","Agent 4",1,0,5908,832,211,"gemm_kernel_v2",832,2850416780928845,2850416783079430,0,0,64,32,48,256,1,1,704512,1,1
"KERNEL_DISPATCH","Agent 4",1,0,5908,833,120,"void at::native::vectorized_elementwise_kernel<4, at::native::FillFunctor<int>, std::array<char*, 1ul> >(int, at::native::FillFunctor<int>, std::array<char*, 1ul>)",833,2850416783088390,2850416783289353,0,0,8,0,16,256,1,1,16777216,1,1
"KERNEL_DISPATCH","Agent 4",1,0,5908,834,211,"gemm_kernel_v2",834,2850416783298793,2850416785448898,0,0,64,32,48,256,1,1,704512,1,1
"KERNEL_DISPATCH","Agent 4",1,0,5908,835,120,"void at::native::vectorized_elementwise_kernel<4, at::native::FillFunctor<int>, std::array<char*, 1ul> >(int, at::native::FillFunctor<int>, std::array<char*, 1ul>)",835,2850416785458178,2850416785658181,0,0,8,0,16,256,1,1,16777216,1,1
"KERNEL_DISPATCH","Agent 4",1,0,5908,836,211,"gemm_kernel_v2",836,2850416785667781,2850416787815806,0,0,64,32,48,256,1,1,704512,1,1
"KERNEL_DISPATCH","Agent 4",1,0,5908,837,120,"void at::native::vectorized_elementwise_kernel<4, at::native::FillFunctor<int>, std::array<char*, 1ul> >(int, at::native::FillFunctor<int>, std::array<char*, 1ul>)",837,2850416787824926,2850416788030209,0,0,8,0,16,256,1,1,16777216,1,1
"KERNEL_DISPATCH","Agent 4",1,0,5908,838,211,"gemm_kernel_v2",838,2850416788039969,2850416790189434,0,0,64,32,48,256,1,1,704512,1,1
"KERNEL_DISPATCH","Agent 4",1,0,5908,839,120,"void at::native::vectorized_elementwise_kernel<4, at::native::FillFunctor<int>, std::array<char*, 1ul> >(int, at::native::FillFunctor<int>, std::array<char*, 1ul>)",839,2850416790198394,2850416790401597,0,0,8,0,16,256,1,1,16777216,1,1
"KERNEL_DISPATCH","Agent 4",1,0,5908,840,211,"gemm_kernel_v2",840,2850416790411357,2850416792566102,0,0,64,32,48,256,1,1,704512,1,1
"KERNEL_DISPATCH","Agent 4",1,0,5908,841,120,"void at::native::vectorized_elementwise_kernel<4, at::native::FillFunctor<int>, std::array<char*, 1ul> >(int, at::native::FillFunctor<int>, std::array<char*, 1ul>)",841,2850416792575222,2850416792772505,0,0,8,0,16,256,1,1,16777216,1,1
"KERNEL_DISPATCH","Agent 4",1,0,5908,842,211,"gemm_kernel_v2",842,2850416792782105,2850416794932690,0,0,64,32,48,256,1,1,704512,1,1
"KERNEL_DISPATCH","Agent 4",1,0,5908,843,120,"void at::native::vectorized_elementwise_kernel<4, at::native::FillFunctor<int>, std::array<char*, 1ul> >(int, at::native::FillFunctor<int>, std::array<char*, 1ul>)",843,2850416794941970,2850416795142133,0,0,8,0,16,256,1,1,16777216,1,1
"KERNEL_DISPATCH","Agent 4",1,0,5908,844,211,"gemm_kernel_v2",844,2850416795152053,2850416797302158,0,0,64,32,48,256,1,1,704512,1,1
"KERNEL_DISPATCH","Agent 4",1,0,5908,845,120,"void at::native::vectorized_elementwise_kernel<4, at::native::FillFunctor<int>, std::array<char*, 1ul> >(int, at::native::FillFunctor<int>, std::array<char*, 1ul>)",845,2850416797311438,2850416797510961,0,0,8,0,16,256,1,1,16777216,1,1
"KERNEL_DISPATCH","Agent 4",1,0,5908,846,211,"gemm_kernel_v2",846,2850416797520561,2850416799670506,0,0,64,32,48,256,1,1,704512,1,1
"KERNEL_DISPATCH","Agent 4",1,0,5908,847,120,"void at::native::vectorized_elementwise_kernel<4, at::native::FillFunctor<int>, std::array<char*, 1ul> >(int, at::native::FillFunctor<int>, std::array<char*, 1ul>)",847,2850416799679146,2850416799882029,0,0,8,0,16,256,1,1,16777216,1,1
"KERNEL_DISPATCH","Agent 4",1,0,5908,848,211,"gemm_kernel_v2",848,2850416799891629,2850416802044614,0,0,64,32,48,256,1,1,704512,1,1
"KERNEL_DISPATCH","Agent 4",1,0,5908,849,120,"void at::native::vectorized_elementwise_kernel<4, at::native::FillFunctor<int>, std::array<char*, 1ul> >(int, at::native::FillFunctor<int>, std::array<char*, 1ul>)",849,2850416802053574,2850416802255017,0,0,8,0,16,256,1,1,16777216,1,1
"KERNEL_DISPATCH","Agent 4",1,0,5908,850,211,"gemm_kernel_v2",850,2850416802264777,2850416804413762,0,0,64,32,48,256,1,1,704512,1,1
"KERNEL_DISPATCH","Agent 4",1,0,5908,851,120,"void at::native::vectorized_elementwise_kernel<4, at::native::FillFunctor<int>, std::array<char*, 1ul> >(int, at::native::FillFunctor<int>, std::array<char*, 1ul>)",851,2850416804423202,2850416804624005,0,0,8,0,16,256,1,1,16777216,1,1
"KERNEL_DISPATCH","Agent 4",1,0,5908,852,211,"gemm_kernel_v2",852,2850416804633765,2850416806784990,0,0,64,32,48,256,1,1,704512,1,1
"KERNEL_DISPATCH","Agent 4",1,0,5908,853,120,"void at::native::vectorized_elementwise_kernel<4, at::native::FillFunctor<int>, std::array<char*, 1ul> >(int, at::native::FillFunctor<int>, std::array<char*, 1ul>)",853,2850416806793950,2850416806994753,0,0,8,0,16,256,1,1,16777216,1,1
"KERNEL_DISPATCH","Agent 4",1,0,5908,854,211,"gemm_kernel_v2",854,2850416807004480,2850416809152825,0,0,64,32,48,256,1,1,704512,1,1
"KERNEL_DISPATCH","Agent 4",1,0,5908,855,120,"void at::native::vectorized_elementwise_kernel<4, at::native::FillFunctor<int>, std::array<char*, 1ul> >(int, at::native::FillFunctor<int>, std::array<char*, 1ul>)",855,2850416809161625,2850416809361627,0,0,8,0,16,256,1,1,16777216,1,1
"KERNEL_DISPATCH","Agent 4",1,0,5908,856,211,"gemm_kernel_v2",856,2850416809371067,2850416811521492,0,0,64,32,48,256,1,1,704512,1,1
"KERNEL_DISPATCH","Agent 4",1,0,5908,857,120,"void at::native::vectorized_elementwise_kernel<4, at::native::FillFunctor<int>, std::array<char*, 1ul> >(int, at::native::FillFunctor<int>, std::array<char*, 1ul>)",857,2850416811530932,2850416811731415,0,0,8,0,16,256,1,1,16777216,1,1
"KERNEL_DISPATCH","Agent 4",1,0,5908,858,211,"gemm_kernel_v2",858,2850416811741335,2850416813892080,0,0,64,32,48,256,1,1,704512,1,1
"KERNEL_DISPATCH","Agent 4",1,0,5908,859,120,"void at::native::vectorized_elementwise_kernel<4, at::native::FillFunctor<int>, std::array<char*, 1ul> >(int, at::native::FillFunctor<int>, std::array<char*, 1ul>)",859,2850416813900880,2850416814103603,0,0,8,0,16,256,1,1,16777216,1,1
"KERNEL_DISPATCH","Agent 4",1,0,5908,860,211,"gemm_kernel_v2",860,2850416814113363,2850416816265388,0,0,64,32,48,256,1,1,704512,1,1
"KERNEL_DISPATCH","Agent 4",1,0,5908,861,120,"void at::native::vectorized_elementwise_kernel<4, at::native::FillFunctor<int>, std::array<char*, 1ul> >(int, at::native::FillFunctor<int>, std::array<char*, 1ul>)",861,2850416816274508,2850416816473391,0,0,8,0,16,256,1,1,16777216,1,1
"KERNEL_DISPATCH","Agent 4",1,0,5908,862,211,"gemm_kernel_v2",862,2850416816483471,2850416818632456,0,0,64,32,48,256,1,1,704512,1,1
"KERNEL_DISPATCH","Agent 4",1,0,5908,863,120,"void at::native::vectorized_elementwise_kernel<4, at::native::FillFunctor<int>, std::array<char*, 1ul> >(int, at::native::FillFunctor<int>, std::array<char*, 1ul>)",863,2850416818641256,2850416818839979,0,0,8,0,16,256,1,1,16777216,1,1
"KERNEL_DISPATCH","Agent 4",1,0,5908,864,211,"gemm_kernel_v2",864,2850416818849739,2850416821001284,0,0,64,32,48,256,1,1,704512,1,1
"KERNEL_DISPATCH","Agent 4",1,0,5908,865,120,"void at::native::vectorized_elementwise_kernel<4, at::native::FillFunctor<int>, std::array<char*, 1ul> >(int, at::native::FillFunctor<int>, std::array<char*, 1ul>)",865,2850416821010404,2850416821212807,0,0,8,0,16,256,1,1,16777216,1,1
"KERNEL_DISPATCH","Agent 4",1,0,5908,866,211,"gemm_kernel_v2",866,2850416821222567,2850416823370752,0,0,64,32,48,256,1,1,704512,1,1
"KERNEL_DISPATCH","Agent 4",1,0,5908,867,120,"void at::native::vectorized_elementwise_kernel<4, at::native::FillFunctor<int>, std::array<char*, 1ul> >(int, at::native::FillFunctor<int>, std::array<char*, 1ul>)",867,2850416823379552,2850416823578275,0,0,8,0,16,256,1,1,16777216,1,1
"KERNEL_DISPATCH","Agent 4",1,0,5908,868,211,"gemm_kernel_v2",868,2850416823588195,2850416825729500,0,0,64,32,48,256,1,1,704512,1,1
"KERNEL_DISPATCH","Agent 4",1,0,5908,869,120,"void at::native::vectorized_elementwise_kernel<4, at::native::FillFunctor<int>, std::array<char*, 1ul> >(int, at::native::FillFunctor<int>, std::array<char*, 1ul>)",869,2850416825738460,2850416825940383,0,0,8,0,16,256,1,1,16777216,1,1
"KERNEL_DISPATCH","Agent 4",1,0,5908,870,211,"gemm_kernel_v2",870,2850416825949983,2850416828082808,0,0,64,32,48,256,1,1,704512,1,1
"KERNEL_DISPATCH","Agent 4",1,0,5908,871,120,"void at::native::vectorized_elementwise_kernel<4, at::native::FillFunctor<int>, std::array<char*, 1ul> >(int, at::native::FillFunctor<int>, std::array<char*, 1ul>)",871,2850416828091768,2850416828289530,0,0,8,0,16,256,1,1,16777216,1,1
"KERNEL_DISPATCH","Agent 4",1,0,5908,872,211,"gemm_kernel_v2",872,2850416828299131,2850416830438996,0,0,64,32,48,256,1,1,704512,1,1
"KERNEL_DISPATCH","Agent 4",1,0,5908,873,120,"void at::native::vectorized_elementwise_kernel<4, at::native::FillFunctor<int>, std::array<char*, 1ul> >(int, at::native::FillFunctor<int>, std::array<char*, 1ul>)",873,2850416830448276,2850416830646678,0,0,8,0,16,256,1,1,16777216,1,1
"KERNEL_DISPATCH","Agent 4",1,0,5908,874,211,"gemm_kernel_v2",874,2850416830656758,2850416832805264,0,0,64,32,48,256,1,1,704512,1,1
"KERNEL_DISPATCH","Agent 4",1,0,5908,875,120,"void at::native::vectorized_elementwise_kernel<4, at::native::FillFunctor<int>, std::array<char*, 1ul> >(int, at::native::FillFunctor<int>, std::array<char*, 1ul>)",875,2850416832814224,2850416833013746,0,0,8,0,16,256,1,1,16777216,1,1
"KERNEL_DISPATCH","Agent 4",1,0,5908,876,211,"gemm_kernel_v2",876,2850416833024466,2850416835172812,0,0,64,32,48,256,1,1,704512,1,1
"KERNEL_DISPATCH","Agent 4",1,0,5908,877,120,"void at::native::vectorized_elementwise_kernel<4, at::native::FillFunctor<int>, std::array<char*, 1ul> >(int, at::native::FillFunctor<int>, std::array<char*, 1ul>)",877,2850416835182252,2850416835380814,0,0,8,0,16,256,1,1,16777216,1,1
"KERNEL_DISPATCH","Agent 4",1,0,5908,878,211,"gemm_kernel_v2",878,2850416835390894,2850416837519399,0,0,64,32,48,256,1,1,704512,1,1
"KERNEL_DISPATCH","Agent 4",1,0,5908,879,120,"void at::native::vectorized_elementwise_kernel<4, at::native::FillFunctor<int>, std::array<char*, 1ul> >(int, at::native::FillFunctor<int>, std::array<char*, 1ul>)",879,2850416837528360,2850416837725002,0,0,8,0,16,256,1,1,16777216,1,1
"KERNEL_DISPATCH","Agent 4",1,0,5908,880,211,"gemm_kernel_v2",880,2850416837734762,2850416839877507,0,0,64,32,48,256,1,1,704512,1,1
"KERNEL_DISPATCH","Agent 4",1,0,5908,881,120,"void at::native::vectorized_elementwise_kernel<4, at::native::FillFunctor<int>, std::array<char*, 1ul> >(int, at::native::FillFunctor<int>, std::array<char*, 1ul>)",881,2850416839886627,2850416840084550,0,0,8,0,16,256,1,1,16777216,1,1
"KERNEL_DISPATCH","Agent 4",1,0,5908,882,211,"gemm_kernel_v2",882,2850416840094150,2850416842245855,0,0,64,32,48,256,1,1,704512,1,1
"KERNEL_DISPATCH","Agent 4",1,0,5908,883,120,"void at::native::vectorized_elementwise_kernel<4, at::native::FillFunctor<int>, std::array<char*, 1ul> >(int, at::native::FillFunctor<int>, std::array<char*, 1ul>)",883,2850416842254655,2850416842451778,0,0,8,0,16,256,1,1,16777216,1,1
"KERNEL_DISPATCH","Agent 4",1,0,5908,884,211,"gemm_kernel_v2",884,2850416842461378,2850416844614523,0,0,64,32,48,256,1,1,704512,1,1
"KERNEL_DISPATCH","Agent 4",1,0,5908,885,120,"void at::native::vectorized_elementwise_kernel<4, at::native::FillFunctor<int>, std::array<char*, 1ul> >(int, at::native::FillFunctor<int>, std::array<char*, 1ul>)",885,2850416844623803,2850416844826686,0,0,8,0,16,256,1,1,16777216,1,1
"KERNEL_DISPATCH","Agent 4",1,0,5908,886,211,"gemm_kernel_v2",886,2850416844836286,2850416846981591,0,0,64,32,48,256,1,1,704512,1,1
"KERNEL_DISPATCH","Agent 4",1,0,5908,887,120,"void at::native::vectorized_elementwise_kernel<4, at::native::FillFunctor<int>, std::array<char*, 1ul> >(int, at::native::FillFunctor<int>, std::array<char*, 1ul>)",887,2850416846990871,2850416847190234,0,0,8,0,16,256,1,1,16777216,1,1
"KERNEL_DISPATCH","Agent 4",1,0,5908,888,211,"gemm_kernel_v2",888,2850416847199834,2850416849330739,0,0,64,32,48,256,1,1,704512,1,1
"KERNEL_DISPATCH","Agent 4",1,0,5908,889,120,"void at::native::vectorized_elementwise_kernel<4, at::native::FillFunctor<int>, std::array<char*, 1ul> >(int, at::native::FillFunctor<int>, std::array<char*, 1ul>)",889,2850416849339859,2850416849542421,0,0,8,0,16,256,1,1,16777216,1,1
"KERNEL_DISPATCH","Agent 4",1,0,5908,890,211,"gemm_kernel_v2",890,2850416849552022,2850416851702607,0,0,64,32,48,256,1,1,704512,1,1
"KERNEL_DISPATCH","Agent 4",1,0,5908,891,120,"void at::native::vectorized_elementwise_kernel<4, at::native::FillFunctor<int>, std::array<char*, 1ul> >(int, at::native::FillFunctor<int>, std::array<char*, 1ul>)",891,2850416851711567,2850416851915410,0,0,8,0,16,256,1,1,16777216,1,1
"KERNEL_DISPATCH","Agent 4",1,0,5908,892,211,"gemm_kernel_v2",892,2850416851924850,2850416854076875,0,0,64,32,48,256,1,1,704512,1,1
"KERNEL_DISPATCH","Agent 4",1,0,5908,893,120,"void at::native::vectorized_elementwise_kernel<4, at::native::FillFunctor<int>, std::array<char*, 1ul> >(int, at::native::FillFunctor<int>, std::array<char*, 1ul>)",893,2850416854085995,2850416854282477,0,0,8,0,16,256,1,1,16777216,1,1
"KERNEL_DISPATCH","Agent 4",1,0,5908,894,211,"gemm_kernel_v2",894,2850416854292238,2850416856439783,0,0,64,32,48,256,1,1,704512,1,1
"KERNEL_DISPATCH","Agent 4",1,0,5908,895,120,"void at::native::vectorized_elementwise_kernel<4, at::native::FillFunctor<int>, std::array<char*, 1ul> >(int, at::native::FillFunctor<int>, std::array<char*, 1ul>)",895,2850416856448583,2850416856652745,0,0,8,0,16,256,1,1,16777216,1,1
"KERNEL_DISPATCH","Agent 4",1,0,5908,896,211,"gemm_kernel_v2",896,2850416856662506,2850416858811811,0,0,64,32,48,256,1,1,704512,1,1
"KERNEL_DISPATCH","Agent 4",1,0,5908,897,120,"void at::native::vectorized_elementwise_kernel<4, at::native::FillFunctor<int>, std::array<char*, 1ul> >(int, at::native::FillFunctor<int>, std::array<char*, 1ul>)",897,2850416858820931,2850416859021573,0,0,8,0,16,256,1,1,16777216,1,1
"KERNEL_DISPATCH","Agent 4",1,0,5908,898,211,"gemm_kernel_v2",898,2850416859030854,2850416861180959,0,0,64,32,48,256,1,1,704512,1,1
"KERNEL_DISPATCH","Agent 4",1,0,5908,899,120,"void at::native::vectorized_elementwise_kernel<4, at::native::FillFunctor<int>, std::array<char*, 1ul> >(int, at::native::FillFunctor<int>, std::array<char*, 1ul>)",899,2850416861190079,2850416861395522,0,0,8,0,16,256,1,1,16777216,1,1
"KERNEL_DISPATCH","Agent 4",1,0,5908,900,211,"gemm_kernel_v2",900,2850416861404962,2850416863554427,0,0,64,32,48,256,1,1,704512,1,1
"KERNEL_DISPATCH","Agent 4",1,0,5908,901,120,"void at::native::vectorized_elementwise_kernel<4, at::native::FillFunctor<int>, std::array<char*, 1ul> >(int, at::native::FillFunctor<int>, std::array<char*, 1ul>)",901,2850416863563387,2850416863761949,0,0,8,0,16,256,1,1,16777216,1,1
"KERNEL_DISPATCH","Agent 4",1,0,5908,902,211,"gemm_kernel_v2",902,2850416863771550,2850416865922295,0,0,64,32,48,256,1,1,704512,1,1
"KERNEL_DISPATCH","Agent 4",1,0,5908,903,120,"void at::native::vectorized_elementwise_kernel<4, at::native::FillFunctor<int>, std::array<char*, 1ul> >(int, at::native::FillFunctor<int>, std::array<char*, 1ul>)",903,2850416865931255,2850416866132537,0,0,8,0,16,256,1,1,16777216,1,1
"KERNEL_DISPATCH","Agent 4",1,0,5908,904,211,"gemm_kernel_v2",904,2850416866141978,2850416868275123,0,0,64,32,48,256,1,1,704512,1,1
"KERNEL_DISPATCH","Agent 4",1,0,5908,905,120,"void at::native::vectorized_elementwise_kernel<4, at::native::FillFunctor<int>, std::array<char*, 1ul> >(int, at::native::FillFunctor<int>, std::array<char*, 1ul>)",905,2850416868284083,2850416868486645,0,0,8,0,16,256,1,1,16777216,1,1
"KERNEL_DISPATCH","Agent 4",1,0,5908,906,211,"gemm_kernel_v2",906,2850416868496245,2850416870642351,0,0,64,32,48,256,1,1,704512,1,1
"KERNEL_DISPATCH","Agent 4",1,0,5908,907,120,"void at::native::vectorized_elementwise_kernel<4, at::native::FillFunctor<int>, std::array<char*, 1ul> >(int, at::native::FillFunctor<int>, std::array<char*, 1ul>)",907,2850416870651311,2850416870855473,0,0,8,0,16,256,1,1,16777216,1,1
"KERNEL_DISPATCH","Agent 4",1,0,5908,908,211,"gemm_kernel_v2",908,2850416870865240,2850416873016465,0,0,64,32,48,256,1,1,704512,1,1
"KERNEL_DISPATCH","Agent 4",1,0,5908,909,120,"void at::native::vectorized_elementwise_kernel<4, at::native::FillFunctor<int>, std::array<char*, 1ul> >(int, at::native::FillFunctor<int>, std::array<char*, 1ul>)",909,2850416873025425,2850416873224787,0,0,8,0,16,256,1,1,16777216,1,1
"KERNEL_DISPATCH","Agent 4",1,0,5908,910,211,"gemm_kernel_v2",910,2850416873234867,2850416875384172,0,0,64,32,48,256,1,1,704512,1,1
"KERNEL_DISPATCH","Agent 4",1,0,5908,911,120,"void at::native::vectorized_elementwise_kernel<4, at::native::FillFunctor<int>, std::array<char*, 1ul> >(int, at::native::FillFunctor<int>, std::array<char*, 1ul>)",911,2850416875393133,2850416875595375,0,0,8,0,16,256,1,1,16777216,1,1
"KERNEL_DISPATCH","Agent 4",1,0,5908,912,211,"gemm_kernel_v2",912,2850416875605135,2850416877754120,0,0,64,32,48,256,1,1,704512,1,1
"KERNEL_DISPATCH","Agent 4",1,0,5908,913,212,"gemm_kernel_v2",913,2850416882552577,2850416884862364,0,0,64,0,48,512,1,1,1409024,1,1
"KERNEL_DISPATCH","Agent 4",1,0,5908,914,120,"void at::native::vectorized_elementwise_kernel<4, at::native::FillFunctor<int>, std::array<char*, 1ul> >(int, at::native::FillFunctor<int>, std::array<char*, 1ul>)",914,2850416884940765,2850416885143488,0,0,8,0,16,256,1,1,16777216,1,1
"KERNEL_DISPATCH","Agent 4",1,0,5908,915,212,"gemm_kernel_v2",915,2850416885143488,2850416887450875,0,0,64,0,48,512,1,1,1409024,1,1
"KERNEL_DISPATCH","Agent 4",1,0,5908,916,120,"void at::native::vectorized_elementwise_kernel<4, at::native::FillFunctor<int>, std::array<char*, 1ul> >(int, at::native::FillFunctor<int>, std::array<char*, 1ul>)",916,2850416887450875,2850416887651837,0,0,8,0,16,256,1,1,16777216,1,1
"KERNEL_DISPATCH","Agent 4",1,0,5908,917,212,"gemm_kernel_v2",917,2850416887651837,2850416889950745,0,0,64,0,48,512,1,1,1409024,1,1
"KERNEL_DISPATCH","Agent 4",1,0,5908,918,120,"void at::native::vectorized_elementwise_kernel<4, at::native::FillFunctor<int>, std::array<char*, 1ul> >(int, at::native::FillFunctor<int>, std::array<char*, 1ul>)",918,2850416889950745,2850416890148827,0,0,8,0,16,256,1,1,16777216,1,1
"KERNEL_DISPATCH","Agent 4",1,0,5908,919,212,"gemm_kernel_v2",919,2850416890148827,2850416892445494,0,0,64,0,48,512,1,1,1409024,1,1
"KERNEL_DISPATCH","Agent 4",1,0,5908,920,120,"void at::native::vectorized_elementwise_kernel<4, at::native::FillFunctor<int>, std::array<char*, 1ul> >(int, at::native::FillFunctor<int>, std::array<char*, 1ul>)",920,2850416892445494,2850416892646936,0,0,8,0,16,256,1,1,16777216,1,1
"KERNEL_DISPATCH","Agent 4",1,0,5908,921,212,"gemm_kernel_v2",921,2850416892646936,2850416894959284,0,0,64,0,48,512,1,1,1409024,1,1
"KERNEL_DISPATCH","Agent 4",1,0,5908,922,120,"void at::native::vectorized_elementwise_kernel<4, at::native::FillFunctor<int>, std::array<char*, 1ul> >(int, at::native::FillFunctor<int>, std::array<char*, 1ul>)",922,2850416894959284,2850416895158966,0,0,8,0,16,256,1,1,16777216,1,1
"KERNEL_DISPATCH","Agent 4",1,0,5908,923,212,"gemm_kernel_v2",923,2850416895158966,2850416897465553,0,0,64,0,48,512,1,1,1409024,1,1
"KERNEL_DISPATCH","Agent 4",1,0,5908,924,212,"gemm_kernel_v2",924,2850416897609875,2850416899918062,0,0,64,0,48,512,1,1,1409024,1,1
"KERNEL_DISPATCH","Agent 4",1,0,5908,925,212,"gemm_kernel_v2",925,2850416899918062,2850416902230250,0,0,64,0,48,512,1,1,1409024,1,1
"KERNEL_DISPATCH","Agent 4",1,0,5908,926,212,"gemm_kernel_v2",926,2850416902230250,2850416904539237,0,0,64,0,48,512,1,1,1409024,1,1
"KERNEL_DISPATCH","Agent 4",1,0,5908,927,212,"gemm_kernel_v2",927,2850416904539237,2850416906851904,0,0,64,0,48,512,1,1,1409024,1,1
"KERNEL_DISPATCH","Agent 4",1,0,5908,928,212,"gemm_kernel_v2",928,2850416906851904,2850416909163451,0,0,64,0,48,512,1,1,1409024,1,1
"KERNEL_DISPATCH","Agent 4",1,0,5908,929,212,"gemm_kernel_v2",929,2850416909163451,2850416911477559,0,0,64,0,48,512,1,1,1409024,1,1
"KERNEL_DISPATCH","Agent 4",1,0,5908,930,212,"gemm_kernel_v2",930,2850416911477559,2850416913788306,0,0,64,0,48,512,1,1,1409024,1,1
"KERNEL_DISPATCH","Agent 4",1,0,5908,931,212,"gemm_kernel_v2",931,2850416913788306,2850416916095533,0,0,64,0,48,512,1,1,1409024,1,1
"KERNEL_DISPATCH","Agent 4",1,0,5908,932,212,"gemm_kernel_v2",932,2850416916095533,2850416918404201,0,0,64,0,48,512,1,1,1409024,1,1
"KERNEL_DISPATCH","Agent 4",1,0,5908,933,120,"void at::native::vectorized_elementwise_kernel<4, at::native::FillFunctor<int>, std::array<char*, 1ul> >(int, at::native::FillFunctor<int>, std::array<char*, 1ul>)",933,2850416918404201,2850416918606283,0,0,8,0,16,256,1,1,16777216,1,1
"KERNEL_DISPATCH","Agent 4",1,0,5908,934,212,"gemm_kernel_v2",934,2850416918617483,2850416920930791,0,0,64,0,48,512,1,1,1409024,1,1
"KERNEL_DISPATCH","Agent 4",1,0,5908,935,120,"void at::native::vectorized_elementwise_kernel<4, at::native::FillFunctor<int>, std::array<char*, 1ul> >(int, at::native::FillFunctor<int>, std::array<char*, 1ul>)",935,2850416920939431,2850416921143593,0,0,8,0,16,256,1,1,16777216,1,1
"KERNEL_DISPATCH","Agent 4",1,0,5908,936,212,"gemm_kernel_v2",936,2850416921153673,2850416923463460,0,0,64,0,48,512,1,1,1409024,1,1
"KERNEL_DISPATCH","Agent 4",1,0,5908,937,120,"void at::native::vectorized_elementwise_kernel<4, at::native::FillFunctor<int>, std::array<char*, 1ul> >(int, at::native::FillFunctor<int>, std::array<char*, 1ul>)",937,2850416923472261,2850416923669063,0,0,8,0,16,256,1,1,16777216,1,1
"KERNEL_DISPATCH","Agent 4",1,0,5908,938,212,"gemm_kernel_v2",938,2850416923678343,2850416925992930,0,0,64,0,48,512,1,1,1409024,1,1
"KERNEL_DISPATCH","Agent 4",1,0,5908,939,120,"void at::native::vectorized_elementwise_kernel<4, at::native::FillFunctor<int>, std::array<char*, 1ul> >(int, at::native::FillFunctor<int>, std::array<char*, 1ul>)",939,2850416926001890,2850416926202053,0,0,8,0,16,256,1,1,16777216,1,1
"KERNEL_DISPATCH","Agent 4",1,0,5908,940,212,"gemm_kernel_v2",940,2850416926211813,2850416928522560,0,0,64,0,48,512,1,1,1409024,1,1
"KERNEL_DISPATCH","Agent 4",1,0,5908,941,120,"void at::native::vectorized_elementwise_kernel<4, at::native::FillFunctor<int>, std::array<char*, 1ul> >(int, at::native::FillFunctor<int>, std::array<char*, 1ul>)",941,2850416928531520,2850416928731843,0,0,8,0,16,256,1,1,16777216,1,1
"KERNEL_DISPATCH","Agent 4",1,0,5908,942,212,"gemm_kernel_v2",942,2850416928741283,2850416931051230,0,0,64,0,48,512,1,1,1409024,1,1
"KERNEL_DISPATCH","Agent 4",1,0,5908,943,120,"void at::native::vectorized_elementwise_kernel<4, at::native::FillFunctor<int>, std::array<char*, 1ul> >(int, at::native::FillFunctor<int>, std::array<char*, 1ul>)",943,2850416931060190,2850416931255392,0,0,8,0,16,256,1,1,16777216,1,1
"KERNEL_DISPATCH","Agent 4",1,0,5908,944,212,"gemm_kernel_v2",944,2850416931264673,2850416933573980,0,0,64,0,48,512,1,1,1409024,1,1
"KERNEL_DISPATCH","Agent 4",1,0,5908,945,120,"void at::native::vectorized_elementwise_kernel<4, at::native::FillFunctor<int>, std::array<char*, 1ul> >(int, at::native::FillFunctor<int>, std::array<char*, 1ul>)",945,2850416933582940,2850416933785662,0,0,8,0,16,256,1,1,16777216,1,1
"KERNEL_DISPATCH","Agent 4",1,0,5908,946,212,"gemm_kernel_v2",946,2850416933795533,2850416936109320,0,0,64,0,48,512,1,1,1409024,1,1
"KERNEL_DISPATCH","Agent 4",1,0,5908,947,120,"void at::native::vectorized_elementwise_kernel<4, at::native::FillFunctor<int>, std::array<char*, 1ul> >(int, at::native::FillFunctor<int>, std::array<char*, 1ul>)",947,2850416936118280,2850416936320682,0,0,8,0,16,256,1,1,16777216,1,1
"KERNEL_DISPATCH","Agent 4",1,0,5908,948,212,"gemm_kernel_v2",948,2850416936330442,2850416938643429,0,0,64,0,48,512,1,1,1409024,1,1
"KERNEL_DISPATCH","Agent 4",1,0,5908,949,120,"void at::native::vectorized_elementwise_kernel<4, at::native::FillFunctor<int>, std::array<char*, 1ul> >(int, at::native::FillFunctor<int>, std::array<char*, 1ul>)",949,2850416938652550,2850416938850792,0,0,8,0,16,256,1,1,16777216,1,1
"KERNEL_DISPATCH","Agent 4",1,0,5908,950,212,"gemm_kernel_v2",950,2850416938860392,2850416941168739,0,0,64,0,48,512,1,1,1409024,1,1
"KERNEL_DISPATCH","Agent 4",1,0,5908,951,120,"void at::native::vectorized_elementwise_kernel<4, at::native::FillFunctor<int>, std::array<char*, 1ul> >(int, at::native::FillFunctor<int>, std::array<char*, 1ul>)",951,2850416941178179,2850416941379462,0,0,8,0,16,256,1,1,16777216,1,1
"KERNEL_DISPATCH","Agent 4",1,0,5908,952,212,"gemm_kernel_v2",952,2850416941388742,2850416943697569,0,0,64,0,48,512,1,1,1409024,1,1
"KERNEL_DISPATCH","Agent 4",1,0,5908,953,120,"void at::native::vectorized_elementwise_kernel<4, at::native::FillFunctor<int>, std::array<char*, 1ul> >(int, at::native::FillFunctor<int>, std::array<char*, 1ul>)",953,2850416943706689,2850416943906852,0,0,8,0,16,256,1,1,16777216,1,1
"KERNEL_DISPATCH","Agent 4",1,0,5908,954,212,"gemm_kernel_v2",954,2850416943916452,2850416946225439,0,0,64,0,48,512,1,1,1409024,1,1
"KERNEL_DISPATCH","Agent 4",1,0,5908,955,120,"void at::native::vectorized_elementwise_kernel<4, at::native::FillFunctor<int>, std::array<char*, 1ul> >(int, at::native::FillFunctor<int>, std::array<char*, 1ul>)",955,2850416946234399,2850416946436322,0,0,8,0,16,256,1,1,16777216,1,1
"KERNEL_DISPATCH","Agent 4",1,0,5908,956,212,"gemm_kernel_v2",956,2850416946445762,2850416948758909,0,0,64,0,48,512,1,1,1409024,1,1
"KERNEL_DISPATCH","Agent 4",1,0,5908,957,120,"void at::native::vectorized_elementwise_kernel<4, at::native::FillFunctor<int>, std::array<char*, 1ul> >(int, at::native::FillFunctor<int>, std::array<char*, 1ul>)",957,2850416948767709,2850416948969312,0,0,8,0,16,256,1,1,16777216,1,1
"KERNEL_DISPATCH","Agent 4",1,0,5908,958,212,"gemm_kernel_v2",958,2850416948978752,2850416951286779,0,0,64,0,48,512,1,1,1409024,1,1
"KERNEL_DISPATCH","Agent 4",1,0,5908,959,120,"void at::native::vectorized_elementwise_kernel<4, at::native::FillFunctor<int>, std::array<char*, 1ul> >(int, at::native::FillFunctor<int>, std::array<char*, 1ul>)",959,2850416951296059,2850416951498782,0,0,8,0,16,256,1,1,16777216,1,1
"KERNEL_DISPATCH","Agent 4",1,0,5908,960,212,"gemm_kernel_v2",960,2850416951508542,2850416953816889,0,0,64,0,48,512,1,1,1409024,1,1
"KERNEL_DISPATCH","Agent 4",1,0,5908,961,120,"void at::native::vectorized_elementwise_kernel<4, at::native::FillFunctor<int>, std::array<char*, 1ul> >(int, at::native::FillFunctor<int>, std::array<char*, 1ul>)",961,2850416953825849,2850416954030972,0,0,8,0,16,256,1,1,16777216,1,1
"KERNEL_DISPATCH","Agent 4",1,0,5908,962,212,"gemm_kernel_v2",962,2850416954040572,2850416956340439,0,0,64,0,48,512,1,1,1409024,1,1
"KERNEL_DISPATCH","Agent 4",1,0,5908,963,120,"void at::native::vectorized_elementwise_kernel<4, at::native::FillFunctor<int>, std::array<char*, 1ul> >(int, at::native::FillFunctor<int>, std::array<char*, 1ul>)",963,2850416956349879,2850416956551161,0,0,8,0,16,256,1,1,16777216,1,1
"KERNEL_DISPATCH","Agent 4",1,0,5908,964,212,"gemm_kernel_v2",964,2850416956560602,2850416958872469,0,0,64,0,48,512,1,1,1409024,1,1
"KERNEL_DISPATCH","Agent 4",1,0,5908,965,120,"void at::native::vectorized_elementwise_kernel<4, at::native::FillFunctor<int>, std::array<char*, 1ul> >(int, at::native::FillFunctor<int>, std::array<char*, 1ul>)",965,2850416958881429,2850416959079671,0,0,8,0,16,256,1,1,16777216,1,1
"KERNEL_DISPATCH","Agent 4",1,0,5908,966,212,"gemm_kernel_v2",966,2850416959089272,2850416961393139,0,0,64,0,48,512,1,1,1409024,1,1
"KERNEL_DISPATCH","Agent 4",1,0,5908,967,120,"void at::native::vectorized_elementwise_kernel<4, at::native::FillFunctor<int>, std::array<char*, 1ul> >(int, at::native::FillFunctor<int>, std::array<char*, 1ul>)",967,2850416961402259,2850416961602581,0,0,8,0,16,256,1,1,16777216,1,1
"KERNEL_DISPATCH","Agent 4",1,0,5908,968,212,"gemm_kernel_v2",968,2850416961612181,2850416963908369,0,0,64,0,48,512,1,1,1409024,1,1
"KERNEL_DISPATCH","Agent 4",1,0,5908,969,120,"void at::native::vectorized_elementwise_kernel<4, at::native::FillFunctor<int>, std::array<char*, 1ul> >(int, at::native::FillFunctor<int>, std::array<char*, 1ul>)",969,2850416963917169,2850416964118451,0,0,8,0,16,256,1,1,16777216,1,1
"KERNEL_DISPATCH","Agent 4",1,0,5908,970,212,"gemm_kernel_v2",970,2850416964127891,2850416966439919,0,0,64,0,48,512,1,1,1409024,1,1
"KERNEL_DISPATCH","Agent 4",1,0,5908,971,120,"void at::native::vectorized_elementwise_kernel<4, at::native::FillFunctor<int>, std::array<char*, 1ul> >(int, at::native::FillFunctor<int>, std::array<char*, 1ul>)",971,2850416966449679,2850416966649201,0,0,8,0,16,256,1,1,16777216,1,1
"KERNEL_DISPATCH","Agent 4",1,0,5908,972,212,"gemm_kernel_v2",972,2850416966658641,2850416968969229,0,0,64,0,48,512,1,1,1409024,1,1
"KERNEL_DISPATCH","Agent 4",1,0,5908,973,120,"void at::native::vectorized_elementwise_kernel<4, at::native::FillFunctor<int>, std::array<char*, 1ul> >(int, at::native::FillFunctor<int>, std::array<char*, 1ul>)",973,2850416968977869,2850416969180751,0,0,8,0,16,256,1,1,16777216,1,1
"KERNEL_DISPATCH","Agent 4",1,0,5908,974,212,"gemm_kernel_v2",974,2850416969190351,2850416971503499,0,0,64,0,48,512,1,1,1409024,1,1
"KERNEL_DISPATCH","Agent 4",1,0,5908,975,120,"void at::native::vectorized_elementwise_kernel<4, at::native::FillFunctor<int>, std::array<char*, 1ul> >(int, at::native::FillFunctor<int>, std::array<char*, 1ul>)",975,2850416971512779,2850416971717581,0,0,8,0,16,256,1,1,16777216,1,1
"KERNEL_DISPATCH","Agent 4",1,0,5908,976,212,"gemm_kernel_v2",976,2850416971726701,2850416974034889,0,0,64,0,48,512,1,1,1409024,1,1
"KERNEL_DISPATCH","Agent 4",1,0,5908,977,120,"void at::native::vectorized_elementwise_kernel<4, at::native::FillFunctor<int>, std::array<char*, 1ul> >(int, at::native::FillFunctor<int>, std::array<char*, 1ul>)",977,2850416974044009,2850416974247051,0,0,8,0,16,256,1,1,16777216,1,1
"KERNEL_DISPATCH","Agent 4",1,0,5908,978,212,"gemm_kernel_v2",978,2850416974256651,2850416976572679,0,0,64,0,48,512,1,1,1409024,1,1
"KERNEL_DISPATCH","Agent 4",1,0,5908,979,120,"void at::native::vectorized_elementwise_kernel<4, at::native::FillFunctor<int>, std::array<char*, 1ul> >(int, at::native::FillFunctor<int>, std::array<char*, 1ul>)",979,2850416976581639,2850416976783721,0,0,8,0,16,256,1,1,16777216,1,1
"KERNEL_DISPATCH","Agent 4",1,0,5908,980,212,"gemm_kernel_v2",980,2850416976793321,2850416979095908,0,0,64,0,48,512,1,1,1409024,1,1
"KERNEL_DISPATCH","Agent 4",1,0,5908,981,120,"void at::native::vectorized_elementwise_kernel<4, at::native::FillFunctor<int>, std::array<char*, 1ul> >(int, at::native::FillFunctor<int>, std::array<char*, 1ul>)",981,2850416979104709,2850416979307111,0,0,8,0,16,256,1,1,16777216,1,1
"KERNEL_DISPATCH","Agent 4",1,0,5908,982,212,"gemm_kernel_v2",982,2850416979316871,2850416981607778,0,0,64,0,48,512,1,1,1409024,1,1
"KERNEL_DISPATCH","Agent 4",1,0,5908,983,120,"void at::native::vectorized_elementwise_kernel<4, at::native::FillFunctor<int>, std::array<char*, 1ul> >(int, at::native::FillFunctor<int>, std::array<char*, 1ul>)",983,2850416981616738,2850416981818661,0,0,8,0,16,256,1,1,16777216,1,1
"KERNEL_DISPATCH","Agent 4",1,0,5908,984,212,"gemm_kernel_v2",984,2850416981827941,2850416984126848,0,0,64,0,48,512,1,1,1409024,1,1
"KERNEL_DISPATCH","Agent 4",1,0,5908,985,120,"void at::native::vectorized_elementwise_kernel<4, at::native::FillFunctor<int>, std::array<char*, 1ul> >(int, at::native::FillFunctor<int>, std::array<char*, 1ul>)",985,2850416984136128,2850416984337251,0,0,8,0,16,256,1,1,16777216,1,1
"KERNEL_DISPATCH","Agent 4",1,0,5908,986,212,"gemm_kernel_v2",986,2850416984347651,2850416986662078,0,0,64,0,48,512,1,1,1409024,1,1
"KERNEL_DISPATCH","Agent 4",1,0,5908,987,120,"void at::native::vectorized_elementwise_kernel<4, at::native::FillFunctor<int>, std::array<char*, 1ul> >(int, at::native::FillFunctor<int>, std::array<char*, 1ul>)",987,2850416986671198,2850416986870241,0,0,8,0,16,256,1,1,16777216,1,1
"KERNEL_DISPATCH","Agent 4",1,0,5908,988,212,"gemm_kernel_v2",988,2850416986880001,2850416989201788,0,0,64,0,48,512,1,1,1409024,1,1
"KERNEL_DISPATCH","Agent 4",1,0,5908,989,120,"void at::native::vectorized_elementwise_kernel<4, at::native::FillFunctor<int>, std::array<char*, 1ul> >(int, at::native::FillFunctor<int>, std::array<char*, 1ul>)",989,2850416989210588,2850416989409311,0,0,8,0,16,256,1,1,16777216,1,1
"KERNEL_DISPATCH","Agent 4",1,0,5908,990,212,"gemm_kernel_v2",990,2850416989419391,2850416991733178,0,0,64,0,48,512,1,1,1409024,1,1
"KERNEL_DISPATCH","Agent 4",1,0,5908,991,120,"void at::native::vectorized_elementwise_kernel<4, at::native::FillFunctor<int>, std::array<char*, 1ul> >(int, at::native::FillFunctor<int>, std::array<char*, 1ul>)",991,2850416991742298,2850416991946141,0,0,8,0,16,256,1,1,16777216,1,1
"KERNEL_DISPATCH","Agent 4",1,0,5908,992,212,"gemm_kernel_v2",992,2850416991955581,2850416994267928,0,0,64,0,48,512,1,1,1409024,1,1
"KERNEL_DISPATCH","Agent 4",1,0,5908,993,120,"void at::native::vectorized_elementwise_kernel<4, at::native::FillFunctor<int>, std::array<char*, 1ul> >(int, at::native::FillFunctor<int>, std::array<char*, 1ul>)",993,2850416994276728,2850416994478811,0,0,8,0,16,256,1,1,16777216,1,1
"KERNEL_DISPATCH","Agent 4",1,0,5908,994,212,"gemm_kernel_v2",994,2850416994488251,2850416996799798,0,0,64,0,48,512,1,1,1409024,1,1
"KERNEL_DISPATCH","Agent 4",1,0,5908,995,120,"void at::native::vectorized_elementwise_kernel<4, at::native::FillFunctor<int>, std::array<char*, 1ul> >(int, at::native::FillFunctor<int>, std::array<char*, 1ul>)",995,2850416996808758,2850416997011481,0,0,8,0,16,256,1,1,16777216,1,1
"KERNEL_DISPATCH","Agent 4",1,0,5908,996,212,"gemm_kernel_v2",996,2850416997021491,2850416999332878,0,0,64,0,48,512,1,1,1409024,1,1
"KERNEL_DISPATCH","Agent 4",1,0,5908,997,120,"void at::native::vectorized_elementwise_kernel<4, at::native::FillFunctor<int>, std::array<char*, 1ul> >(int, at::native::FillFunctor<int>, std::array<char*, 1ul>)",997,2850416999341838,2850416999539440,0,0,8,0,16,256,1,1,16777216,1,1
"KERNEL_DISPATCH","Agent 4",1,0,5908,998,212,"gemm_kernel_v2",998,2850416999549200,2850417001862027,0,0,64,0,48,512,1,1,1409024,1,1
"KERNEL_DISPATCH","Agent 4",1,0,5908,999,120,"void at::native::vectorized_elementwise_kernel<4, at::native::FillFunctor<int>, std::array<char*, 1ul> >(int, at::native::FillFunctor<int>, std::array<char*, 1ul>)",999,2850417001871308,2850417002075630,0,0,8,0,16,256,1,1,16777216,1,1
"KERNEL_DISPATCH","Agent 4",1,0,5908,1000,212,"gemm_kernel_v2",1000,2850417002085070,2850417004396618,0,0,64,0,48,512,1,1,1409024,1,1
"KERNEL_DISPATCH","Agent 4",1,0,5908,1001,120,"void at::native::vectorized_elementwise_kernel<4, at::native::FillFunctor<int>, std::array<char*, 1ul> >(int, at::native::FillFunctor<int>, std::array<char*, 1ul>)",1001,2850417004405738,2850417004606540,0,0,8,0,16,256,1,1,16777216,1,1
"KERNEL_DISPATCH","Agent 4",1,0,5908,1002,212,"gemm_kernel_v2",1002,2850417004616300,2850417006930088,0,0,64,0,48,512,1,1,1409024,1,1
"KERNEL_DISPATCH","Agent 4",1,0,5908,1003,120,"void at::native::vectorized_elementwise_kernel<4, at::native::FillFunctor<int>, std::array<char*, 1ul> >(int, at::native::FillFunctor<int>, std::array<char*, 1ul>)",1003,2850417006939048,2850417007136170,0,0,8,0,16,256,1,1,16777216,1,1
"KERNEL_DISPATCH","Agent 4",1,0,5908,1004,212,"gemm_kernel_v2",1004,2850417007145770,2850417009456198,0,0,64,0,48,512,1,1,1409024,1,1
"KERNEL_DISPATCH","Agent 4",1,0,5908,1005,120,"void at::native::vectorized_elementwise_kernel<4, at::native::FillFunctor<int>, std::array<char*, 1ul> >(int, at::native::FillFunctor<int>, std::array<char*, 1ul>)",1005,2850417009465158,2850417009672200,0,0,8,0,16,256,1,1,16777216,1,1
"KERNEL_DISPATCH","Agent 4",1,0,5908,1006,212,"gemm_kernel_v2",1006,2850417009682120,2850417011993508,0,0,64,0,48,512,1,1,1409024,1,1
"KERNEL_DISPATCH","Agent 4",1,0,5908,1007,120,"void at::native::vectorized_elementwise_kernel<4, at::native::FillFunctor<int>, std::array<char*, 1ul> >(int, at::native::FillFunctor<int>, std::array<char*, 1ul>)",1007,2850417012002308,2850417012203430,0,0,8,0,16,256,1,1,16777216,1,1
"KERNEL_DISPATCH","Agent 4",1,0,5908,1008,212,"gemm_kernel_v2",1008,2850417012213350,2850417014517058,0,0,64,0,48,512,1,1,1409024,1,1
"KERNEL_DISPATCH","Agent 4",1,0,5908,1009,120,"void at::native::vectorized_elementwise_kernel<4, at::native::FillFunctor<int>, std::array<char*, 1ul> >(int, at::native::FillFunctor<int>, std::array<char*, 1ul>)",1009,2850417014525858,2850417014726500,0,0,8,0,16,256,1,1,16777216,1,1
"KERNEL_DISPATCH","Agent 4",1,0,5908,1010,212,"gemm_kernel_v2",1010,2850417014736420,2850417017033728,0,0,64,0,48,512,1,1,1409024,1,1
"KERNEL_DISPATCH","Agent 4",1,0,5908,1011,213,"gemm_kernel_v2",1011,2850417021828184,2850417023692847,0,0,84,68,48,256,1,1,352256,1,1
"KERNEL_DISPATCH","Agent 4",1,0,5908,1012,120,"void at::native::vectorized_elementwise_kernel<4, at::native::FillFunctor<int>, std::array<char*, 1ul> >(int, at::native::FillFunctor<int>, std::array<char*, 1ul>)",1012,2850417023770927,2850417023969810,0,0,8,0,16,256,1,1,16777216,1,1
"KERNEL_DISPATCH","Agent 4",1,0,5908,1013,213,"gemm_kernel_v2",1013,2850417023969810,2850417025832552,0,0,84,68,48,256,1,1,352256,1,1
"KERNEL_DISPATCH","Agent 4",1,0,5908,1014,120,"void at::native::vectorized_elementwise_kernel<4, at::native::FillFunctor<int>, std::array<char*, 1ul> >(int, at::native::FillFunctor<int>, std::array<char*, 1ul>)",1014,2850417025832552,2850417026029994,0,0,8,0,16,256,1,1,16777216,1,1
"KERNEL_DISPATCH","Agent 4",1,0,5908,1015,213,"gemm_kernel_v2",1015,2850417026029994,2850417027893696,0,0,84,68,48,256,1,1,352256,1,1
"KERNEL_DISPATCH","Agent 4",1,0,5908,1016,120,"void at::native::vectorized_elementwise_kernel<4, at::native::FillFunctor<int>, std::array<char*, 1ul> >(int, at::native::FillFunctor<int>, std::array<char*, 1ul>)",1016,2850417027893696,2850417028098339,0,0,8,0,16,256,1,1,16777216,1,1
"KERNEL_DISPATCH","Agent 4",1,0,5908,1017,213,"gemm_kernel_v2",1017,2850417028098339,2850417029958681,0,0,84,68,48,256,1,1,352256,1,1
"KERNEL_DISPATCH","Agent 4",1,0,5908,1018,120,"void at::native::vectorized_elementwise_kernel<4, at::native::FillFunctor<int>, std::array<char*, 1ul> >(int, at::native::FillFunctor<int>, std::array<char*, 1ul>)",1018,2850417029958681,2850417030158683,0,0,8,0,16,256,1,1,16777216,1,1
"KERNEL_DISPATCH","Agent 4",1,0,5908,1019,213,"gemm_kernel_v2",1019,2850417030158683,2850417032021905,0,0,84,68,48,256,1,1,352256,1,1
"KERNEL_DISPATCH","Agent 4",1,0,5908,1020,120,"void at::native::vectorized_elementwise_kernel<4, at::native::FillFunctor<int>, std::array<char*, 1ul> >(int, at::native::FillFunctor<int>, std::array<char*, 1ul>)",1020,2850417032021905,2850417032223348,0,0,8,0,16,256,1,1,16777216,1,1
"KERNEL_DISPATCH","Agent 4",1,0,5908,1021,213,"gemm_kernel_v2",1021,2850417032223348,2850417034088810,0,0,84,68,48,256,1,1,352256,1,1
"KERNEL_DISPATCH","Agent 4",1,0,5908,1022,213,"gemm_kernel_v2",1022,2850417034305932,2850417036172035,0,0,84,68,48,256,1,1,352256,1,1
"KERNEL_DISPATCH","Agent 4",1,0,5908,1023,213,"gemm_kernel_v2",1023,2850417036172035,2850417038035577,0,0,84,68,48,256,1,1,352256,1,1
"KERNEL_DISPATCH","Agent 4",1,0,5908,1024,213,"gemm_kernel_v2",1024,2850417038035577,2850417039899599,0,0,84,68,48,256,1,1,352256,1,1
"KERNEL_DISPATCH","Agent 4",1,0,5908,1025,213,"gemm_kernel_v2",1025,2850417039899599,2850417041762181,0,0,84,68,48,256,1,1,352256,1,1
"KERNEL_DISPATCH","Agent 4",1,0,5908,1026,213,"gemm_kernel_v2",1026,2850417041762181,2850417043619003,0,0,84,68,48,256,1,1,352256,1,1
"KERNEL_DISPATCH","Agent 4",1,0,5908,1027,213,"gemm_kernel_v2",1027,2850417043619003,2850417045481905,0,0,84,68,48,256,1,1,352256,1,1
"KERNEL_DISPATCH","Agent 4",1,0,5908,1028,213,"gemm_kernel_v2",1028,2850417045481905,2850417047349447,0,0,84,68,48,256,1,1,352256,1,1
"KERNEL_DISPATCH","Agent 4",1,0,5908,1029,213,"gemm_kernel_v2",1029,2850417047349447,2850417049215229,0,0,84,68,48,256,1,1,352256,1,1
"KERNEL_DISPATCH","Agent 4",1,0,5908,1030,213,"gemm_kernel_v2",1030,2850417049215229,2850417051081812,0,0,84,68,48,256,1,1,352256,1,1
"KERNEL_DISPATCH","Agent 4",1,0,5908,1031,213,"gemm_kernel_v2",1031,2850417051081812,2850417052941514,0,0,84,68,48,256,1,1,352256,1,1
"KERNEL_DISPATCH","Agent 4",1,0,5908,1032,213,"gemm_kernel_v2",1032,2850417052941514,2850417054796416,0,0,84,68,48,256,1,1,352256,1,1
"KERNEL_DISPATCH","Agent 4",1,0,5908,1033,213,"gemm_kernel_v2",1033,2850417054796416,2850417056659158,0,0,84,68,48,256,1,1,352256,1,1
"KERNEL_DISPATCH","Agent 4",1,0,5908,1034,120,"void at::native::vectorized_elementwise_kernel<4, at::native::FillFunctor<int>, std::array<char*, 1ul> >(int, at::native::FillFunctor<int>, std::array<char*, 1ul>)",1034,2850417056659158,2850417056859960,0,0,8,0,16,256,1,1,16777216,1,1
"KERNEL_DISPATCH","Agent 4",1,0,5908,1035,213,"gemm_kernel_v2",1035,2850417056871160,2850417058733102,0,0,84,68,48,256,1,1,352256,1,1
"KERNEL_DISPATCH","Agent 4",1,0,5908,1036,120,"void at::native::vectorized_elementwise_kernel<4, at::native::FillFunctor<int>, std::array<char*, 1ul> >(int, at::native::FillFunctor<int>, std::array<char*, 1ul>)",1036,2850417058742382,2850417058941585,0,0,8,0,16,256,1,1,16777216,1,1
"KERNEL_DISPATCH","Agent 4",1,0,5908,1037,213,"gemm_kernel_v2",1037,2850417058951345,2850417060822727,0,0,84,68,48,256,1,1,352256,1,1
"KERNEL_DISPATCH","Agent 4",1,0,5908,1038,120,"void at::native::vectorized_elementwise_kernel<4, at::native::FillFunctor<int>, std::array<char*, 1ul> >(int, at::native::FillFunctor<int>, std::array<char*, 1ul>)",1038,2850417060832167,2850417061031530,0,0,8,0,16,256,1,1,16777216,1,1
"KERNEL_DISPATCH","Agent 4",1,0,5908,1039,213,"gemm_kernel_v2",1039,2850417061040904,2850417062905086,0,0,84,68,48,256,1,1,352256,1,1
"KERNEL_DISPATCH","Agent 4",1,0,5908,1040,120,"void at::native::vectorized_elementwise_kernel<4, at::native::FillFunctor<int>, std::array<char*, 1ul> >(int, at::native::FillFunctor<int>, std::array<char*, 1ul>)",1040,2850417062914206,2850417063115808,0,0,8,0,16,256,1,1,16777216,1,1
"KERNEL_DISPATCH","Agent 4",1,0,5908,1041,213,"gemm_kernel_v2",1041,2850417063125248,2850417064991030,0,0,84,68,48,256,1,1,352256,1,1
"KERNEL_DISPATCH","Agent 4",1,0,5908,1042,120,"void at::native::vectorized_elementwise_kernel<4, at::native::FillFunctor<int>, std::array<char*, 1ul> >(int, at::native::FillFunctor<int>, std::array<char*, 1ul>)",1042,2850417064999990,2850417065202873,0,0,8,0,16,256,1,1,16777216,1,1
"KERNEL_DISPATCH","Agent 4",1,0,5908,1043,213,"gemm_kernel_v2",1043,2850417065212473,2850417067087215,0,0,84,68,48,256,1,1,352256,1,1
"KERNEL_DISPATCH","Agent 4",1,0,5908,1044,120,"void at::native::vectorized_elementwise_kernel<4, at::native::FillFunctor<int>, std::array<char*, 1ul> >(int, at::native::FillFunctor<int>, std::array<char*, 1ul>)",1044,2850417067096495,2850417067296497,0,0,8,0,16,256,1,1,16777216,1,1
"KERNEL_DISPATCH","Agent 4",1,0,5908,1045,213,"gemm_kernel_v2",1045,2850417067306257,2850417069174759,0,0,84,68,48,256,1,1,352256,1,1
"KERNEL_DISPATCH","Agent 4",1,0,5908,1046,120,"void at::native::vectorized_elementwise_kernel<4, at::native::FillFunctor<int>, std::array<char*, 1ul> >(int, at::native::FillFunctor<int>, std::array<char*, 1ul>)",1046,2850417069184360,2850417069385802,0,0,8,0,16,256,1,1,16777216,1,1
"KERNEL_DISPATCH","Agent 4",1,0,5908,1047,213,"gemm_kernel_v2",1047,2850417069395402,2850417071258624,0,0,84,68,48,256,1,1,352256,1,1
"KERNEL_DISPATCH","Agent 4",1,0,5908,1048,120,"void at::native::vectorized_elementwise_kernel<4, at::native::FillFunctor<int>, std::array<char*, 1ul> >(int, at::native::FillFunctor<int>, std::array<char*, 1ul>)",1048,2850417071267744,2850417071469827,0,0,8,0,16,256,1,1,16777216,1,1
"KERNEL_DISPATCH","Agent 4",1,0,5908,1049,213,"gemm_kernel_v2",1049,2850417071479427,2850417073344249,0,0,84,68,48,256,1,1,352256,1,1
"KERNEL_DISPATCH","Agent 4",1,0,5908,1050,120,"void at::native::vectorized_elementwise_kernel<4, at::native::FillFunctor<int>, std::array<char*, 1ul> >(int, at::native::FillFunctor<int>, std::array<char*, 1ul>)",1050,2850417073354009,2850417073554491,0,0,8,0,16,256,1,1,16777216,1,1
"KERNEL_DISPATCH","Agent 4",1,0,5908,1051,213,"gemm_kernel_v2",1051,2850417073564091,2850417075427793,0,0,84,68,48,256,1,1,352256,1,1
"KERNEL_DISPATCH","Agent 4",1,0,5908,1052,120,"void at::native::vectorized_elementwise_kernel<4, at::native::FillFunctor<int>, std::array<char*, 1ul> >(int, at::native::FillFunctor<int>, std::array<char*, 1ul>)",1052,2850417075437073,2850417075639156,0,0,8,0,16,256,1,1,16777216,1,1
"KERNEL_DISPATCH","Agent 4",1,0,5908,1053,213,"gemm_kernel_v2",1053,2850417075648756,2850417077508938,0,0,84,68,48,256,1,1,352256,1,1
"KERNEL_DISPATCH","Agent 4",1,0,5908,1054,120,"void at::native::vectorized_elementwise_kernel<4, at::native::FillFunctor<int>, std::array<char*, 1ul> >(int, at::native::FillFunctor<int>, std::array<char*, 1ul>)",1054,2850417077518058,2850417077716940,0,0,8,0,16,256,1,1,16777216,1,1
"KERNEL_DISPATCH","Agent 4",1,0,5908,1055,213,"gemm_kernel_v2",1055,2850417077727020,2850417079584002,0,0,84,68,48,256,1,1,352256,1,1
"KERNEL_DISPATCH","Agent 4",1,0,5908,1056,120,"void at::native::vectorized_elementwise_kernel<4, at::native::FillFunctor<int>, std::array<char*, 1ul> >(int, at::native::FillFunctor<int>, std::array<char*, 1ul>)",1056,2850417079593122,2850417079790725,0,0,8,0,16,256,1,1,16777216,1,1
"KERNEL_DISPATCH","Agent 4",1,0,5908,1057,213,"gemm_kernel_v2",1057,2850417079800645,2850417081671387,0,0,84,68,48,256,1,1,352256,1,1
"KERNEL_DISPATCH","Agent 4",1,0,5908,1058,120,"void at::native::vectorized_elementwise_kernel<4, at::native::FillFunctor<int>, std::array<char*, 1ul> >(int, at::native::FillFunctor<int>, std::array<char*, 1ul>)",1058,2850417081680827,2850417081881629,0,0,8,0,16,256,1,1,16777216,1,1
"KERNEL_DISPATCH","Agent 4",1,0,5908,1059,213,"gemm_kernel_v2",1059,2850417081891390,2850417083753172,0,0,84,68,48,256,1,1,352256,1,1
"KERNEL_DISPATCH","Agent 4",1,0,5908,1060,120,"void at::native::vectorized_elementwise_kernel<4, at::native::FillFunctor<int>, std::array<char*, 1ul> >(int, at::native::FillFunctor<int>, std::array<char*, 1ul>)",1060,2850417083762452,2850417083961974,0,0,8,0,16,256,1,1,16777216,1,1
"KERNEL_DISPATCH","Agent 4",1,0,5908,1061,213,"gemm_kernel_v2",1061,2850417083971894,2850417085840716,0,0,84,68,48,256,1,1,352256,1,1
"KERNEL_DISPATCH","Agent 4",1,0,5908,1062,120,"void at::native::vectorized_elementwise_kernel<4, at::native::FillFunctor<int>, std::array<char*, 1ul> >(int, at::native::FillFunctor<int>, std::array<char*, 1ul>)",1062,2850417085849836,2850417086047439,0,0,8,0,16,256,1,1,16777216,1,1
"KERNEL_DISPATCH","Agent 4",1,0,5908,1063,213,"gemm_kernel_v2",1063,2850417086057039,2850417087918341,0,0,84,68,48,256,1,1,352256,1,1
"KERNEL_DISPATCH","Agent 4",1,0,5908,1064,120,"void at::native::vectorized_elementwise_kernel<4, at::native::FillFunctor<int>, std::array<char*, 1ul> >(int, at::native::FillFunctor<int>, std::array<char*, 1ul>)",1064,2850417087927621,2850417088131623,0,0,8,0,16,256,1,1,16777216,1,1
"KERNEL_DISPATCH","Agent 4",1,0,5908,1065,213,"gemm_kernel_v2",1065,2850417088140903,2850417089999325,0,0,84,68,48,256,1,1,352256,1,1
"KERNEL_DISPATCH","Agent 4",1,0,5908,1066,120,"void at::native::vectorized_elementwise_kernel<4, at::native::FillFunctor<int>, std::array<char*, 1ul> >(int, at::native::FillFunctor<int>, std::array<char*, 1ul>)",1066,2850417090008445,2850417090206688,0,0,8,0,16,256,1,1,16777216,1,1
"KERNEL_DISPATCH","Agent 4",1,0,5908,1067,213,"gemm_kernel_v2",1067,2850417090216448,2850417092088150,0,0,84,68,48,256,1,1,352256,1,1
"KERNEL_DISPATCH","Agent 4",1,0,5908,1068,120,"void at::native::vectorized_elementwise_kernel<4, at::native::FillFunctor<int>, std::array<char*, 1ul> >(int, at::native::FillFunctor<int>, std::array<char*, 1ul>)",1068,2850417092097270,2850417092303033,0,0,8,0,16,256,1,1,16777216,1,1
"KERNEL_DISPATCH","Agent 4",1,0,5908,1069,213,"gemm_kernel_v2",1069,2850417092313273,2850417094176815,0,0,84,68,48,256,1,1,352256,1,1
"KERNEL_DISPATCH","Agent 4",1,0,5908,1070,120,"void at::native::vectorized_elementwise_kernel<4, at::native::FillFunctor<int>, std::array<char*, 1ul> >(int, at::native::FillFunctor<int>, std::array<char*, 1ul>)",1070,2850417094186095,2850417094388497,0,0,8,0,16,256,1,1,16777216,1,1
"KERNEL_DISPATCH","Agent 4",1,0,5908,1071,213,"gemm_kernel_v2",1071,2850417094398417,2850417096258919,0,0,84,68,48,256,1,1,352256,1,1
"KERNEL_DISPATCH","Agent 4",1,0,5908,1072,120,"void at::native::vectorized_elementwise_kernel<4, at::native::FillFunctor<int>, std::array<char*, 1ul> >(int, at::native::FillFunctor<int>, std::array<char*, 1ul>)",1072,2850417096267879,2850417096469802,0,0,8,0,16,256,1,1,16777216,1,1
"KERNEL_DISPATCH","Agent 4",1,0,5908,1073,213,"gemm_kernel_v2",1073,2850417096479402,2850417098341504,0,0,84,68,48,256,1,1,352256,1,1
"KERNEL_DISPATCH","Agent 4",1,0,5908,1074,120,"void at::native::vectorized_elementwise_kernel<4, at::native::FillFunctor<int>, std::array<char*, 1ul> >(int, at::native::FillFunctor<int>, std::array<char*, 1ul>)",1074,2850417098350784,2850417098552066,0,0,8,0,16,256,1,1,16777216,1,1
"KERNEL_DISPATCH","Agent 4",1,0,5908,1075,213,"gemm_kernel_v2",1075,2850417098562146,2850417100421528,0,0,84,68,48,256,1,1,352256,1,1
"KERNEL_DISPATCH","Agent 4",1,0,5908,1076,120,"void at::native::vectorized_elementwise_kernel<4, at::native::FillFunctor<int>, std::array<char*, 1ul> >(int, at::native::FillFunctor<int>, std::array<char*, 1ul>)",1076,2850417100430809,2850417100629371,0,0,8,0,16,256,1,1,16777216,1,1
"KERNEL_DISPATCH","Agent 4",1,0,5908,1077,213,"gemm_kernel_v2",1077,2850417100638971,2850417102497873,0,0,84,68,48,256,1,1,352256,1,1
"KERNEL_DISPATCH","Agent 4",1,0,5908,1078,120,"void at::native::vectorized_elementwise_kernel<4, at::native::FillFunctor<int>, std::array<char*, 1ul> >(int, at::native::FillFunctor<int>, std::array<char*, 1ul>)",1078,2850417102506993,2850417102707635,0,0,8,0,16,256,1,1,16777216,1,1
"KERNEL_DISPATCH","Agent 4",1,0,5908,1079,213,"gemm_kernel_v2",1079,2850417102717236,2850417104585738,0,0,84,68,48,256,1,1,352256,1,1
"KERNEL_DISPATCH","Agent 4",1,0,5908,1080,120,"void at::native::vectorized_elementwise_kernel<4, at::native::FillFunctor<int>, std::array<char*, 1ul> >(int, at::native::FillFunctor<int>, std::array<char*, 1ul>)",1080,2850417104594698,2850417104798700,0,0,8,0,16,256,1,1,16777216,1,1
"KERNEL_DISPATCH","Agent 4",1,0,5908,1081,213,"gemm_kernel_v2",1081,2850417104808140,2850417106667682,0,0,84,68,48,256,1,1,352256,1,1
"KERNEL_DISPATCH","Agent 4",1,0,5908,1082,120,"void at::native::vectorized_elementwise_kernel<4, at::native::FillFunctor<int>, std::array<char*, 1ul> >(int, at::native::FillFunctor<int>, std::array<char*, 1ul>)",1082,2850417106676962,2850417106880485,0,0,8,0,16,256,1,1,16777216,1,1
"KERNEL_DISPATCH","Agent 4",1,0,5908,1083,213,"gemm_kernel_v2",1083,2850417106890245,2850417108746747,0,0,84,68,48,256,1,1,352256,1,1
"KERNEL_DISPATCH","Agent 4",1,0,5908,1084,120,"void at::native::vectorized_elementwise_kernel<4, at::native::FillFunctor<int>, std::array<char*, 1ul> >(int, at::native::FillFunctor<int>, std::array<char*, 1ul>)",1084,2850417108755707,2850417108953629,0,0,8,0,16,256,1,1,16777216,1,1
"KERNEL_DISPATCH","Agent 4",1,0,5908,1085,213,"gemm_kernel_v2",1085,2850417108963069,2850417110826451,0,0,84,68,48,256,1,1,352256,1,1
"KERNEL_DISPATCH","Agent 4",1,0,5908,1086,120,"void at::native::vectorized_elementwise_kernel<4, at::native::FillFunctor<int>, std::array<char*, 1ul> >(int, at::native::FillFunctor<int>, std::array<char*, 1ul>)",1086,2850417110835891,2850417111036534,0,0,8,0,16,256,1,1,16777216,1,1
"KERNEL_DISPATCH","Agent 4",1,0,5908,1087,213,"gemm_kernel_v2",1087,2850417111046294,2850417112913356,0,0,84,68,48,256,1,1,352256,1,1
"KERNEL_DISPATCH","Agent 4",1,0,5908,1088,120,"void at::native::vectorized_elementwise_kernel<4, at::native::FillFunctor<int>, std::array<char*, 1ul> >(int, at::native::FillFunctor<int>, std::array<char*, 1ul>)",1088,2850417112922476,2850417113125678,0,0,8,0,16,256,1,1,16777216,1,1
"KERNEL_DISPATCH","Agent 4",1,0,5908,1089,213,"gemm_kernel_v2",1089,2850417113135759,2850417115003141,0,0,84,68,48,256,1,1,352256,1,1
"KERNEL_DISPATCH","Agent 4",1,0,5908,1090,120,"void at::native::vectorized_elementwise_kernel<4, at::native::FillFunctor<int>, std::array<char*, 1ul> >(int, at::native::FillFunctor<int>, std::array<char*, 1ul>)",1090,2850417115012421,2850417115215303,0,0,8,0,16,256,1,1,16777216,1,1
"KERNEL_DISPATCH","Agent 4",1,0,5908,1091,213,"gemm_kernel_v2",1091,2850417115224903,2850417117091325,0,0,84,68,48,256,1,1,352256,1,1
"KERNEL_DISPATCH","Agent 4",1,0,5908,1092,120,"void at::native::vectorized_elementwise_kernel<4, at::native::FillFunctor<int>, std::array<char*, 1ul> >(int, at::native::FillFunctor<int>, std::array<char*, 1ul>)",1092,2850417117100445,2850417117298208,0,0,8,0,16,256,1,1,16777216,1,1
"KERNEL_DISPATCH","Agent 4",1,0,5908,1093,213,"gemm_kernel_v2",1093,2850417117307488,2850417119174230,0,0,84,68,48,256,1,1,352256,1,1
"KERNEL_DISPATCH","Agent 4",1,0,5908,1094,120,"void at::native::vectorized_elementwise_kernel<4, at::native::FillFunctor<int>, std::array<char*, 1ul> >(int, at::native::FillFunctor<int>, std::array<char*, 1ul>)",1094,2850417119183350,2850417119385592,0,0,8,0,16,256,1,1,16777216,1,1
"KERNEL_DISPATCH","Agent 4",1,0,5908,1095,213,"gemm_kernel_v2",1095,2850417119395512,2850417121257454,0,0,84,68,48,256,1,1,352256,1,1
"KERNEL_DISPATCH","Agent 4",1,0,5908,1096,120,"void at::native::vectorized_elementwise_kernel<4, at::native::FillFunctor<int>, std::array<char*, 1ul> >(int, at::native::FillFunctor<int>, std::array<char*, 1ul>)",1096,2850417121266415,2850417121465297,0,0,8,0,16,256,1,1,16777216,1,1
"KERNEL_DISPATCH","Agent 4",1,0,5908,1097,213,"gemm_kernel_v2",1097,2850417121474737,2850417123334119,0,0,84,68,48,256,1,1,352256,1,1
"KERNEL_DISPATCH","Agent 4",1,0,5908,1098,120,"void at::native::vectorized_elementwise_kernel<4, at::native::FillFunctor<int>, std::array<char*, 1ul> >(int, at::native::FillFunctor<int>, std::array<char*, 1ul>)",1098,2850417123343399,2850417123545321,0,0,8,0,16,256,1,1,16777216,1,1
"KERNEL_DISPATCH","Agent 4",1,0,5908,1099,213,"gemm_kernel_v2",1099,2850417123555256,2850417125423758,0,0,84,68,48,256,1,1,352256,1,1
"KERNEL_DISPATCH","Agent 4",1,0,5908,1100,120,"void at::native::vectorized_elementwise_kernel<4, at::native::FillFunctor<int>, std::array<char*, 1ul> >(int, at::native::FillFunctor<int>, std::array<char*, 1ul>)",1100,2850417125432718,2850417125634160,0,0,8,0,16,256,1,1,16777216,1,1
"KERNEL_DISPATCH","Agent 4",1,0,5908,1101,213,"gemm_kernel_v2",1101,2850417125643600,2850417127511942,0,0,84,68,48,256,1,1,352256,1,1
"KERNEL_DISPATCH","Agent 4",1,0,5908,1102,120,"void at::native::vectorized_elementwise_kernel<4, at::native::FillFunctor<int>, std::array<char*, 1ul> >(int, at::native::FillFunctor<int>, std::array<char*, 1ul>)",1102,2850417127521062,2850417127722505,0,0,8,0,16,256,1,1,16777216,1,1
"KERNEL_DISPATCH","Agent 4",1,0,5908,1103,213,"gemm_kernel_v2",1103,2850417127732105,2850417129593087,0,0,84,68,48,256,1,1,352256,1,1
"KERNEL_DISPATCH","Agent 4",1,0,5908,1104,120,"void at::native::vectorized_elementwise_kernel<4, at::native::FillFunctor<int>, std::array<char*, 1ul> >(int, at::native::FillFunctor<int>, std::array<char*, 1ul>)",1104,2850417129602367,2850417129805569,0,0,8,0,16,256,1,1,16777216,1,1
"KERNEL_DISPATCH","Agent 4",1,0,5908,1105,213,"gemm_kernel_v2",1105,2850417129815170,2850417131676472,0,0,84,68,48,256,1,1,352256,1,1
"KERNEL_DISPATCH","Agent 4",1,0,5908,1106,120,"void at::native::vectorized_elementwise_kernel<4, at::native::FillFunctor<int>, std::array<char*, 1ul> >(int, at::native::FillFunctor<int>, std::array<char*, 1ul>)",1106,2850417131685592,2850417131887354,0,0,8,0,16,256,1,1,16777216,1,1
"KERNEL_DISPATCH","Agent 4",1,0,5908,1107,213,"gemm_kernel_v2",1107,2850417131896954,2850417133757936,0,0,84,68,48,256,1,1,352256,1,1
"KERNEL_DISPATCH","Agent 4",1,0,5908,1108,120,"void at::native::vectorized_elementwise_kernel<4, at::native::FillFunctor<int>, std::array<char*, 1ul> >(int, at::native::FillFunctor<int>, std::array<char*, 1ul>)",1108,2850417133766736,2850417133965939,0,0,8,0,16,256,1,1,16777216,1,1
"KERNEL_DISPATCH","Agent 4",1,0,5908,1109,213,"gemm_kernel_v2",1109,2850417133975539,2850417135844041,0,0,84,68,48,256,1,1,352256,1,1
"KERNEL_DISPATCH","Agent 4",1,0,5908,1110,120,"void at::native::vectorized_elementwise_kernel<4, at::native::FillFunctor<int>, std::array<char*, 1ul> >(int, at::native::FillFunctor<int>, std::array<char*, 1ul>)",1110,2850417135853801,2850417136052523,0,0,8,0,16,256,1,1,16777216,1,1
"KERNEL_DISPATCH","Agent 4",1,0,5908,1111,213,"gemm_kernel_v2",1111,2850417136062124,2850417137926626,0,0,84,68,48,256,1,1,352256,1,1
"KERNEL_DISPATCH","Agent 4",1,0,5908,1112,120,"void at::native::vectorized_elementwise_kernel<4, at::native::FillFunctor<int>, std::array<char*, 1ul> >(int, at::native::FillFunctor<int>, std::array<char*, 1ul>)",1112,2850417137935746,2850417138134948,0,0,8,0,16,256,1,1,16777216,1,1
"KERNEL_DISPATCH","Agent 4",1,0,5908,1113,213,"gemm_kernel_v2",1113,2850417138144548,2850417140014970,0,0,84,68,48,256,1,1,352256,1,1
"KERNEL_DISPATCH","Agent 4",1,0,5908,1114,120,"void at::native::vectorized_elementwise_kernel<4, at::native::FillFunctor<int>, std::array<char*, 1ul> >(int, at::native::FillFunctor<int>, std::array<char*, 1ul>)",1114,2850417140024091,2850417140222973,0,0,8,0,16,256,1,1,16777216,1,1
"KERNEL_DISPATCH","Agent 4",1,0,5908,1115,213,"gemm_kernel_v2",1115,2850417140232573,2850417142098675,0,0,84,68,48,256,1,1,352256,1,1
"KERNEL_DISPATCH","Agent 4",1,0,5908,1116,120,"void at::native::vectorized_elementwise_kernel<4, at::native::FillFunctor<int>, std::array<char*, 1ul> >(int, at::native::FillFunctor<int>, std::array<char*, 1ul>)",1116,2850417142107955,2850417142309398,0,0,8,0,16,256,1,1,16777216,1,1
"KERNEL_DISPATCH","Agent 4",1,0,5908,1117,213,"gemm_kernel_v2",1117,2850417142318838,2850417144181580,0,0,84,68,48,256,1,1,352256,1,1
"KERNEL_DISPATCH","Agent 4",1,0,5908,1118,120,"void at::native::vectorized_elementwise_kernel<4, at::native::FillFunctor<int>, std::array<char*, 1ul> >(int, at::native::FillFunctor<int>, std::array<char*, 1ul>)",1118,2850417144190860,2850417144387662,0,0,8,0,16,256,1,1,16777216,1,1
"KERNEL_DISPATCH","Agent 4",1,0,5908,1119,213,"gemm_kernel_v2",1119,2850417144397102,2850417146263524,0,0,84,68,48,256,1,1,352256,1,1
"KERNEL_DISPATCH","Agent 4",1,0,5908,1120,120,"void at::native::vectorized_elementwise_kernel<4, at::native::FillFunctor<int>, std::array<char*, 1ul> >(int, at::native::FillFunctor<int>, std::array<char*, 1ul>)",1120,2850417146272645,2850417146474567,0,0,8,0,16,256,1,1,16777216,1,1
"KERNEL_DISPATCH","Agent 4",1,0,5908,1121,213,"gemm_kernel_v2",1121,2850417146484967,2850417148349949,0,0,84,68,48,256,1,1,352256,1,1
"KERNEL_DISPATCH","Agent 4",1,0,5908,1122,120,"void at::native::vectorized_elementwise_kernel<4, at::native::FillFunctor<int>, std::array<char*, 1ul> >(int, at::native::FillFunctor<int>, std::array<char*, 1ul>)",1122,2850417148359069,2850417148560352,0,0,8,0,16,256,1,1,16777216,1,1
"KERNEL_DISPATCH","Agent 4",1,0,5908,1123,213,"gemm_kernel_v2",1123,2850417148570112,2850417150437974,0,0,84,68,48,256,1,1,352256,1,1
"KERNEL_DISPATCH","Agent 4",1,0,5908,1124,120,"void at::native::vectorized_elementwise_kernel<4, at::native::FillFunctor<int>, std::array<char*, 1ul> >(int, at::native::FillFunctor<int>, std::array<char*, 1ul>)",1124,2850417150448054,2850417150647416,0,0,8,0,16,256,1,1,16777216,1,1
"KERNEL_DISPATCH","Agent 4",1,0,5908,1125,213,"gemm_kernel_v2",1125,2850417150656857,2850417152528399,0,0,84,68,48,256,1,1,352256,1,1
"KERNEL_DISPATCH","Agent 4",1,0,5908,1126,120,"void at::native::vectorized_elementwise_kernel<4, at::native::FillFunctor<int>, std::array<char*, 1ul> >(int, at::native::FillFunctor<int>, std::array<char*, 1ul>)",1126,2850417152537679,2850417152739601,0,0,8,0,16,256,1,1,16777216,1,1
"KERNEL_DISPATCH","Agent 4",1,0,5908,1127,213,"gemm_kernel_v2",1127,2850417152749041,2850417154612903,0,0,84,68,48,256,1,1,352256,1,1
"KERNEL_DISPATCH","Agent 4",1,0,5908,1128,120,"void at::native::vectorized_elementwise_kernel<4, at::native::FillFunctor<int>, std::array<char*, 1ul> >(int, at::native::FillFunctor<int>, std::array<char*, 1ul>)",1128,2850417154622184,2850417154820906,0,0,8,0,16,256,1,1,16777216,1,1
"KERNEL_DISPATCH","Agent 4",1,0,5908,1129,213,"gemm_kernel_v2",1129,2850417154830346,2850417156692768,0,0,84,68,48,256,1,1,352256,1,1
"KERNEL_DISPATCH","Agent 4",1,0,5908,1130,214,"gemm_kernel_v2",1130,2850417161506585,2850417163336847,0,0,68,4,32,512,1,1,704512,1,1
"KERNEL_DISPATCH","Agent 4",1,0,5908,1131,120,"void at::native::vectorized_elementwise_kernel<4, at::native::FillFunctor<int>, std::array<char*, 1ul> >(int, at::native::FillFunctor<int>, std::array<char*, 1ul>)",1131,2850417163414448,2850417163615570,0,0,8,0,16,256,1,1,16777216,1,1
"KERNEL_DISPATCH","Agent 4",1,0,5908,1132,214,"gemm_kernel_v2",1132,2850417163615570,2850417165443272,0,0,68,4,32,512,1,1,704512,1,1
"KERNEL_DISPATCH","Agent 4",1,0,5908,1133,120,"void at::native::vectorized_elementwise_kernel<4, at::native::FillFunctor<int>, std::array<char*, 1ul> >(int, at::native::FillFunctor<int>, std::array<char*, 1ul>)",1133,2850417165443272,2850417165644714,0,0,8,0,16,256,1,1,16777216,1,1
"KERNEL_DISPATCH","Agent 4",1,0,5908,1134,214,"gemm_kernel_v2",1134,2850417165644714,2850417167457856,0,0,68,4,32,512,1,1,704512,1,1
"KERNEL_DISPATCH","Agent 4",1,0,5908,1135,120,"void at::native::vectorized_elementwise_kernel<4, at::native::FillFunctor<int>, std::array<char*, 1ul> >(int, at::native::FillFunctor<int>, std::array<char*, 1ul>)",1135,2850417167457856,2850417167656098,0,0,8,0,16,256,1,1,16777216,1,1
"KERNEL_DISPATCH","Agent 4",1,0,5908,1136,214,"gemm_kernel_v2",1136,2850417167656098,2850417169484760,0,0,68,4,32,512,1,1,704512,1,1
"KERNEL_DISPATCH","Agent 4",1,0,5908,1137,120,"void at::native::vectorized_elementwise_kernel<4, at::native::FillFunctor<int>, std::array<char*, 1ul> >(int, at::native::FillFunctor<int>, std::array<char*, 1ul>)",1137,2850417169484760,2850417169688762,0,0,8,0,16,256,1,1,16777216,1,1
"KERNEL_DISPATCH","Agent 4",1,0,5908,1138,214,"gemm_kernel_v2",1138,2850417169688762,2850417171517104,0,0,68,4,32,512,1,1,704512,1,1
"KERNEL_DISPATCH","Agent 4",1,0,5908,1139,120,"void at::native::vectorized_elementwise_kernel<4, at::native::FillFunctor<int>, std::array<char*, 1ul> >(int, at::native::FillFunctor<int>, std::array<char*, 1ul>)",1139,2850417171517104,2850417171718866,0,0,8,0,16,256,1,1,16777216,1,1
"KERNEL_DISPATCH","Agent 4",1,0,5908,1140,214,"gemm_kernel_v2",1140,2850417171718866,2850417173542088,0,0,68,4,32,512,1,1,704512,1,1
"KERNEL_DISPATCH","Agent 4",1,0,5908,1141,214,"gemm_kernel_v2",1141,2850417173704330,2850417175520351,0,0,68,4,32,512,1,1,704512,1,1
"KERNEL_DISPATCH","Agent 4",1,0,5908,1142,214,"gemm_kernel_v2",1142,2850417175520351,2850417177351893,0,0,68,4,32,512,1,1,704512,1,1
"KERNEL_DISPATCH","Agent 4",1,0,5908,1143,214,"gemm_kernel_v2",1143,2850417177351893,2850417179179115,0,0,68,4,32,512,1,1,704512,1,1
"KERNEL_DISPATCH","Agent 4",1,0,5908,1144,214,"gemm_kernel_v2",1144,2850417179179115,2850417180995616,0,0,68,4,32,512,1,1,704512,1,1
"KERNEL_DISPATCH","Agent 4",1,0,5908,1145,214,"gemm_kernel_v2",1145,2850417180995616,2850417182812758,0,0,68,4,32,512,1,1,704512,1,1
"KERNEL_DISPATCH","Agent 4",1,0,5908,1146,214,"gemm_kernel_v2",1146,2850417182812758,2850417184639179,0,0,68,4,32,512,1,1,704512,1,1
"KERNEL_DISPATCH","Agent 4",1,0,5908,1147,214,"gemm_kernel_v2",1147,2850417184639179,2850417186467361,0,0,68,4,32,512,1,1,704512,1,1
"KERNEL_DISPATCH","Agent 4",1,0,5908,1148,214,"gemm_kernel_v2",1148,2850417186467333,2850417188297434,0,0,68,4,32,512,1,1,704512,1,1
"KERNEL_DISPATCH","Agent 4",1,0,5908,1149,214,"gemm_kernel_v2",1149,2850417188297434,2850417190123215,0,0,68,4,32,512,1,1,704512,1,1
"KERNEL_DISPATCH","Agent 4",1,0,5908,1150,214,"gemm_kernel_v2",1150,2850417190123215,2850417191941637,0,0,68,4,32,512,1,1,704512,1,1
"KERNEL_DISPATCH","Agent 4",1,0,5908,1151,214,"gemm_kernel_v2",1151,2850417191941637,2850417193767258,0,0,68,4,32,512,1,1,704512,1,1
"KERNEL_DISPATCH","Agent 4",1,0,5908,1152,214,"gemm_kernel_v2",1152,2850417193767258,2850417195598480,0,0,68,4,32,512,1,1,704512,1,1
"KERNEL_DISPATCH","Agent 4",1,0,5908,1153,120,"void at::native::vectorized_elementwise_kernel<4, at::native::FillFunctor<int>, std::array<char*, 1ul> >(int, at::native::FillFunctor<int>, std::array<char*, 1ul>)",1153,2850417195598480,2850417195801842,0,0,8,0,16,256,1,1,16777216,1,1
"KERNEL_DISPATCH","Agent 4",1,0,5908,1154,214,"gemm_kernel_v2",1154,2850417195813202,2850417197646984,0,0,68,4,32,512,1,1,704512,1,1
"KERNEL_DISPATCH","Agent 4",1,0,5908,1155,120,"void at::native::vectorized_elementwise_kernel<4, at::native::FillFunctor<int>, std::array<char*, 1ul> >(int, at::native::FillFunctor<int>, std::array<char*, 1ul>)",1155,2850417197656104,2850417197858827,0,0,8,0,16,256,1,1,16777216,1,1
"KERNEL_DISPATCH","Agent 4",1,0,5908,1156,214,"gemm_kernel_v2",1156,2850417197868587,2850417199699168,0,0,68,4,32,512,1,1,704512,1,1
"KERNEL_DISPATCH","Agent 4",1,0,5908,1157,120,"void at::native::vectorized_elementwise_kernel<4, at::native::FillFunctor<int>, std::array<char*, 1ul> >(int, at::native::FillFunctor<int>, std::array<char*, 1ul>)",1157,2850417199708289,2850417199910531,0,0,8,0,16,256,1,1,16777216,1,1
"KERNEL_DISPATCH","Agent 4",1,0,5908,1158,214,"gemm_kernel_v2",1158,2850417199919811,2850417201749593,0,0,68,4,32,512,1,1,704512,1,1
"KERNEL_DISPATCH","Agent 4",1,0,5908,1159,120,"void at::native::vectorized_elementwise_kernel<4, at::native::FillFunctor<int>, std::array<char*, 1ul> >(int, at::native::FillFunctor<int>, std::array<char*, 1ul>)",1159,2850417201758553,2850417201956155,0,0,8,0,16,256,1,1,16777216,1,1
"KERNEL_DISPATCH","Agent 4",1,0,5908,1160,214,"gemm_kernel_v2",1160,2850417201966075,2850417203797137,0,0,68,4,32,512,1,1,704512,1,1
"KERNEL_DISPATCH","Agent 4",1,0,5908,1161,120,"void at::native::vectorized_elementwise_kernel<4, at::native::FillFunctor<int>, std::array<char*, 1ul> >(int, at::native::FillFunctor<int>, std::array<char*, 1ul>)",1161,2850417203806257,2850417204006739,0,0,8,0,16,256,1,1,16777216,1,1
"KERNEL_DISPATCH","Agent 4",1,0,5908,1162,214,"gemm_kernel_v2",1162,2850417204016180,2850417205832361,0,0,68,4,32,512,1,1,704512,1,1
"KERNEL_DISPATCH","Agent 4",1,0,5908,1163,120,"void at::native::vectorized_elementwise_kernel<4, at::native::FillFunctor<int>, std::array<char*, 1ul> >(int, at::native::FillFunctor<int>, std::array<char*, 1ul>)",1163,2850417205841161,2850417206039244,0,0,8,0,16,256,1,1,16777216,1,1
"KERNEL_DISPATCH","Agent 4",1,0,5908,1164,214,"gemm_kernel_v2",1164,2850417206048844,2850417207868225,0,0,68,4,32,512,1,1,704512,1,1
"KERNEL_DISPATCH","Agent 4",1,0,5908,1165,120,"void at::native::vectorized_elementwise_kernel<4, at::native::FillFunctor<int>, std::array<char*, 1ul> >(int, at::native::FillFunctor<int>, std::array<char*, 1ul>)",1165,2850417207877185,2850417208081828,0,0,8,0,16,256,1,1,16777216,1,1
"KERNEL_DISPATCH","Agent 4",1,0,5908,1166,214,"gemm_kernel_v2",1166,2850417208091428,2850417209913049,0,0,68,4,32,512,1,1,704512,1,1
"KERNEL_DISPATCH","Agent 4",1,0,5908,1167,120,"void at::native::vectorized_elementwise_kernel<4, at::native::FillFunctor<int>, std::array<char*, 1ul> >(int, at::native::FillFunctor<int>, std::array<char*, 1ul>)",1167,2850417209922490,2850417210122812,0,0,8,0,16,256,1,1,16777216,1,1
"KERNEL_DISPATCH","Agent 4",1,0,5908,1168,214,"gemm_kernel_v2",1168,2850417210132572,2850417211953554,0,0,68,4,32,512,1,1,704512,1,1
"KERNEL_DISPATCH","Agent 4",1,0,5908,1169,120,"void at::native::vectorized_elementwise_kernel<4, at::native::FillFunctor<int>, std::array<char*, 1ul> >(int, at::native::FillFunctor<int>, std::array<char*, 1ul>)",1169,2850417211962514,2850417212162996,0,0,8,0,16,256,1,1,16777216,1,1
"KERNEL_DISPATCH","Agent 4",1,0,5908,1170,214,"gemm_kernel_v2",1170,2850417212172596,2850417213993418,0,0,68,4,32,512,1,1,704512,1,1
"KERNEL_DISPATCH","Agent 4",1,0,5908,1171,120,"void at::native::vectorized_elementwise_kernel<4, at::native::FillFunctor<int>, std::array<char*, 1ul> >(int, at::native::FillFunctor<int>, std::array<char*, 1ul>)",1171,2850417214002698,2850417214202860,0,0,8,0,16,256,1,1,16777216,1,1
"KERNEL_DISPATCH","Agent 4",1,0,5908,1172,214,"gemm_kernel_v2",1172,2850417214212460,2850417216031522,0,0,68,4,32,512,1,1,704512,1,1
"KERNEL_DISPATCH","Agent 4",1,0,5908,1173,120,"void at::native::vectorized_elementwise_kernel<4, at::native::FillFunctor<int>, std::array<char*, 1ul> >(int, at::native::FillFunctor<int>, std::array<char*, 1ul>)",1173,2850417216040802,2850417216239524,0,0,8,0,16,256,1,1,16777216,1,1
"KERNEL_DISPATCH","Agent 4",1,0,5908,1174,214,"gemm_kernel_v2",1174,2850417216249284,2850417218065306,0,0,68,4,32,512,1,1,704512,1,1
"KERNEL_DISPATCH","Agent 4",1,0,5908,1175,120,"void at::native::vectorized_elementwise_kernel<4, at::native::FillFunctor<int>, std::array<char*, 1ul> >(int, at::native::FillFunctor<int>, std::array<char*, 1ul>)",1175,2850417218074586,2850417218275868,0,0,8,0,16,256,1,1,16777216,1,1
"KERNEL_DISPATCH","Agent 4",1,0,5908,1176,214,"gemm_kernel_v2",1176,2850417218285309,2850417220101490,0,0,68,4,32,512,1,1,704512,1,1
"KERNEL_DISPATCH","Agent 4",1,0,5908,1177,120,"void at::native::vectorized_elementwise_kernel<4, at::native::FillFunctor<int>, std::array<char*, 1ul> >(int, at::native::FillFunctor<int>, std::array<char*, 1ul>)",1177,2850417220110610,2850417220311093,0,0,8,0,16,256,1,1,16777216,1,1
"KERNEL_DISPATCH","Agent 4",1,0,5908,1178,214,"gemm_kernel_v2",1178,2850417220320853,2850417222141674,0,0,68,4,32,512,1,1,704512,1,1
"KERNEL_DISPATCH","Agent 4",1,0,5908,1179,120,"void at::native::vectorized_elementwise_kernel<4, at::native::FillFunctor<int>, std::array<char*, 1ul> >(int, at::native::FillFunctor<int>, std::array<char*, 1ul>)",1179,2850417222151274,2850417222352397,0,0,8,0,16,256,1,1,16777216,1,1
"KERNEL_DISPATCH","Agent 4",1,0,5908,1180,214,"gemm_kernel_v2",1180,2850417222362957,2850417224181538,0,0,68,4,32,512,1,1,704512,1,1
"KERNEL_DISPATCH","Agent 4",1,0,5908,1181,120,"void at::native::vectorized_elementwise_kernel<4, at::native::FillFunctor<int>, std::array<char*, 1ul> >(int, at::native::FillFunctor<int>, std::array<char*, 1ul>)",1181,2850417224190659,2850417224389701,0,0,8,0,16,256,1,1,16777216,1,1
"KERNEL_DISPATCH","Agent 4",1,0,5908,1182,214,"gemm_kernel_v2",1182,2850417224399461,2850417226217243,0,0,68,4,32,512,1,1,704512,1,1
"KERNEL_DISPATCH","Agent 4",1,0,5908,1183,120,"void at::native::vectorized_elementwise_kernel<4, at::native::FillFunctor<int>, std::array<char*, 1ul> >(int, at::native::FillFunctor<int>, std::array<char*, 1ul>)",1183,2850417226226363,2850417226427165,0,0,8,0,16,256,1,1,16777216,1,1
"KERNEL_DISPATCH","Agent 4",1,0,5908,1184,214,"gemm_kernel_v2",1184,2850417226436925,2850417228257747,0,0,68,4,32,512,1,1,704512,1,1
"KERNEL_DISPATCH","Agent 4",1,0,5908,1185,120,"void at::native::vectorized_elementwise_kernel<4, at::native::FillFunctor<int>, std::array<char*, 1ul> >(int, at::native::FillFunctor<int>, std::array<char*, 1ul>)",1185,2850417228266867,2850417228469909,0,0,8,0,16,256,1,1,16777216,1,1
"KERNEL_DISPATCH","Agent 4",1,0,5908,1186,214,"gemm_kernel_v2",1186,2850417228479669,2850417230311691,0,0,68,4,32,512,1,1,704512,1,1
"KERNEL_DISPATCH","Agent 4",1,0,5908,1187,120,"void at::native::vectorized_elementwise_kernel<4, at::native::FillFunctor<int>, std::array<char*, 1ul> >(int, at::native::FillFunctor<int>, std::array<char*, 1ul>)",1187,2850417230320811,2850417230520653,0,0,8,0,16,256,1,1,16777216,1,1
"KERNEL_DISPATCH","Agent 4",1,0,5908,1188,214,"gemm_kernel_v2",1188,2850417230530254,2850417232360355,0,0,68,4,32,512,1,1,704512,1,1
"KERNEL_DISPATCH","Agent 4",1,0,5908,1189,120,"void at::native::vectorized_elementwise_kernel<4, at::native::FillFunctor<int>, std::array<char*, 1ul> >(int, at::native::FillFunctor<int>, std::array<char*, 1ul>)",1189,2850417232369315,2850417232568518,0,0,8,0,16,256,1,1,16777216,1,1
"KERNEL_DISPATCH","Agent 4",1,0,5908,1190,214,"gemm_kernel_v2",1190,2850417232578118,2850417234409180,0,0,68,4,32,512,1,1,704512,1,1
"KERNEL_DISPATCH","Agent 4",1,0,5908,1191,120,"void at::native::vectorized_elementwise_kernel<4, at::native::FillFunctor<int>, std::array<char*, 1ul> >(int, at::native::FillFunctor<int>, std::array<char*, 1ul>)",1191,2850417234418460,2850417234618942,0,0,8,0,16,256,1,1,16777216,1,1
"KERNEL_DISPATCH","Agent 4",1,0,5908,1192,214,"gemm_kernel_v2",1192,2850417234628542,2850417236458964,0,0,68,4,32,512,1,1,704512,1,1
"KERNEL_DISPATCH","Agent 4",1,0,5908,1193,120,"void at::native::vectorized_elementwise_kernel<4, at::native::FillFunctor<int>, std::array<char*, 1ul> >(int, at::native::FillFunctor<int>, std::array<char*, 1ul>)",1193,2850417236467924,2850417236666966,0,0,8,0,16,256,1,1,16777216,1,1
"KERNEL_DISPATCH","Agent 4",1,0,5908,1194,214,"gemm_kernel_v2",1194,2850417236676566,2850417238507788,0,0,68,4,32,512,1,1,704512,1,1
"KERNEL_DISPATCH","Agent 4",1,0,5908,1195,120,"void at::native::vectorized_elementwise_kernel<4, at::native::FillFunctor<int>, std::array<char*, 1ul> >(int, at::native::FillFunctor<int>, std::array<char*, 1ul>)",1195,2850417238516908,2850417238720431,0,0,8,0,16,256,1,1,16777216,1,1
"KERNEL_DISPATCH","Agent 4",1,0,5908,1196,214,"gemm_kernel_v2",1196,2850417238729871,2850417240561092,0,0,68,4,32,512,1,1,704512,1,1
"KERNEL_DISPATCH","Agent 4",1,0,5908,1197,120,"void at::native::vectorized_elementwise_kernel<4, at::native::FillFunctor<int>, std::array<char*, 1ul> >(int, at::native::FillFunctor<int>, std::array<char*, 1ul>)",1197,2850417240570053,2850417240773735,0,0,8,0,16,256,1,1,16777216,1,1
"KERNEL_DISPATCH","Agent 4",1,0,5908,1198,214,"gemm_kernel_v2",1198,2850417240783655,2850417242615037,0,0,68,4,32,512,1,1,704512,1,1
"KERNEL_DISPATCH","Agent 4",1,0,5908,1199,120,"void at::native::vectorized_elementwise_kernel<4, at::native::FillFunctor<int>, std::array<char*, 1ul> >(int, at::native::FillFunctor<int>, std::array<char*, 1ul>)",1199,2850417242624317,2850417242824959,0,0,8,0,16,256,1,1,16777216,1,1
"KERNEL_DISPATCH","Agent 4",1,0,5908,1200,214,"gemm_kernel_v2",1200,2850417242834879,2850417244665301,0,0,68,4,32,512,1,1,704512,1,1
"KERNEL_DISPATCH","Agent 4",1,0,5908,1201,120,"void at::native::vectorized_elementwise_kernel<4, at::native::FillFunctor<int>, std::array<char*, 1ul> >(int, at::native::FillFunctor<int>, std::array<char*, 1ul>)",1201,2850417244674421,2850417244874424,0,0,8,0,16,256,1,1,16777216,1,1
"KERNEL_DISPATCH","Agent 4",1,0,5908,1202,214,"gemm_kernel_v2",1202,2850417244884184,2850417246709325,0,0,68,4,32,512,1,1,704512,1,1
"KERNEL_DISPATCH","Agent 4",1,0,5908,1203,120,"void at::native::vectorized_elementwise_kernel<4, at::native::FillFunctor<int>, std::array<char*, 1ul> >(int, at::native::FillFunctor<int>, std::array<char*, 1ul>)",1203,2850417246718605,2850417246919568,0,0,8,0,16,256,1,1,16777216,1,1
"KERNEL_DISPATCH","Agent 4",1,0,5908,1204,214,"gemm_kernel_v2",1204,2850417246929008,2850417248753829,0,0,68,4,32,512,1,1,704512,1,1
"KERNEL_DISPATCH","Agent 4",1,0,5908,1205,120,"void at::native::vectorized_elementwise_kernel<4, at::native::FillFunctor<int>, std::array<char*, 1ul> >(int, at::native::FillFunctor<int>, std::array<char*, 1ul>)",1205,2850417248762950,2850417248961672,0,0,8,0,16,256,1,1,16777216,1,1
"KERNEL_DISPATCH","Agent 4",1,0,5908,1206,214,"gemm_kernel_v2",1206,2850417248971432,2850417250801534,0,0,68,4,32,512,1,1,704512,1,1
"KERNEL_DISPATCH","Agent 4",1,0,5908,1207,120,"void at::native::vectorized_elementwise_kernel<4, at::native::FillFunctor<int>, std::array<char*, 1ul> >(int, at::native::FillFunctor<int>, std::array<char*, 1ul>)",1207,2850417250810680,2850417251008602,0,0,8,0,16,256,1,1,16777216,1,1
"KERNEL_DISPATCH","Agent 4",1,0,5908,1208,214,"gemm_kernel_v2",1208,2850417251017882,2850417252836623,0,0,68,4,32,512,1,1,704512,1,1
"KERNEL_DISPATCH","Agent 4",1,0,5908,1209,120,"void at::native::vectorized_elementwise_kernel<4, at::native::FillFunctor<int>, std::array<char*, 1ul> >(int, at::native::FillFunctor<int>, std::array<char*, 1ul>)",1209,2850417252845743,2850417253045745,0,0,8,0,16,256,1,1,16777216,1,1
"KERNEL_DISPATCH","Agent 4",1,0,5908,1210,214,"gemm_kernel_v2",1210,2850417253055506,2850417254880487,0,0,68,4,32,512,1,1,704512,1,1
"KERNEL_DISPATCH","Agent 4",1,0,5908,1211,120,"void at::native::vectorized_elementwise_kernel<4, at::native::FillFunctor<int>, std::array<char*, 1ul> >(int, at::native::FillFunctor<int>, std::array<char*, 1ul>)",1211,2850417254890887,2850417255093610,0,0,8,0,16,256,1,1,16777216,1,1
"KERNEL_DISPATCH","Agent 4",1,0,5908,1212,214,"gemm_kernel_v2",1212,2850417255102890,2850417256930911,0,0,68,4,32,512,1,1,704512,1,1
"KERNEL_DISPATCH","Agent 4",1,0,5908,1213,120,"void at::native::vectorized_elementwise_kernel<4, at::native::FillFunctor<int>, std::array<char*, 1ul> >(int, at::native::FillFunctor<int>, std::array<char*, 1ul>)",1213,2850417256939711,2850417257137634,0,0,8,0,16,256,1,1,16777216,1,1
"KERNEL_DISPATCH","Agent 4",1,0,5908,1214,214,"gemm_kernel_v2",1214,2850417257147554,2850417258982616,0,0,68,4,32,512,1,1,704512,1,1
"KERNEL_DISPATCH","Agent 4",1,0,5908,1215,120,"void at::native::vectorized_elementwise_kernel<4, at::native::FillFunctor<int>, std::array<char*, 1ul> >(int, at::native::FillFunctor<int>, std::array<char*, 1ul>)",1215,2850417258991896,2850417259192218,0,0,8,0,16,256,1,1,16777216,1,1
"KERNEL_DISPATCH","Agent 4",1,0,5908,1216,214,"gemm_kernel_v2",1216,2850417259201978,2850417261021840,0,0,68,4,32,512,1,1,704512,1,1
"KERNEL_DISPATCH","Agent 4",1,0,5908,1217,120,"void at::native::vectorized_elementwise_kernel<4, at::native::FillFunctor<int>, std::array<char*, 1ul> >(int, at::native::FillFunctor<int>, std::array<char*, 1ul>)",1217,2850417261031120,2850417261230322,0,0,8,0,16,256,1,1,16777216,1,1
"KERNEL_DISPATCH","Agent 4",1,0,5908,1218,214,"gemm_kernel_v2",1218,2850417261240082,2850417263067304,0,0,68,4,32,512,1,1,704512,1,1
"KERNEL_DISPATCH","Agent 4",1,0,5908,1219,120,"void at::native::vectorized_elementwise_kernel<4, at::native::FillFunctor<int>, std::array<char*, 1ul> >(int, at::native::FillFunctor<int>, std::array<char*, 1ul>)",1219,2850417263076584,2850417263276266,0,0,8,0,16,256,1,1,16777216,1,1
"KERNEL_DISPATCH","Agent 4",1,0,5908,1220,214,"gemm_kernel_v2",1220,2850417263285866,2850417265113408,0,0,68,4,32,512,1,1,704512,1,1
"KERNEL_DISPATCH","Agent 4",1,0,5908,1221,120,"void at::native::vectorized_elementwise_kernel<4, at::native::FillFunctor<int>, std::array<char*, 1ul> >(int, at::native::FillFunctor<int>, std::array<char*, 1ul>)",1221,2850417265122688,2850417265320770,0,0,8,0,16,256,1,1,16777216,1,1
"KERNEL_DISPATCH","Agent 4",1,0,5908,1222,214,"gemm_kernel_v2",1222,2850417265330371,2850417267146712,0,0,68,4,32,512,1,1,704512,1,1
"KERNEL_DISPATCH","Agent 4",1,0,5908,1223,120,"void at::native::vectorized_elementwise_kernel<4, at::native::FillFunctor<int>, std::array<char*, 1ul> >(int, at::native::FillFunctor<int>, std::array<char*, 1ul>)",1223,2850417267155992,2850417267360955,0,0,8,0,16,256,1,1,16777216,1,1
"KERNEL_DISPATCH","Agent 4",1,0,5908,1224,214,"gemm_kernel_v2",1224,2850417267370395,2850417269202096,0,0,68,4,32,512,1,1,704512,1,1
"KERNEL_DISPATCH","Agent 4",1,0,5908,1225,120,"void at::native::vectorized_elementwise_kernel<4, at::native::FillFunctor<int>, std::array<char*, 1ul> >(int, at::native::FillFunctor<int>, std::array<char*, 1ul>)",1225,2850417269211216,2850417269409299,0,0,8,0,16,256,1,1,16777216,1,1
"KERNEL_DISPATCH","Agent 4",1,0,5908,1226,214,"gemm_kernel_v2",1226,2850417269419059,2850417271251080,0,0,68,4,32,512,1,1,704512,1,1
"KERNEL_DISPATCH","Agent 4",1,0,5908,1227,120,"void at::native::vectorized_elementwise_kernel<4, at::native::FillFunctor<int>, std::array<char*, 1ul> >(int, at::native::FillFunctor<int>, std::array<char*, 1ul>)",1227,2850417271260201,2850417271458763,0,0,8,0,16,256,1,1,16777216,1,1
"KERNEL_DISPATCH","Agent 4",1,0,5908,1228,214,"gemm_kernel_v2",1228,2850417271468523,2850417273296385,0,0,68,4,32,512,1,1,704512,1,1
"KERNEL_DISPATCH","Agent 4",1,0,5908,1229,120,"void at::native::vectorized_elementwise_kernel<4, at::native::FillFunctor<int>, std::array<char*, 1ul> >(int, at::native::FillFunctor<int>, std::array<char*, 1ul>)",1229,2850417273305505,2850417273505347,0,0,8,0,16,256,1,1,16777216,1,1
"KERNEL_DISPATCH","Agent 4",1,0,5908,1230,214,"gemm_kernel_v2",1230,2850417273515267,2850417275335129,0,0,68,4,32,512,1,1,704512,1,1
"KERNEL_DISPATCH","Agent 4",1,0,5908,1231,120,"void at::native::vectorized_elementwise_kernel<4, at::native::FillFunctor<int>, std::array<char*, 1ul> >(int, at::native::FillFunctor<int>, std::array<char*, 1ul>)",1231,2850417275344249,2850417275548891,0,0,8,0,16,256,1,1,16777216,1,1
"KERNEL_DISPATCH","Agent 4",1,0,5908,1232,214,"gemm_kernel_v2",1232,2850417275558651,2850417277382993,0,0,68,4,32,512,1,1,704512,1,1
"KERNEL_DISPATCH","Agent 4",1,0,5908,1233,120,"void at::native::vectorized_elementwise_kernel<4, at::native::FillFunctor<int>, std::array<char*, 1ul> >(int, at::native::FillFunctor<int>, std::array<char*, 1ul>)",1233,2850417277392113,2850417277594035,0,0,8,0,16,256,1,1,16777216,1,1
"KERNEL_DISPATCH","Agent 4",1,0,5908,1234,214,"gemm_kernel_v2",1234,2850417277603636,2850417279428137,0,0,68,4,32,512,1,1,704512,1,1
"KERNEL_DISPATCH","Agent 4",1,0,5908,1235,120,"void at::native::vectorized_elementwise_kernel<4, at::native::FillFunctor<int>, std::array<char*, 1ul> >(int, at::native::FillFunctor<int>, std::array<char*, 1ul>)",1235,2850417279437097,2850417279637740,0,0,8,0,16,256,1,1,16777216,1,1
"KERNEL_DISPATCH","Agent 4",1,0,5908,1236,214,"gemm_kernel_v2",1236,2850417279647180,2850417281470721,0,0,68,4,32,512,1,1,704512,1,1
"KERNEL_DISPATCH","Agent 4",1,0,5908,1237,120,"void at::native::vectorized_elementwise_kernel<4, at::native::FillFunctor<int>, std::array<char*, 1ul> >(int, at::native::FillFunctor<int>, std::array<char*, 1ul>)",1237,2850417281480001,2850417281678564,0,0,8,0,16,256,1,1,16777216,1,1
"KERNEL_DISPATCH","Agent 4",1,0,5908,1238,214,"gemm_kernel_v2",1238,2850417281688164,2850417283508985,0,0,68,4,32,512,1,1,704512,1,1
"KERNEL_DISPATCH","Agent 4",1,0,5908,1239,120,"void at::native::vectorized_elementwise_kernel<4, at::native::FillFunctor<int>, std::array<char*, 1ul> >(int, at::native::FillFunctor<int>, std::array<char*, 1ul>)",1239,2850417283518265,2850417283716028,0,0,8,0,16,256,1,1,16777216,1,1
"KERNEL_DISPATCH","Agent 4",1,0,5908,1240,214,"gemm_kernel_v2",1240,2850417283725788,2850417285549489,0,0,68,4,32,512,1,1,704512,1,1
"KERNEL_DISPATCH","Agent 4",1,0,5908,1241,120,"void at::native::vectorized_elementwise_kernel<4, at::native::FillFunctor<int>, std::array<char*, 1ul> >(int, at::native::FillFunctor<int>, std::array<char*, 1ul>)",1241,2850417285558609,2850417285761012,0,0,8,0,16,256,1,1,16777216,1,1
"KERNEL_DISPATCH","Agent 4",1,0,5908,1242,214,"gemm_kernel_v2",1242,2850417285770772,2850417287596394,0,0,68,4,32,512,1,1,704512,1,1
"KERNEL_DISPATCH","Agent 4",1,0,5908,1243,120,"void at::native::vectorized_elementwise_kernel<4, at::native::FillFunctor<int>, std::array<char*, 1ul> >(int, at::native::FillFunctor<int>, std::array<char*, 1ul>)",1243,2850417287605994,2850417287805036,0,0,8,0,16,256,1,1,16777216,1,1
"KERNEL_DISPATCH","Agent 4",1,0,5908,1244,214,"gemm_kernel_v2",1244,2850417287814796,2850417289633698,0,0,68,4,32,512,1,1,704512,1,1
"KERNEL_DISPATCH","Agent 4",1,0,5908,1245,120,"void at::native::vectorized_elementwise_kernel<4, at::native::FillFunctor<int>, std::array<char*, 1ul> >(int, at::native::FillFunctor<int>, std::array<char*, 1ul>)",1245,2850417289642818,2850417289839940,0,0,8,0,16,256,1,1,16777216,1,1
"KERNEL_DISPATCH","Agent 4",1,0,5908,1246,214,"gemm_kernel_v2",1246,2850417289850180,2850417291668602,0,0,68,4,32,512,1,1,704512,1,1
"KERNEL_DISPATCH","Agent 4",1,0,5908,1247,120,"void at::native::vectorized_elementwise_kernel<4, at::native::FillFunctor<int>, std::array<char*, 1ul> >(int, at::native::FillFunctor<int>, std::array<char*, 1ul>)",1247,2850417291677882,2850417291878364,0,0,8,0,16,256,1,1,16777216,1,1
"KERNEL_DISPATCH","Agent 4",1,0,5908,1248,214,"gemm_kernel_v2",1248,2850417291887804,2850417293712786,0,0,68,4,32,512,1,1,704512,1,1
"KERNEL_DISPATCH","Agent 4",1,0,5908,1249,120,"void at::native::vectorized_elementwise_kernel<4, at::native::FillFunctor<int>, std::array<char*, 1ul> >(int, at::native::FillFunctor<int>, std::array<char*, 1ul>)",1249,2850417293721906,2850417293918068,0,0,8,0,16,256,1,1,16777216,1,1
"KERNEL_DISPATCH","Agent 4",1,0,5908,1250,214,"gemm_kernel_v2",1250,2850417293927668,2850417295757130,0,0,68,4,32,512,1,1,704512,1,1
"KERNEL_DISPATCH","Agent 4",1,0,5908,1251,215,"gemm_kernel_v2",1251,2850417300623427,2850417302535610,0,0,104,64,48,256,1,1,352256,1,1
"KERNEL_DISPATCH","Agent 4",1,0,5908,1252,120,"void at::native::vectorized_elementwise_kernel<4, at::native::FillFunctor<int>, std::array<char*, 1ul> >(int, at::native::FillFunctor<int>, std::array<char*, 1ul>)",1252,2850417302613691,2850417302814973,0,0,8,0,16,256,1,1,16777216,1,1
"KERNEL_DISPATCH","Agent 4",1,0,5908,1253,215,"gemm_kernel_v2",1253,2850417302814973,2850417304714356,0,0,104,64,48,256,1,1,352256,1,1
"KERNEL_DISPATCH","Agent 4",1,0,5908,1254,120,"void at::native::vectorized_elementwise_kernel<4, at::native::FillFunctor<int>, std::array<char*, 1ul> >(int, at::native::FillFunctor<int>, std::array<char*, 1ul>)",1254,2850417304714356,2850417304918518,0,0,8,0,16,256,1,1,16777216,1,1
"KERNEL_DISPATCH","Agent 4",1,0,5908,1255,215,"gemm_kernel_v2",1255,2850417304918518,2850417306810221,0,0,104,64,48,256,1,1,352256,1,1
"KERNEL_DISPATCH","Agent 4",1,0,5908,1256,120,"void at::native::vectorized_elementwise_kernel<4, at::native::FillFunctor<int>, std::array<char*, 1ul> >(int, at::native::FillFunctor<int>, std::array<char*, 1ul>)",1256,2850417306810221,2850417307012463,0,0,8,0,16,256,1,1,16777216,1,1
"KERNEL_DISPATCH","Agent 4",1,0,5908,1257,215,"gemm_kernel_v2",1257,2850417307012463,2850417308918565,0,0,104,64,48,256,1,1,352256,1,1
"KERNEL_DISPATCH","Agent 4",1,0,5908,1258,120,"void at::native::vectorized_elementwise_kernel<4, at::native::FillFunctor<int>, std::array<char*, 1ul> >(int, at::native::FillFunctor<int>, std::array<char*, 1ul>)",1258,2850417308918565,2850417309120168,0,0,8,0,16,256,1,1,16777216,1,1
"KERNEL_DISPATCH","Agent 4",1,0,5908,1259,215,"gemm_kernel_v2",1259,2850417309120168,2850417311014910,0,0,104,64,48,256,1,1,352256,1,1
"KERNEL_DISPATCH","Agent 4",1,0,5908,1260,120,"void at::native::vectorized_elementwise_kernel<4, at::native::FillFunctor<int>, std::array<char*, 1ul> >(int, at::native::FillFunctor<int>, std::array<char*, 1ul>)",1260,2850417311014910,2850417311220673,0,0,8,0,16,256,1,1,16777216,1,1
"KERNEL_DISPATCH","Agent 4",1,0,5908,1261,215,"gemm_kernel_v2",1261,2850417311220673,2850417313114775,0,0,104,64,48,256,1,1,352256,1,1
"KERNEL_DISPATCH","Agent 4",1,0,5908,1262,215,"gemm_kernel_v2",1262,2850417313273846,2850417315176748,0,0,104,64,48,256,1,1,352256,1,1
"KERNEL_DISPATCH","Agent 4",1,0,5908,1263,215,"gemm_kernel_v2",1263,2850417315176748,2850417317073410,0,0,104,64,48,256,1,1,352256,1,1
"KERNEL_DISPATCH","Agent 4",1,0,5908,1264,215,"gemm_kernel_v2",1264,2850417317073410,2850417318968152,0,0,104,64,48,256,1,1,352256,1,1
"KERNEL_DISPATCH","Agent 4",1,0,5908,1265,215,"gemm_kernel_v2",1265,2850417318968152,2850417320861775,0,0,104,64,48,256,1,1,352256,1,1
"KERNEL_DISPATCH","Agent 4",1,0,5908,1266,215,"gemm_kernel_v2",1266,2850417320861775,2850417322752997,0,0,104,64,48,256,1,1,352256,1,1
"KERNEL_DISPATCH","Agent 4",1,0,5908,1267,215,"gemm_kernel_v2",1267,2850417322752997,2850417324650299,0,0,104,64,48,256,1,1,352256,1,1
"KERNEL_DISPATCH","Agent 4",1,0,5908,1268,215,"gemm_kernel_v2",1268,2850417324650299,2850417326552882,0,0,104,64,48,256,1,1,352256,1,1
"KERNEL_DISPATCH","Agent 4",1,0,5908,1269,215,"gemm_kernel_v2",1269,2850417326552882,2850417328458344,0,0,104,64,48,256,1,1,352256,1,1
"KERNEL_DISPATCH","Agent 4",1,0,5908,1270,215,"gemm_kernel_v2",1270,2850417328458344,2850417330354047,0,0,104,64,48,256,1,1,352256,1,1
"KERNEL_DISPATCH","Agent 4",1,0,5908,1271,215,"gemm_kernel_v2",1271,2850417330354047,2850417332251829,0,0,104,64,48,256,1,1,352256,1,1
"KERNEL_DISPATCH","Agent 4",1,0,5908,1272,215,"gemm_kernel_v2",1272,2850417332251829,2850417334150092,0,0,104,64,48,256,1,1,352256,1,1
"KERNEL_DISPATCH","Agent 4",1,0,5908,1273,120,"void at::native::vectorized_elementwise_kernel<4, at::native::FillFunctor<int>, std::array<char*, 1ul> >(int, at::native::FillFunctor<int>, std::array<char*, 1ul>)",1273,2850417334150092,2850417334352494,0,0,8,0,16,256,1,1,16777216,1,1
"KERNEL_DISPATCH","Agent 4",1,0,5908,1274,215,"gemm_kernel_v2",1274,2850417334363854,2850417336261317,0,0,104,64,48,256,1,1,352256,1,1
"KERNEL_DISPATCH","Agent 4",1,0,5908,1275,120,"void at::native::vectorized_elementwise_kernel<4, at::native::FillFunctor<int>, std::array<char*, 1ul> >(int, at::native::FillFunctor<int>, std::array<char*, 1ul>)",1275,2850417336270437,2850417336473159,0,0,8,0,16,256,1,1,16777216,1,1
"KERNEL_DISPATCH","Agent 4",1,0,5908,1276,215,"gemm_kernel_v2",1276,2850417336482759,2850417338381662,0,0,104,64,48,256,1,1,352256,1,1
"KERNEL_DISPATCH","Agent 4",1,0,5908,1277,120,"void at::native::vectorized_elementwise_kernel<4, at::native::FillFunctor<int>, std::array<char*, 1ul> >(int, at::native::FillFunctor<int>, std::array<char*, 1ul>)",1277,2850417338390782,2850417338589184,0,0,8,0,16,256,1,1,16777216,1,1
"KERNEL_DISPATCH","Agent 4",1,0,5908,1278,215,"gemm_kernel_v2",1278,2850417338598784,2850417340503447,0,0,104,64,48,256,1,1,352256,1,1
"KERNEL_DISPATCH","Agent 4",1,0,5908,1279,120,"void at::native::vectorized_elementwise_kernel<4, at::native::FillFunctor<int>, std::array<char*, 1ul> >(int, at::native::FillFunctor<int>, std::array<char*, 1ul>)",1279,2850417340512407,2850417340712729,0,0,8,0,16,256,1,1,16777216,1,1
"KERNEL_DISPATCH","Agent 4",1,0,5908,1280,215,"gemm_kernel_v2",1280,2850417340722009,2850417342618512,0,0,104,64,48,256,1,1,352256,1,1
"KERNEL_DISPATCH","Agent 4",1,0,5908,1281,120,"void at::native::vectorized_elementwise_kernel<4, at::native::FillFunctor<int>, std::array<char*, 1ul> >(int, at::native::FillFunctor<int>, std::array<char*, 1ul>)",1281,2850417342627632,2850417342830514,0,0,8,0,16,256,1,1,16777216,1,1
"KERNEL_DISPATCH","Agent 4",1,0,5908,1282,215,"gemm_kernel_v2",1282,2850417342840434,2850417344750537,0,0,104,64,48,256,1,1,352256,1,1
"KERNEL_DISPATCH","Agent 4",1,0,5908,1283,120,"void at::native::vectorized_elementwise_kernel<4, at::native::FillFunctor<int>, std::array<char*, 1ul> >(int, at::native::FillFunctor<int>, std::array<char*, 1ul>)",1283,2850417344759977,2850417344958219,0,0,8,0,16,256,1,1,16777216,1,1
"KERNEL_DISPATCH","Agent 4",1,0,5908,1284,215,"gemm_kernel_v2",1284,2850417344967980,2850417346878402,0,0,104,64,48,256,1,1,352256,1,1
"KERNEL_DISPATCH","Agent 4",1,0,5908,1285,120,"void at::native::vectorized_elementwise_kernel<4, at::native::FillFunctor<int>, std::array<char*, 1ul> >(int, at::native::FillFunctor<int>, std::array<char*, 1ul>)",1285,2850417346887522,2850417347093285,0,0,8,0,16,256,1,1,16777216,1,1
"KERNEL_DISPATCH","Agent 4",1,0,5908,1286,215,"gemm_kernel_v2",1286,2850417347102885,2850417349014267,0,0,104,64,48,256,1,1,352256,1,1
"KERNEL_DISPATCH","Agent 4",1,0,5908,1287,120,"void at::native::vectorized_elementwise_kernel<4, at::native::FillFunctor<int>, std::array<char*, 1ul> >(int, at::native::FillFunctor<int>, std::array<char*, 1ul>)",1287,2850417349023387,2850417349224990,0,0,8,0,16,256,1,1,16777216,1,1
"KERNEL_DISPATCH","Agent 4",1,0,5908,1288,215,"gemm_kernel_v2",1288,2850417349234910,2850417351128372,0,0,104,64,48,256,1,1,352256,1,1
"KERNEL_DISPATCH","Agent 4",1,0,5908,1289,120,"void at::native::vectorized_elementwise_kernel<4, at::native::FillFunctor<int>, std::array<char*, 1ul> >(int, at::native::FillFunctor<int>, std::array<char*, 1ul>)",1289,2850417351137492,2850417351338615,0,0,8,0,16,256,1,1,16777216,1,1
"KERNEL_DISPATCH","Agent 4",1,0,5908,1290,215,"gemm_kernel_v2",1290,2850417351348375,2850417353242317,0,0,104,64,48,256,1,1,352256,1,1
"KERNEL_DISPATCH","Agent 4",1,0,5908,1291,120,"void at::native::vectorized_elementwise_kernel<4, at::native::FillFunctor<int>, std::array<char*, 1ul> >(int, at::native::FillFunctor<int>, std::array<char*, 1ul>)",1291,2850417353251597,2850417353454640,0,0,8,0,16,256,1,1,16777216,1,1
"KERNEL_DISPATCH","Agent 4",1,0,5908,1292,215,"gemm_kernel_v2",1292,2850417353464560,2850417355358662,0,0,104,64,48,256,1,1,352256,1,1
"KERNEL_DISPATCH","Agent 4",1,0,5908,1293,120,"void at::native::vectorized_elementwise_kernel<4, at::native::FillFunctor<int>, std::array<char*, 1ul> >(int, at::native::FillFunctor<int>, std::array<char*, 1ul>)",1293,2850417355367782,2850417355570665,0,0,8,0,16,256,1,1,16777216,1,1
"KERNEL_DISPATCH","Agent 4",1,0,5908,1294,215,"gemm_kernel_v2",1294,2850417355580425,2850417357476927,0,0,104,64,48,256,1,1,352256,1,1
"KERNEL_DISPATCH","Agent 4",1,0,5908,1295,120,"void at::native::vectorized_elementwise_kernel<4, at::native::FillFunctor<int>, std::array<char*, 1ul> >(int, at::native::FillFunctor<int>, std::array<char*, 1ul>)",1295,2850417357486207,2850417357687330,0,0,8,0,16,256,1,1,16777216,1,1
"KERNEL_DISPATCH","Agent 4",1,0,5908,1296,215,"gemm_kernel_v2",1296,2850417357696930,2850417359591672,0,0,104,64,48,256,1,1,352256,1,1
"KERNEL_DISPATCH","Agent 4",1,0,5908,1297,120,"void at::native::vectorized_elementwise_kernel<4, at::native::FillFunctor<int>, std::array<char*, 1ul> >(int, at::native::FillFunctor<int>, std::array<char*, 1ul>)",1297,2850417359600632,2850417359802075,0,0,8,0,16,256,1,1,16777216,1,1
"KERNEL_DISPATCH","Agent 4",1,0,5908,1298,215,"gemm_kernel_v2",1298,2850417359811835,2850417361705297,0,0,104,64,48,256,1,1,352256,1,1
"KERNEL_DISPATCH","Agent 4",1,0,5908,1299,120,"void at::native::vectorized_elementwise_kernel<4, at::native::FillFunctor<int>, std::array<char*, 1ul> >(int, at::native::FillFunctor<int>, std::array<char*, 1ul>)",1299,2850417361714577,2850417361918420,0,0,8,0,16,256,1,1,16777216,1,1
"KERNEL_DISPATCH","Agent 4",1,0,5908,1300,215,"gemm_kernel_v2",1300,2850417361928340,2850417363823722,0,0,104,64,48,256,1,1,352256,1,1
"KERNEL_DISPATCH","Agent 4",1,0,5908,1301,120,"void at::native::vectorized_elementwise_kernel<4, at::native::FillFunctor<int>, std::array<char*, 1ul> >(int, at::native::FillFunctor<int>, std::array<char*, 1ul>)",1301,2850417363833482,2850417364035405,0,0,8,0,16,256,1,1,16777216,1,1
"KERNEL_DISPATCH","Agent 4",1,0,5908,1302,215,"gemm_kernel_v2",1302,2850417364046125,2850417365938947,0,0,104,64,48,256,1,1,352256,1,1
"KERNEL_DISPATCH","Agent 4",1,0,5908,1303,120,"void at::native::vectorized_elementwise_kernel<4, at::native::FillFunctor<int>, std::array<char*, 1ul> >(int, at::native::FillFunctor<int>, std::array<char*, 1ul>)",1303,2850417365948067,2850417366153510,0,0,8,0,16,256,1,1,16777216,1,1
"KERNEL_DISPATCH","Agent 4",1,0,5908,1304,215,"gemm_kernel_v2",1304,2850417366163430,2850417368057532,0,0,104,64,48,256,1,1,352256,1,1
"KERNEL_DISPATCH","Agent 4",1,0,5908,1305,120,"void at::native::vectorized_elementwise_kernel<4, at::native::FillFunctor<int>, std::array<char*, 1ul> >(int, at::native::FillFunctor<int>, std::array<char*, 1ul>)",1305,2850417368066493,2850417368268415,0,0,8,0,16,256,1,1,16777216,1,1
"KERNEL_DISPATCH","Agent 4",1,0,5908,1306,215,"gemm_kernel_v2",1306,2850417368278175,2850417370176597,0,0,104,64,48,256,1,1,352256,1,1
"KERNEL_DISPATCH","Agent 4",1,0,5908,1307,120,"void at::native::vectorized_elementwise_kernel<4, at::native::FillFunctor<int>, std::array<char*, 1ul> >(int, at::native::FillFunctor<int>, std::array<char*, 1ul>)",1307,2850417370185878,2850417370387160,0,0,8,0,16,256,1,1,16777216,1,1
"KERNEL_DISPATCH","Agent 4",1,0,5908,1308,215,"gemm_kernel_v2",1308,2850417370396760,2850417372290702,0,0,104,64,48,256,1,1,352256,1,1
"KERNEL_DISPATCH","Agent 4",1,0,5908,1309,120,"void at::native::vectorized_elementwise_kernel<4, at::native::FillFunctor<int>, std::array<char*, 1ul> >(int, at::native::FillFunctor<int>, std::array<char*, 1ul>)",1309,2850417372300143,2850417372502065,0,0,8,0,16,256,1,1,16777216,1,1
"KERNEL_DISPATCH","Agent 4",1,0,5908,1310,215,"gemm_kernel_v2",1310,2850417372511665,2850417374407047,0,0,104,64,48,256,1,1,352256,1,1
"KERNEL_DISPATCH","Agent 4",1,0,5908,1311,120,"void at::native::vectorized_elementwise_kernel<4, at::native::FillFunctor<int>, std::array<char*, 1ul> >(int, at::native::FillFunctor<int>, std::array<char*, 1ul>)",1311,2850417374416488,2850417374620650,0,0,8,0,16,256,1,1,16777216,1,1
"KERNEL_DISPATCH","Agent 4",1,0,5908,1312,215,"gemm_kernel_v2",1312,2850417374631690,2850417376530753,0,0,104,64,48,256,1,1,352256,1,1
"KERNEL_DISPATCH","Agent 4",1,0,5908,1313,120,"void at::native::vectorized_elementwise_kernel<4, at::native::FillFunctor<int>, std::array<char*, 1ul> >(int, at::native::FillFunctor<int>, std::array<char*, 1ul>)",1313,2850417376540033,2850417376740675,0,0,8,0,16,256,1,1,16777216,1,1
"KERNEL_DISPATCH","Agent 4",1,0,5908,1314,215,"gemm_kernel_v2",1314,2850417376750384,2850417378646726,0,0,104,64,48,256,1,1,352256,1,1
"KERNEL_DISPATCH","Agent 4",1,0,5908,1315,120,"void at::native::vectorized_elementwise_kernel<4, at::native::FillFunctor<int>, std::array<char*, 1ul> >(int, at::native::FillFunctor<int>, std::array<char*, 1ul>)",1315,2850417378656006,2850417378854408,0,0,8,0,16,256,1,1,16777216,1,1
"KERNEL_DISPATCH","Agent 4",1,0,5908,1316,215,"gemm_kernel_v2",1316,2850417378864008,2850417380775231,0,0,104,64,48,256,1,1,352256,1,1
"KERNEL_DISPATCH","Agent 4",1,0,5908,1317,120,"void at::native::vectorized_elementwise_kernel<4, at::native::FillFunctor<int>, std::array<char*, 1ul> >(int, at::native::FillFunctor<int>, std::array<char*, 1ul>)",1317,2850417380784351,2850417380986433,0,0,8,0,16,256,1,1,16777216,1,1
"KERNEL_DISPATCH","Agent 4",1,0,5908,1318,215,"gemm_kernel_v2",1318,2850417380996033,2850417382894456,0,0,104,64,48,256,1,1,352256,1,1
"KERNEL_DISPATCH","Agent 4",1,0,5908,1319,120,"void at::native::vectorized_elementwise_kernel<4, at::native::FillFunctor<int>, std::array<char*, 1ul> >(int, at::native::FillFunctor<int>, std::array<char*, 1ul>)",1319,2850417382903736,2850417383104698,0,0,8,0,16,256,1,1,16777216,1,1
"KERNEL_DISPATCH","Agent 4",1,0,5908,1320,215,"gemm_kernel_v2",1320,2850417383114298,2850417385011121,0,0,104,64,48,256,1,1,352256,1,1
"KERNEL_DISPATCH","Agent 4",1,0,5908,1321,120,"void at::native::vectorized_elementwise_kernel<4, at::native::FillFunctor<int>, std::array<char*, 1ul> >(int, at::native::FillFunctor<int>, std::array<char*, 1ul>)",1321,2850417385020081,2850417385220403,0,0,8,0,16,256,1,1,16777216,1,1
"KERNEL_DISPATCH","Agent 4",1,0,5908,1322,215,"gemm_kernel_v2",1322,2850417385230163,2850417387125226,0,0,104,64,48,256,1,1,352256,1,1
"KERNEL_DISPATCH","Agent 4",1,0,5908,1323,120,"void at::native::vectorized_elementwise_kernel<4, at::native::FillFunctor<int>, std::array<char*, 1ul> >(int, at::native::FillFunctor<int>, std::array<char*, 1ul>)",1323,2850417387134506,2850417387336268,0,0,8,0,16,256,1,1,16777216,1,1
"KERNEL_DISPATCH","Agent 4",1,0,5908,1324,215,"gemm_kernel_v2",1324,2850417387345868,2850417389241091,0,0,104,64,48,256,1,1,352256,1,1
"KERNEL_DISPATCH","Agent 4",1,0,5908,1325,120,"void at::native::vectorized_elementwise_kernel<4, at::native::FillFunctor<int>, std::array<char*, 1ul> >(int, at::native::FillFunctor<int>, std::array<char*, 1ul>)",1325,2850417389250371,2850417389452613,0,0,8,0,16,256,1,1,16777216,1,1
"KERNEL_DISPATCH","Agent 4",1,0,5908,1326,215,"gemm_kernel_v2",1326,2850417389462373,2850417391357115,0,0,104,64,48,256,1,1,352256,1,1
"KERNEL_DISPATCH","Agent 4",1,0,5908,1327,120,"void at::native::vectorized_elementwise_kernel<4, at::native::FillFunctor<int>, std::array<char*, 1ul> >(int, at::native::FillFunctor<int>, std::array<char*, 1ul>)",1327,2850417391366236,2850417391566398,0,0,8,0,16,256,1,1,16777216,1,1
"KERNEL_DISPATCH","Agent 4",1,0,5908,1328,215,"gemm_kernel_v2",1328,2850417391575998,2850417393471060,0,0,104,64,48,256,1,1,352256,1,1
"KERNEL_DISPATCH","Agent 4",1,0,5908,1329,120,"void at::native::vectorized_elementwise_kernel<4, at::native::FillFunctor<int>, std::array<char*, 1ul> >(int, at::native::FillFunctor<int>, std::array<char*, 1ul>)",1329,2850417393480181,2850417393685623,0,0,8,0,16,256,1,1,16777216,1,1
"KERNEL_DISPATCH","Agent 4",1,0,5908,1330,215,"gemm_kernel_v2",1330,2850417393695063,2850417395590285,0,0,104,64,48,256,1,1,352256,1,1
"KERNEL_DISPATCH","Agent 4",1,0,5908,1331,120,"void at::native::vectorized_elementwise_kernel<4, at::native::FillFunctor<int>, std::array<char*, 1ul> >(int, at::native::FillFunctor<int>, std::array<char*, 1ul>)",1331,2850417395599406,2850417395801488,0,0,8,0,16,256,1,1,16777216,1,1
"KERNEL_DISPATCH","Agent 4",1,0,5908,1332,215,"gemm_kernel_v2",1332,2850417395811248,2850417397720871,0,0,104,64,48,256,1,1,352256,1,1
"KERNEL_DISPATCH","Agent 4",1,0,5908,1333,120,"void at::native::vectorized_elementwise_kernel<4, at::native::FillFunctor<int>, std::array<char*, 1ul> >(int, at::native::FillFunctor<int>, std::array<char*, 1ul>)",1333,2850417397729991,2850417397929033,0,0,8,0,16,256,1,1,16777216,1,1
"KERNEL_DISPATCH","Agent 4",1,0,5908,1334,215,"gemm_kernel_v2",1334,2850417397938473,2850417399846816,0,0,104,64,48,256,1,1,352256,1,1
"KERNEL_DISPATCH","Agent 4",1,0,5908,1335,120,"void at::native::vectorized_elementwise_kernel<4, at::native::FillFunctor<int>, std::array<char*, 1ul> >(int, at::native::FillFunctor<int>, std::array<char*, 1ul>)",1335,2850417399855776,2850417400056258,0,0,8,0,16,256,1,1,16777216,1,1
"KERNEL_DISPATCH","Agent 4",1,0,5908,1336,215,"gemm_kernel_v2",1336,2850417400066018,2850417401975161,0,0,104,64,48,256,1,1,352256,1,1
"KERNEL_DISPATCH","Agent 4",1,0,5908,1337,120,"void at::native::vectorized_elementwise_kernel<4, at::native::FillFunctor<int>, std::array<char*, 1ul> >(int, at::native::FillFunctor<int>, std::array<char*, 1ul>)",1337,2850417401984281,2850417402182203,0,0,8,0,16,256,1,1,16777216,1,1
"KERNEL_DISPATCH","Agent 4",1,0,5908,1338,215,"gemm_kernel_v2",1338,2850417402191803,2850417404087666,0,0,104,64,48,256,1,1,352256,1,1
"KERNEL_DISPATCH","Agent 4",1,0,5908,1339,120,"void at::native::vectorized_elementwise_kernel<4, at::native::FillFunctor<int>, std::array<char*, 1ul> >(int, at::native::FillFunctor<int>, std::array<char*, 1ul>)",1339,2850417404096946,2850417404297108,0,0,8,0,16,256,1,1,16777216,1,1
"KERNEL_DISPATCH","Agent 4",1,0,5908,1340,215,"gemm_kernel_v2",1340,2850417404306868,2850417406204171,0,0,104,64,48,256,1,1,352256,1,1
"KERNEL_DISPATCH","Agent 4",1,0,5908,1341,120,"void at::native::vectorized_elementwise_kernel<4, at::native::FillFunctor<int>, std::array<char*, 1ul> >(int, at::native::FillFunctor<int>, std::array<char*, 1ul>)",1341,2850417406212971,2850417406412013,0,0,8,0,16,256,1,1,16777216,1,1
"KERNEL_DISPATCH","Agent 4",1,0,5908,1342,215,"gemm_kernel_v2",1342,2850417406421933,2850417408329476,0,0,104,64,48,256,1,1,352256,1,1
"KERNEL_DISPATCH","Agent 4",1,0,5908,1343,120,"void at::native::vectorized_elementwise_kernel<4, at::native::FillFunctor<int>, std::array<char*, 1ul> >(int, at::native::FillFunctor<int>, std::array<char*, 1ul>)",1343,2850417408339076,2850417408539718,0,0,8,0,16,256,1,1,16777216,1,1
"KERNEL_DISPATCH","Agent 4",1,0,5908,1344,215,"gemm_kernel_v2",1344,2850417408549158,2850417410453021,0,0,104,64,48,256,1,1,352256,1,1
"KERNEL_DISPATCH","Agent 4",1,0,5908,1345,120,"void at::native::vectorized_elementwise_kernel<4, at::native::FillFunctor<int>, std::array<char*, 1ul> >(int, at::native::FillFunctor<int>, std::array<char*, 1ul>)",1345,2850417410462941,2850417410666303,0,0,8,0,16,256,1,1,16777216,1,1
"KERNEL_DISPATCH","Agent 4",1,0,5908,1346,215,"gemm_kernel_v2",1346,2850417410675904,2850417412571126,0,0,104,64,48,256,1,1,352256,1,1
"KERNEL_DISPATCH","Agent 4",1,0,5908,1347,120,"void at::native::vectorized_elementwise_kernel<4, at::native::FillFunctor<int>, std::array<char*, 1ul> >(int, at::native::FillFunctor<int>, std::array<char*, 1ul>)",1347,2850417412580566,2850417412780888,0,0,8,0,16,256,1,1,16777216,1,1
"KERNEL_DISPATCH","Agent 4",1,0,5908,1348,215,"gemm_kernel_v2",1348,2850417412790489,2850417414681871,0,0,104,64,48,256,1,1,352256,1,1
"KERNEL_DISPATCH","Agent 4",1,0,5908,1349,120,"void at::native::vectorized_elementwise_kernel<4, at::native::FillFunctor<int>, std::array<char*, 1ul> >(int, at::native::FillFunctor<int>, std::array<char*, 1ul>)",1349,2850417414690831,2850417414891473,0,0,8,0,16,256,1,1,16777216,1,1
"KERNEL_DISPATCH","Agent 4",1,0,5908,1350,215,"gemm_kernel_v2",1350,2850417414900913,2850417416795176,0,0,104,64,48,256,1,1,352256,1,1
"KERNEL_DISPATCH","Agent 4",1,0,5908,1351,120,"void at::native::vectorized_elementwise_kernel<4, at::native::FillFunctor<int>, std::array<char*, 1ul> >(int, at::native::FillFunctor<int>, std::array<char*, 1ul>)",1351,2850417416804456,2850417417007178,0,0,8,0,16,256,1,1,16777216,1,1
"KERNEL_DISPATCH","Agent 4",1,0,5908,1352,215,"gemm_kernel_v2",1352,2850417417016618,2850417418916321,0,0,104,64,48,256,1,1,352256,1,1
"KERNEL_DISPATCH","Agent 4",1,0,5908,1353,120,"void at::native::vectorized_elementwise_kernel<4, at::native::FillFunctor<int>, std::array<char*, 1ul> >(int, at::native::FillFunctor<int>, std::array<char*, 1ul>)",1353,2850417418925441,2850417419130083,0,0,8,0,16,256,1,1,16777216,1,1
"KERNEL_DISPATCH","Agent 4",1,0,5908,1354,215,"gemm_kernel_v2",1354,2850417419139684,2850417421033306,0,0,104,64,48,256,1,1,352256,1,1
"KERNEL_DISPATCH","Agent 4",1,0,5908,1355,120,"void at::native::vectorized_elementwise_kernel<4, at::native::FillFunctor<int>, std::array<char*, 1ul> >(int, at::native::FillFunctor<int>, std::array<char*, 1ul>)",1355,2850417421042426,2850417421241788,0,0,8,0,16,256,1,1,16777216,1,1
"KERNEL_DISPATCH","Agent 4",1,0,5908,1356,215,"gemm_kernel_v2",1356,2850417421251708,2850417423150131,0,0,104,64,48,256,1,1,352256,1,1
"KERNEL_DISPATCH","Agent 4",1,0,5908,1357,120,"void at::native::vectorized_elementwise_kernel<4, at::native::FillFunctor<int>, std::array<char*, 1ul> >(int, at::native::FillFunctor<int>, std::array<char*, 1ul>)",1357,2850417423159251,2850417423359733,0,0,8,0,16,256,1,1,16777216,1,1
"KERNEL_DISPATCH","Agent 4",1,0,5908,1358,215,"gemm_kernel_v2",1358,2850417423369173,2850417425274636,0,0,104,64,48,256,1,1,352256,1,1
"KERNEL_DISPATCH","Agent 4",1,0,5908,1359,120,"void at::native::vectorized_elementwise_kernel<4, at::native::FillFunctor<int>, std::array<char*, 1ul> >(int, at::native::FillFunctor<int>, std::array<char*, 1ul>)",1359,2850417425283756,2850417425488878,0,0,8,0,16,256,1,1,16777216,1,1
"KERNEL_DISPATCH","Agent 4",1,0,5908,1360,215,"gemm_kernel_v2",1360,2850417425498799,2850417427404741,0,0,104,64,48,256,1,1,352256,1,1
"KERNEL_DISPATCH","Agent 4",1,0,5908,1361,120,"void at::native::vectorized_elementwise_kernel<4, at::native::FillFunctor<int>, std::array<char*, 1ul> >(int, at::native::FillFunctor<int>, std::array<char*, 1ul>)",1361,2850417427413861,2850417427616744,0,0,8,0,16,256,1,1,16777216,1,1
"KERNEL_DISPATCH","Agent 4",1,0,5908,1362,215,"gemm_kernel_v2",1362,2850417427626504,2850417429520286,0,0,104,64,48,256,1,1,352256,1,1
"KERNEL_DISPATCH","Agent 4",1,0,5908,1363,120,"void at::native::vectorized_elementwise_kernel<4, at::native::FillFunctor<int>, std::array<char*, 1ul> >(int, at::native::FillFunctor<int>, std::array<char*, 1ul>)",1363,2850417429529726,2850417429731969,0,0,8,0,16,256,1,1,16777216,1,1
"KERNEL_DISPATCH","Agent 4",1,0,5908,1364,215,"gemm_kernel_v2",1364,2850417429741889,2850417431636631,0,0,104,64,48,256,1,1,352256,1,1
"KERNEL_DISPATCH","Agent 4",1,0,5908,1365,120,"void at::native::vectorized_elementwise_kernel<4, at::native::FillFunctor<int>, std::array<char*, 1ul> >(int, at::native::FillFunctor<int>, std::array<char*, 1ul>)",1365,2850417431645751,2850417431843673,0,0,8,0,16,256,1,1,16777216,1,1
"KERNEL_DISPATCH","Agent 4",1,0,5908,1366,215,"gemm_kernel_v2",1366,2850417431853274,2850417433755856,0,0,104,64,48,256,1,1,352256,1,1
"KERNEL_DISPATCH","Agent 4",1,0,5908,1367,216,"gemm_kernel_v2",1367,2850417438725035,2850417440565536,0,0,84,4,48,512,1,1,704512,1,1
"KERNEL_DISPATCH","Agent 4",1,0,5908,1368,120,"void at::native::vectorized_elementwise_kernel<4, at::native::FillFunctor<int>, std::array<char*, 1ul> >(int, at::native::FillFunctor<int>, std::array<char*, 1ul>)",1368,2850417440644257,2850417440844580,0,0,8,0,16,256,1,1,16777216,1,1
"KERNEL_DISPATCH","Agent 4",1,0,5908,1369,216,"gemm_kernel_v2",1369,2850417440844711,2850417442685372,0,0,84,4,48,512,1,1,704512,1,1
"KERNEL_DISPATCH","Agent 4",1,0,5908,1370,120,"void at::native::vectorized_elementwise_kernel<4, at::native::FillFunctor<int>, std::array<char*, 1ul> >(int, at::native::FillFunctor<int>, std::array<char*, 1ul>)",1370,2850417442685372,2850417442889534,0,0,8,0,16,256,1,1,16777216,1,1
"KERNEL_DISPATCH","Agent 4",1,0,5908,1371,216,"gemm_kernel_v2",1371,2850417442889534,2850417444726196,0,0,84,4,48,512,1,1,704512,1,1
"KERNEL_DISPATCH","Agent 4",1,0,5908,1372,120,"void at::native::vectorized_elementwise_kernel<4, at::native::FillFunctor<int>, std::array<char*, 1ul> >(int, at::native::FillFunctor<int>, std::array<char*, 1ul>)",1372,2850417444726196,2850417444926358,0,0,8,0,16,256,1,1,16777216,1,1
"KERNEL_DISPATCH","Agent 4",1,0,5908,1373,216,"gemm_kernel_v2",1373,2850417444926358,2850417446761100,0,0,84,4,48,512,1,1,704512,1,1
"KERNEL_DISPATCH","Agent 4",1,0,5908,1374,120,"void at::native::vectorized_elementwise_kernel<4, at::native::FillFunctor<int>, std::array<char*, 1ul> >(int, at::native::FillFunctor<int>, std::array<char*, 1ul>)",1374,2850417446761100,2850417446963822,0,0,8,0,16,256,1,1,16777216,1,1
"KERNEL_DISPATCH","Agent 4",1,0,5908,1375,216,"gemm_kernel_v2",1375,2850417446963822,2850417448804004,0,0,84,4,48,512,1,1,704512,1,1
"KERNEL_DISPATCH","Agent 4",1,0,5908,1376,120,"void at::native::vectorized_elementwise_kernel<4, at::native::FillFunctor<int>, std::array<char*, 1ul> >(int, at::native::FillFunctor<int>, std::array<char*, 1ul>)",1376,2850417448804004,2850417449009286,0,0,8,0,16,256,1,1,16777216,1,1
"KERNEL_DISPATCH","Agent 4",1,0,5908,1377,216,"gemm_kernel_v2",1377,2850417449009286,2850417450854908,0,0,84,4,48,512,1,1,704512,1,1
"KERNEL_DISPATCH","Agent 4",1,0,5908,1378,216,"gemm_kernel_v2",1378,2850417451069791,2850417452913013,0,0,84,4,48,512,1,1,704512,1,1
"KERNEL_DISPATCH","Agent 4",1,0,5908,1379,216,"gemm_kernel_v2",1379,2850417452913013,2850417454749514,0,0,84,4,48,512,1,1,704512,1,1
"KERNEL_DISPATCH","Agent 4",1,0,5908,1380,216,"gemm_kernel_v2",1380,2850417454749514,2850417456586176,0,0,84,4,48,512,1,1,704512,1,1
"KERNEL_DISPATCH","Agent 4",1,0,5908,1381,216,"gemm_kernel_v2",1381,2850417456586176,2850417458427318,0,0,84,4,48,512,1,1,704512,1,1
"KERNEL_DISPATCH","Agent 4",1,0,5908,1382,216,"gemm_kernel_v2",1382,2850417458427318,2850417460270380,0,0,84,4,48,512,1,1,704512,1,1
"KERNEL_DISPATCH","Agent 4",1,0,5908,1383,216,"gemm_kernel_v2",1383,2850417460270380,2850417462108641,0,0,84,4,48,512,1,1,704512,1,1
"KERNEL_DISPATCH","Agent 4",1,0,5908,1384,216,"gemm_kernel_v2",1384,2850417462108641,2850417463951863,0,0,84,4,48,512,1,1,704512,1,1
"KERNEL_DISPATCH","Agent 4",1,0,5908,1385,216,"gemm_kernel_v2",1385,2850417463951863,2850417465796045,0,0,84,4,48,512,1,1,704512,1,1
"KERNEL_DISPATCH","Agent 4",1,0,5908,1386,216,"gemm_kernel_v2",1386,2850417465796045,2850417467631907,0,0,84,4,48,512,1,1,704512,1,1
"KERNEL_DISPATCH","Agent 4",1,0,5908,1387,216,"gemm_kernel_v2",1387,2850417467631907,2850417469470008,0,0,84,4,48,512,1,1,704512,1,1
"KERNEL_DISPATCH","Agent 4",1,0,5908,1388,216,"gemm_kernel_v2",1388,2850417469470008,2850417471309230,0,0,84,4,48,512,1,1,704512,1,1
"KERNEL_DISPATCH","Agent 4",1,0,5908,1389,216,"gemm_kernel_v2",1389,2850417471309230,2850417473146532,0,0,84,4,48,512,1,1,704512,1,1
"KERNEL_DISPATCH","Agent 4",1,0,5908,1390,120,"void at::native::vectorized_elementwise_kernel<4, at::native::FillFunctor<int>, std::array<char*, 1ul> >(int, at::native::FillFunctor<int>, std::array<char*, 1ul>)",1390,2850417473146532,2850417473352774,0,0,8,0,16,256,1,1,16777216,1,1
"KERNEL_DISPATCH","Agent 4",1,0,5908,1391,216,"gemm_kernel_v2",1391,2850417473363815,2850417475203516,0,0,84,4,48,512,1,1,704512,1,1
"KERNEL_DISPATCH","Agent 4",1,0,5908,1392,120,"void at::native::vectorized_elementwise_kernel<4, at::native::FillFunctor<int>, std::array<char*, 1ul> >(int, at::native::FillFunctor<int>, std::array<char*, 1ul>)",1392,2850417475212476,2850417475411039,0,0,8,0,16,256,1,1,16777216,1,1
"KERNEL_DISPATCH","Agent 4",1,0,5908,1393,216,"gemm_kernel_v2",1393,2850417475420479,2850417477260821,0,0,84,4,48,512,1,1,704512,1,1
"KERNEL_DISPATCH","Agent 4",1,0,5908,1394,120,"void at::native::vectorized_elementwise_kernel<4, at::native::FillFunctor<int>, std::array<char*, 1ul> >(int, at::native::FillFunctor<int>, std::array<char*, 1ul>)",1394,2850417477269781,2850417477471063,0,0,8,0,16,256,1,1,16777216,1,1
"KERNEL_DISPATCH","Agent 4",1,0,5908,1395,216,"gemm_kernel_v2",1395,2850417477480983,2850417479321165,0,0,84,4,48,512,1,1,704512,1,1
"KERNEL_DISPATCH","Agent 4",1,0,5908,1396,120,"void at::native::vectorized_elementwise_kernel<4, at::native::FillFunctor<int>, std::array<char*, 1ul> >(int, at::native::FillFunctor<int>, std::array<char*, 1ul>)",1396,2850417479330285,2850417479530448,0,0,8,0,16,256,1,1,16777216,1,1
"KERNEL_DISPATCH","Agent 4",1,0,5908,1397,216,"gemm_kernel_v2",1397,2850417479539728,2850417481378149,0,0,84,4,48,512,1,1,704512,1,1
"KERNEL_DISPATCH","Agent 4",1,0,5908,1398,120,"void at::native::vectorized_elementwise_kernel<4, at::native::FillFunctor<int>, std::array<char*, 1ul> >(int, at::native::FillFunctor<int>, std::array<char*, 1ul>)",1398,2850417481387110,2850417481588232,0,0,8,0,16,256,1,1,16777216,1,1
"KERNEL_DISPATCH","Agent 4",1,0,5908,1399,216,"gemm_kernel_v2",1399,2850417481597992,2850417483438014,0,0,84,4,48,512,1,1,704512,1,1
"KERNEL_DISPATCH","Agent 4",1,0,5908,1400,120,"void at::native::vectorized_elementwise_kernel<4, at::native::FillFunctor<int>, std::array<char*, 1ul> >(int, at::native::FillFunctor<int>, std::array<char*, 1ul>)",1400,2850417483447134,2850417483646656,0,0,8,0,16,256,1,1,16777216,1,1
"KERNEL_DISPATCH","Agent 4",1,0,5908,1401,216,"gemm_kernel_v2",1401,2850417483656256,2850417485500438,0,0,84,4,48,512,1,1,704512,1,1
"KERNEL_DISPATCH","Agent 4",1,0,5908,1402,120,"void at::native::vectorized_elementwise_kernel<4, at::native::FillFunctor<int>, std::array<char*, 1ul> >(int, at::native::FillFunctor<int>, std::array<char*, 1ul>)",1402,2850417485509558,2850417485712761,0,0,8,0,16,256,1,1,16777216,1,1
"KERNEL_DISPATCH","Agent 4",1,0,5908,1403,216,"gemm_kernel_v2",1403,2850417485722361,2850417487571183,0,0,84,4,48,512,1,1,704512,1,1
"KERNEL_DISPATCH","Agent 4",1,0,5908,1404,120,"void at::native::vectorized_elementwise_kernel<4, at::native::FillFunctor<int>, std::array<char*, 1ul> >(int, at::native::FillFunctor<int>, std::array<char*, 1ul>)",1404,2850417487580303,2850417487781425,0,0,8,0,16,256,1,1,16777216,1,1
"KERNEL_DISPATCH","Agent 4",1,0,5908,1405,216,"gemm_kernel_v2",1405,2850417487791025,2850417489629927,0,0,84,4,48,512,1,1,704512,1,1
"KERNEL_DISPATCH","Agent 4",1,0,5908,1406,120,"void at::native::vectorized_elementwise_kernel<4, at::native::FillFunctor<int>, std::array<char*, 1ul> >(int, at::native::FillFunctor<int>, std::array<char*, 1ul>)",1406,2850417489639047,2850417489837610,0,0,8,0,16,256,1,1,16777216,1,1
"KERNEL_DISPATCH","Agent 4",1,0,5908,1407,216,"gemm_kernel_v2",1407,2850417489847050,2850417491687551,0,0,84,4,48,512,1,1,704512,1,1
"KERNEL_DISPATCH","Agent 4",1,0,5908,1408,120,"void at::native::vectorized_elementwise_kernel<4, at::native::FillFunctor<int>, std::array<char*, 1ul> >(int, at::native::FillFunctor<int>, std::array<char*, 1ul>)",1408,2850417491696992,2850417491897154,0,0,8,0,16,256,1,1,16777216,1,1
"KERNEL_DISPATCH","Agent 4",1,0,5908,1409,216,"gemm_kernel_v2",1409,2850417491906754,2850417493746936,0,0,84,4,48,512,1,1,704512,1,1
"KERNEL_DISPATCH","Agent 4",1,0,5908,1410,120,"void at::native::vectorized_elementwise_kernel<4, at::native::FillFunctor<int>, std::array<char*, 1ul> >(int, at::native::FillFunctor<int>, std::array<char*, 1ul>)",1410,2850417493755896,2850417493958778,0,0,8,0,16,256,1,1,16777216,1,1
"KERNEL_DISPATCH","Agent 4",1,0,5908,1411,216,"gemm_kernel_v2",1411,2850417493968538,2850417495808880,0,0,84,4,48,512,1,1,704512,1,1
"KERNEL_DISPATCH","Agent 4",1,0,5908,1412,120,"void at::native::vectorized_elementwise_kernel<4, at::native::FillFunctor<int>, std::array<char*, 1ul> >(int, at::native::FillFunctor<int>, std::array<char*, 1ul>)",1412,2850417495818160,2850417496018803,0,0,8,0,16,256,1,1,16777216,1,1
"KERNEL_DISPATCH","Agent 4",1,0,5908,1413,216,"gemm_kernel_v2",1413,2850417496028403,2850417497867785,0,0,84,4,48,512,1,1,704512,1,1
"KERNEL_DISPATCH","Agent 4",1,0,5908,1414,120,"void at::native::vectorized_elementwise_kernel<4, at::native::FillFunctor<int>, std::array<char*, 1ul> >(int, at::native::FillFunctor<int>, std::array<char*, 1ul>)",1414,2850417497877225,2850417498077227,0,0,8,0,16,256,1,1,16777216,1,1
"KERNEL_DISPATCH","Agent 4",1,0,5908,1415,216,"gemm_kernel_v2",1415,2850417498086987,2850417499926049,0,0,84,4,48,512,1,1,704512,1,1
"KERNEL_DISPATCH","Agent 4",1,0,5908,1416,120,"void at::native::vectorized_elementwise_kernel<4, at::native::FillFunctor<int>, std::array<char*, 1ul> >(int, at::native::FillFunctor<int>, std::array<char*, 1ul>)",1416,2850417499935329,2850417500139332,0,0,8,0,16,256,1,1,16777216,1,1
"KERNEL_DISPATCH","Agent 4",1,0,5908,1417,216,"gemm_kernel_v2",1417,2850417500148932,2850417501988153,0,0,84,4,48,512,1,1,704512,1,1
"KERNEL_DISPATCH","Agent 4",1,0,5908,1418,120,"void at::native::vectorized_elementwise_kernel<4, at::native::FillFunctor<int>, std::array<char*, 1ul> >(int, at::native::FillFunctor<int>, std::array<char*, 1ul>)",1418,2850417501997594,2850417502195356,0,0,8,0,16,256,1,1,16777216,1,1
"KERNEL_DISPATCH","Agent 4",1,0,5908,1419,216,"gemm_kernel_v2",1419,2850417502204476,2850417504046578,0,0,84,4,48,512,1,1,704512,1,1
"KERNEL_DISPATCH","Agent 4",1,0,5908,1420,120,"void at::native::vectorized_elementwise_kernel<4, at::native::FillFunctor<int>, std::array<char*, 1ul> >(int, at::native::FillFunctor<int>, std::array<char*, 1ul>)",1420,2850417504055698,2850417504254420,0,0,8,0,16,256,1,1,16777216,1,1
"KERNEL_DISPATCH","Agent 4",1,0,5908,1421,216,"gemm_kernel_v2",1421,2850417504264007,2850417506107068,0,0,84,4,48,512,1,1,704512,1,1
"KERNEL_DISPATCH","Agent 4",1,0,5908,1422,120,"void at::native::vectorized_elementwise_kernel<4, at::native::FillFunctor<int>, std::array<char*, 1ul> >(int, at::native::FillFunctor<int>, std::array<char*, 1ul>)",1422,2850417506116348,2850417506318430,0,0,8,0,16,256,1,1,16777216,1,1
"KERNEL_DISPATCH","Agent 4",1,0,5908,1423,216,"gemm_kernel_v2",1423,2850417506328030,2850417508170452,0,0,84,4,48,512,1,1,704512,1,1
"KERNEL_DISPATCH","Agent 4",1,0,5908,1424,120,"void at::native::vectorized_elementwise_kernel<4, at::native::FillFunctor<int>, std::array<char*, 1ul> >(int, at::native::FillFunctor<int>, std::array<char*, 1ul>)",1424,2850417508179412,2850417508378774,0,0,8,0,16,256,1,1,16777216,1,1
"KERNEL_DISPATCH","Agent 4",1,0,5908,1425,216,"gemm_kernel_v2",1425,2850417508388214,2850417510228396,0,0,84,4,48,512,1,1,704512,1,1
"KERNEL_DISPATCH","Agent 4",1,0,5908,1426,120,"void at::native::vectorized_elementwise_kernel<4, at::native::FillFunctor<int>, std::array<char*, 1ul> >(int, at::native::FillFunctor<int>, std::array<char*, 1ul>)",1426,2850417510237516,2850417510434158,0,0,8,0,16,256,1,1,16777216,1,1
"KERNEL_DISPATCH","Agent 4",1,0,5908,1427,216,"gemm_kernel_v2",1427,2850417510443599,2850417512282820,0,0,84,4,48,512,1,1,704512,1,1
"KERNEL_DISPATCH","Agent 4",1,0,5908,1428,120,"void at::native::vectorized_elementwise_kernel<4, at::native::FillFunctor<int>, std::array<char*, 1ul> >(int, at::native::FillFunctor<int>, std::array<char*, 1ul>)",1428,2850417512291940,2850417512489703,0,0,8,0,16,256,1,1,16777216,1,1
"KERNEL_DISPATCH","Agent 4",1,0,5908,1429,216,"gemm_kernel_v2",1429,2850417512499623,2850417514339165,0,0,84,4,48,512,1,1,704512,1,1
"KERNEL_DISPATCH","Agent 4",1,0,5908,1430,120,"void at::native::vectorized_elementwise_kernel<4, at::native::FillFunctor<int>, std::array<char*, 1ul> >(int, at::native::FillFunctor<int>, std::array<char*, 1ul>)",1430,2850417514348445,2850417514546847,0,0,8,0,16,256,1,1,16777216,1,1
"KERNEL_DISPATCH","Agent 4",1,0,5908,1431,216,"gemm_kernel_v2",1431,2850417514556767,2850417516396309,0,0,84,4,48,512,1,1,704512,1,1
"KERNEL_DISPATCH","Agent 4",1,0,5908,1432,120,"void at::native::vectorized_elementwise_kernel<4, at::native::FillFunctor<int>, std::array<char*, 1ul> >(int, at::native::FillFunctor<int>, std::array<char*, 1ul>)",1432,2850417516405429,2850417516606551,0,0,8,0,16,256,1,1,16777216,1,1
"KERNEL_DISPATCH","Agent 4",1,0,5908,1433,216,"gemm_kernel_v2",1433,2850417516617911,2850417518457773,0,0,84,4,48,512,1,1,704512,1,1
"KERNEL_DISPATCH","Agent 4",1,0,5908,1434,120,"void at::native::vectorized_elementwise_kernel<4, at::native::FillFunctor<int>, std::array<char*, 1ul> >(int, at::native::FillFunctor<int>, std::array<char*, 1ul>)",1434,2850417518467853,2850417518670736,0,0,8,0,16,256,1,1,16777216,1,1
"KERNEL_DISPATCH","Agent 4",1,0,5908,1435,216,"gemm_kernel_v2",1435,2850417518680336,2850417520520357,0,0,84,4,48,512,1,1,704512,1,1
"KERNEL_DISPATCH","Agent 4",1,0,5908,1436,120,"void at::native::vectorized_elementwise_kernel<4, at::native::FillFunctor<int>, std::array<char*, 1ul> >(int, at::native::FillFunctor<int>, std::array<char*, 1ul>)",1436,2850417520529638,2850417520729320,0,0,8,0,16,256,1,1,16777216,1,1
"KERNEL_DISPATCH","Agent 4",1,0,5908,1437,216,"gemm_kernel_v2",1437,2850417520739080,2850417522576702,0,0,84,4,48,512,1,1,704512,1,1
"KERNEL_DISPATCH","Agent 4",1,0,5908,1438,120,"void at::native::vectorized_elementwise_kernel<4, at::native::FillFunctor<int>, std::array<char*, 1ul> >(int, at::native::FillFunctor<int>, std::array<char*, 1ul>)",1438,2850417522585822,2850417522792864,0,0,8,0,16,256,1,1,16777216,1,1
"KERNEL_DISPATCH","Agent 4",1,0,5908,1439,216,"gemm_kernel_v2",1439,2850417522802624,2850417524646486,0,0,84,4,48,512,1,1,704512,1,1
"KERNEL_DISPATCH","Agent 4",1,0,5908,1440,120,"void at::native::vectorized_elementwise_kernel<4, at::native::FillFunctor<int>, std::array<char*, 1ul> >(int, at::native::FillFunctor<int>, std::array<char*, 1ul>)",1440,2850417524655606,2850417524854649,0,0,8,0,16,256,1,1,16777216,1,1
"KERNEL_DISPATCH","Agent 4",1,0,5908,1441,216,"gemm_kernel_v2",1441,2850417524864089,2850417526700910,0,0,84,4,48,512,1,1,704512,1,1
"KERNEL_DISPATCH","Agent 4",1,0,5908,1442,120,"void at::native::vectorized_elementwise_kernel<4, at::native::FillFunctor<int>, std::array<char*, 1ul> >(int, at::native::FillFunctor<int>, std::array<char*, 1ul>)",1442,2850417526710191,2850417526913073,0,0,8,0,16,256,1,1,16777216,1,1
"KERNEL_DISPATCH","Agent 4",1,0,5908,1443,216,"gemm_kernel_v2",1443,2850417526922833,2850417528765415,0,0,84,4,48,512,1,1,704512,1,1
"KERNEL_DISPATCH","Agent 4",1,0,5908,1444,120,"void at::native::vectorized_elementwise_kernel<4, at::native::FillFunctor<int>, std::array<char*, 1ul> >(int, at::native::FillFunctor<int>, std::array<char*, 1ul>)",1444,2850417528774535,2850417528972937,0,0,8,0,16,256,1,1,16777216,1,1
"KERNEL_DISPATCH","Agent 4",1,0,5908,1445,216,"gemm_kernel_v2",1445,2850417528982857,2850417530826399,0,0,84,4,48,512,1,1,704512,1,1
"KERNEL_DISPATCH","Agent 4",1,0,5908,1446,120,"void at::native::vectorized_elementwise_kernel<4, at::native::FillFunctor<int>, std::array<char*, 1ul> >(int, at::native::FillFunctor<int>, std::array<char*, 1ul>)",1446,2850417530835519,2850417531035362,0,0,8,0,16,256,1,1,16777216,1,1
"KERNEL_DISPATCH","Agent 4",1,0,5908,1447,216,"gemm_kernel_v2",1447,2850417531044642,2850417532885943,0,0,84,4,48,512,1,1,704512,1,1
"KERNEL_DISPATCH","Agent 4",1,0,5908,1448,120,"void at::native::vectorized_elementwise_kernel<4, at::native::FillFunctor<int>, std::array<char*, 1ul> >(int, at::native::FillFunctor<int>, std::array<char*, 1ul>)",1448,2850417532895063,2850417533097146,0,0,8,0,16,256,1,1,16777216,1,1
"KERNEL_DISPATCH","Agent 4",1,0,5908,1449,216,"gemm_kernel_v2",1449,2850417533106906,2850417534946608,0,0,84,4,48,512,1,1,704512,1,1
"KERNEL_DISPATCH","Agent 4",1,0,5908,1450,120,"void at::native::vectorized_elementwise_kernel<4, at::native::FillFunctor<int>, std::array<char*, 1ul> >(int, at::native::FillFunctor<int>, std::array<char*, 1ul>)",1450,2850417534955728,2850417535158930,0,0,8,0,16,256,1,1,16777216,1,1
"KERNEL_DISPATCH","Agent 4",1,0,5908,1451,216,"gemm_kernel_v2",1451,2850417535168370,2850417537009992,0,0,84,4,48,512,1,1,704512,1,1
"KERNEL_DISPATCH","Agent 4",1,0,5908,1452,120,"void at::native::vectorized_elementwise_kernel<4, at::native::FillFunctor<int>, std::array<char*, 1ul> >(int, at::native::FillFunctor<int>, std::array<char*, 1ul>)",1452,2850417537019112,2850417537220234,0,0,8,0,16,256,1,1,16777216,1,1
"KERNEL_DISPATCH","Agent 4",1,0,5908,1453,216,"gemm_kernel_v2",1453,2850417537229995,2850417539070976,0,0,84,4,48,512,1,1,704512,1,1
"KERNEL_DISPATCH","Agent 4",1,0,5908,1454,120,"void at::native::vectorized_elementwise_kernel<4, at::native::FillFunctor<int>, std::array<char*, 1ul> >(int, at::native::FillFunctor<int>, std::array<char*, 1ul>)",1454,2850417539079936,2850417539280099,0,0,8,0,16,256,1,1,16777216,1,1
"KERNEL_DISPATCH","Agent 4",1,0,5908,1455,216,"gemm_kernel_v2",1455,2850417539290179,2850417541128921,0,0,84,4,48,512,1,1,704512,1,1
"KERNEL_DISPATCH","Agent 4",1,0,5908,1456,120,"void at::native::vectorized_elementwise_kernel<4, at::native::FillFunctor<int>, std::array<char*, 1ul> >(int, at::native::FillFunctor<int>, std::array<char*, 1ul>)",1456,2850417541137881,2850417541339003,0,0,8,0,16,256,1,1,16777216,1,1
"KERNEL_DISPATCH","Agent 4",1,0,5908,1457,216,"gemm_kernel_v2",1457,2850417541348603,2850417543189745,0,0,84,4,48,512,1,1,704512,1,1
"KERNEL_DISPATCH","Agent 4",1,0,5908,1458,120,"void at::native::vectorized_elementwise_kernel<4, at::native::FillFunctor<int>, std::array<char*, 1ul> >(int, at::native::FillFunctor<int>, std::array<char*, 1ul>)",1458,2850417543199345,2850417543405587,0,0,8,0,16,256,1,1,16777216,1,1
"KERNEL_DISPATCH","Agent 4",1,0,5908,1459,216,"gemm_kernel_v2",1459,2850417543415348,2850417545254889,0,0,84,4,48,512,1,1,704512,1,1
"KERNEL_DISPATCH","Agent 4",1,0,5908,1460,120,"void at::native::vectorized_elementwise_kernel<4, at::native::FillFunctor<int>, std::array<char*, 1ul> >(int, at::native::FillFunctor<int>, std::array<char*, 1ul>)",1460,2850417545264009,2850417545466732,0,0,8,0,16,256,1,1,16777216,1,1
"KERNEL_DISPATCH","Agent 4",1,0,5908,1461,216,"gemm_kernel_v2",1461,2850417545476172,2850417547316674,0,0,84,4,48,512,1,1,704512,1,1
"KERNEL_DISPATCH","Agent 4",1,0,5908,1462,120,"void at::native::vectorized_elementwise_kernel<4, at::native::FillFunctor<int>, std::array<char*, 1ul> >(int, at::native::FillFunctor<int>, std::array<char*, 1ul>)",1462,2850417547325794,2850417547523716,0,0,8,0,16,256,1,1,16777216,1,1
"KERNEL_DISPATCH","Agent 4",1,0,5908,1463,216,"gemm_kernel_v2",1463,2850417547533476,2850417549371578,0,0,84,4,48,512,1,1,704512,1,1
"KERNEL_DISPATCH","Agent 4",1,0,5908,1464,120,"void at::native::vectorized_elementwise_kernel<4, at::native::FillFunctor<int>, std::array<char*, 1ul> >(int, at::native::FillFunctor<int>, std::array<char*, 1ul>)",1464,2850417549380538,2850417549583740,0,0,8,0,16,256,1,1,16777216,1,1
"KERNEL_DISPATCH","Agent 4",1,0,5908,1465,216,"gemm_kernel_v2",1465,2850417549594140,2850417551435922,0,0,84,4,48,512,1,1,704512,1,1
"KERNEL_DISPATCH","Agent 4",1,0,5908,1466,120,"void at::native::vectorized_elementwise_kernel<4, at::native::FillFunctor<int>, std::array<char*, 1ul> >(int, at::native::FillFunctor<int>, std::array<char*, 1ul>)",1466,2850417551445042,2850417551643285,0,0,8,0,16,256,1,1,16777216,1,1
"KERNEL_DISPATCH","Agent 4",1,0,5908,1467,216,"gemm_kernel_v2",1467,2850417551653205,2850417553494826,0,0,84,4,48,512,1,1,704512,1,1
"KERNEL_DISPATCH","Agent 4",1,0,5908,1468,120,"void at::native::vectorized_elementwise_kernel<4, at::native::FillFunctor<int>, std::array<char*, 1ul> >(int, at::native::FillFunctor<int>, std::array<char*, 1ul>)",1468,2850417553504107,2850417553703629,0,0,8,0,16,256,1,1,16777216,1,1
"KERNEL_DISPATCH","Agent 4",1,0,5908,1469,216,"gemm_kernel_v2",1469,2850417553713229,2850417555555011,0,0,84,4,48,512,1,1,704512,1,1
"KERNEL_DISPATCH","Agent 4",1,0,5908,1470,120,"void at::native::vectorized_elementwise_kernel<4, at::native::FillFunctor<int>, std::array<char*, 1ul> >(int, at::native::FillFunctor<int>, std::array<char*, 1ul>)",1470,2850417555564131,2850417555763173,0,0,8,0,16,256,1,1,16777216,1,1
"KERNEL_DISPATCH","Agent 4",1,0,5908,1471,216,"gemm_kernel_v2",1471,2850417555772613,2850417557613115,0,0,84,4,48,512,1,1,704512,1,1
"KERNEL_DISPATCH","Agent 4",1,0,5908,1472,120,"void at::native::vectorized_elementwise_kernel<4, at::native::FillFunctor<int>, std::array<char*, 1ul> >(int, at::native::FillFunctor<int>, std::array<char*, 1ul>)",1472,2850417557622395,2850417557823518,0,0,8,0,16,256,1,1,16777216,1,1
"KERNEL_DISPATCH","Agent 4",1,0,5908,1473,216,"gemm_kernel_v2",1473,2850417557833438,2850417559680499,0,0,84,4,48,512,1,1,704512,1,1
"KERNEL_DISPATCH","Agent 4",1,0,5908,1474,120,"void at::native::vectorized_elementwise_kernel<4, at::native::FillFunctor<int>, std::array<char*, 1ul> >(int, at::native::FillFunctor<int>, std::array<char*, 1ul>)",1474,2850417559689780,2850417559889942,0,0,8,0,16,256,1,1,16777216,1,1
"KERNEL_DISPATCH","Agent 4",1,0,5908,1475,216,"gemm_kernel_v2",1475,2850417559899862,2850417561742444,0,0,84,4,48,512,1,1,704512,1,1
"KERNEL_DISPATCH","Agent 4",1,0,5908,1476,120,"void at::native::vectorized_elementwise_kernel<4, at::native::FillFunctor<int>, std::array<char*, 1ul> >(int, at::native::FillFunctor<int>, std::array<char*, 1ul>)",1476,2850417561751564,2850417561948206,0,0,8,0,16,256,1,1,16777216,1,1
"KERNEL_DISPATCH","Agent 4",1,0,5908,1477,216,"gemm_kernel_v2",1477,2850417561958126,2850417563798628,0,0,84,4,48,512,1,1,704512,1,1
"KERNEL_DISPATCH","Agent 4",1,0,5908,1478,120,"void at::native::vectorized_elementwise_kernel<4, at::native::FillFunctor<int>, std::array<char*, 1ul> >(int, at::native::FillFunctor<int>, std::array<char*, 1ul>)",1478,2850417563807748,2850417564006950,0,0,8,0,16,256,1,1,16777216,1,1
"KERNEL_DISPATCH","Agent 4",1,0,5908,1479,216,"gemm_kernel_v2",1479,2850417564017031,2850417565855932,0,0,84,4,48,512,1,1,704512,1,1
"KERNEL_DISPATCH","Agent 4",1,0,5908,1480,120,"void at::native::vectorized_elementwise_kernel<4, at::native::FillFunctor<int>, std::array<char*, 1ul> >(int, at::native::FillFunctor<int>, std::array<char*, 1ul>)",1480,2850417565864892,2850417566065535,0,0,8,0,16,256,1,1,16777216,1,1
"KERNEL_DISPATCH","Agent 4",1,0,5908,1481,216,"gemm_kernel_v2",1481,2850417566075295,2850417567915317,0,0,84,4,48,512,1,1,704512,1,1
"KERNEL_DISPATCH","Agent 4",1,0,5908,1482,120,"void at::native::vectorized_elementwise_kernel<4, at::native::FillFunctor<int>, std::array<char*, 1ul> >(int, at::native::FillFunctor<int>, std::array<char*, 1ul>)",1482,2850417567924597,2850417568124759,0,0,8,0,16,256,1,1,16777216,1,1
"KERNEL_DISPATCH","Agent 4",1,0,5908,1483,216,"gemm_kernel_v2",1483,2850417568134592,2850417569974133,0,0,84,4,48,512,1,1,704512,1,1
"KERNEL_DISPATCH","Agent 4",1,0,5908,1484,120,"void at::native::vectorized_elementwise_kernel<4, at::native::FillFunctor<int>, std::array<char*, 1ul> >(int, at::native::FillFunctor<int>, std::array<char*, 1ul>)",1484,2850417569983093,2850417570184695,0,0,8,0,16,256,1,1,16777216,1,1
"KERNEL_DISPATCH","Agent 4",1,0,5908,1485,216,"gemm_kernel_v2",1485,2850417570194295,2850417572032237,0,0,84,4,48,512,1,1,704512,1,1
"KERNEL_DISPATCH","Agent 4",1,0,5908,1486,217,"gemm_kernel_v2",1486,2850417576858374,2850417579340483,0,0,24,272,48,256,1,1,176128,1,1
"KERNEL_DISPATCH","Agent 4",1,0,5908,1487,120,"void at::native::vectorized_elementwise_kernel<4, at::native::FillFunctor<int>, std::array<char*, 1ul> >(int, at::native::FillFunctor<int>, std::array<char*, 1ul>)",1487,2850417579418084,2850417579618727,0,0,8,0,16,256,1,1,16777216,1,1
"KERNEL_DISPATCH","Agent 4",1,0,5908,1488,217,"gemm_kernel_v2",1488,2850417579618727,2850417582095076,0,0,24,272,48,256,1,1,176128,1,1
"KERNEL_DISPATCH","Agent 4",1,0,5908,1489,120,"void at::native::vectorized_elementwise_kernel<4, at::native::FillFunctor<int>, std::array<char*, 1ul> >(int, at::native::FillFunctor<int>, std::array<char*, 1ul>)",1489,2850417582095076,2850417582293478,0,0,8,0,16,256,1,1,16777216,1,1
"KERNEL_DISPATCH","Agent 4",1,0,5908,1490,217,"gemm_kernel_v2",1490,2850417582293478,2850417584750148,0,0,24,272,48,256,1,1,176128,1,1
"KERNEL_DISPATCH","Agent 4",1,0,5908,1491,120,"void at::native::vectorized_elementwise_kernel<4, at::native::FillFunctor<int>, std::array<char*, 1ul> >(int, at::native::FillFunctor<int>, std::array<char*, 1ul>)",1491,2850417584750148,2850417584951270,0,0,8,0,16,256,1,1,16777216,1,1
"KERNEL_DISPATCH","Agent 4",1,0,5908,1492,217,"gemm_kernel_v2",1492,2850417584951270,2850417587417379,0,0,24,272,48,256,1,1,176128,1,1
"KERNEL_DISPATCH","Agent 4",1,0,5908,1493,120,"void at::native::vectorized_elementwise_kernel<4, at::native::FillFunctor<int>, std::array<char*, 1ul> >(int, at::native::FillFunctor<int>, std::array<char*, 1ul>)",1493,2850417587417379,2850417587617382,0,0,8,0,16,256,1,1,16777216,1,1
"KERNEL_DISPATCH","Agent 4",1,0,5908,1494,217,"gemm_kernel_v2",1494,2850417587617382,2850417590093411,0,0,24,272,48,256,1,1,176128,1,1
"KERNEL_DISPATCH","Agent 4",1,0,5908,1495,120,"void at::native::vectorized_elementwise_kernel<4, at::native::FillFunctor<int>, std::array<char*, 1ul> >(int, at::native::FillFunctor<int>, std::array<char*, 1ul>)",1495,2850417590093411,2850417590296773,0,0,8,0,16,256,1,1,16777216,1,1
"KERNEL_DISPATCH","Agent 4",1,0,5908,1496,217,"gemm_kernel_v2",1496,2850417590296773,2850417592774883,0,0,24,272,48,256,1,1,176128,1,1
"KERNEL_DISPATCH","Agent 4",1,0,5908,1497,217,"gemm_kernel_v2",1497,2850417592917924,2850417595378113,0,0,24,272,48,256,1,1,176128,1,1
"KERNEL_DISPATCH","Agent 4",1,0,5908,1498,217,"gemm_kernel_v2",1498,2850417595378113,2850417597845023,0,0,24,272,48,256,1,1,176128,1,1
"KERNEL_DISPATCH","Agent 4",1,0,5908,1499,217,"gemm_kernel_v2",1499,2850417597845023,2850417600309052,0,0,24,272,48,256,1,1,176128,1,1
"KERNEL_DISPATCH","Agent 4",1,0,5908,1500,217,"gemm_kernel_v2",1500,2850417600309052,2850417602772921,0,0,24,272,48,256,1,1,176128,1,1
"KERNEL_DISPATCH","Agent 4",1,0,5908,1501,217,"gemm_kernel_v2",1501,2850417602772921,2850417605237110,0,0,24,272,48,256,1,1,176128,1,1
"KERNEL_DISPATCH","Agent 4",1,0,5908,1502,217,"gemm_kernel_v2",1502,2850417605237110,2850417607707220,0,0,24,272,48,256,1,1,176128,1,1
"KERNEL_DISPATCH","Agent 4",1,0,5908,1503,217,"gemm_kernel_v2",1503,2850417607707220,2850417610174449,0,0,24,272,48,256,1,1,176128,1,1
"KERNEL_DISPATCH","Agent 4",1,0,5908,1504,217,"gemm_kernel_v2",1504,2850417610174449,2850417612645198,0,0,24,272,48,256,1,1,176128,1,1
"KERNEL_DISPATCH","Agent 4",1,0,5908,1505,217,"gemm_kernel_v2",1505,2850417612645198,2850417615111147,0,0,24,272,48,256,1,1,176128,1,1
"KERNEL_DISPATCH","Agent 4",1,0,5908,1506,120,"void at::native::vectorized_elementwise_kernel<4, at::native::FillFunctor<int>, std::array<char*, 1ul> >(int, at::native::FillFunctor<int>, std::array<char*, 1ul>)",1506,2850417615111147,2850417615314670,0,0,8,0,16,256,1,1,16777216,1,1
"KERNEL_DISPATCH","Agent 4",1,0,5908,1507,217,"gemm_kernel_v2",1507,2850417615326990,2850417617805099,0,0,24,272,48,256,1,1,176128,1,1
"KERNEL_DISPATCH","Agent 4",1,0,5908,1508,120,"void at::native::vectorized_elementwise_kernel<4, at::native::FillFunctor<int>, std::array<char*, 1ul> >(int, at::native::FillFunctor<int>, std::array<char*, 1ul>)",1508,2850417617814379,2850417618016142,0,0,8,0,16,256,1,1,16777216,1,1
"KERNEL_DISPATCH","Agent 4",1,0,5908,1509,217,"gemm_kernel_v2",1509,2850417618025742,2850417620491211,0,0,24,272,48,256,1,1,176128,1,1
"KERNEL_DISPATCH","Agent 4",1,0,5908,1510,120,"void at::native::vectorized_elementwise_kernel<4, at::native::FillFunctor<int>, std::array<char*, 1ul> >(int, at::native::FillFunctor<int>, std::array<char*, 1ul>)",1510,2850417620500331,2850417620698733,0,0,8,0,16,256,1,1,16777216,1,1
"KERNEL_DISPATCH","Agent 4",1,0,5908,1511,217,"gemm_kernel_v2",1511,2850417620708494,2850417623176843,0,0,24,272,48,256,1,1,176128,1,1
"KERNEL_DISPATCH","Agent 4",1,0,5908,1512,120,"void at::native::vectorized_elementwise_kernel<4, at::native::FillFunctor<int>, std::array<char*, 1ul> >(int, at::native::FillFunctor<int>, std::array<char*, 1ul>)",1512,2850417623185803,2850417623388205,0,0,8,0,16,256,1,1,16777216,1,1
"KERNEL_DISPATCH","Agent 4",1,0,5908,1513,217,"gemm_kernel_v2",1513,2850417623397485,2850417625872875,0,0,24,272,48,256,1,1,176128,1,1
"KERNEL_DISPATCH","Agent 4",1,0,5908,1514,120,"void at::native::vectorized_elementwise_kernel<4, at::native::FillFunctor<int>, std::array<char*, 1ul> >(int, at::native::FillFunctor<int>, std::array<char*, 1ul>)",1514,2850417625882155,2850417626081997,0,0,8,0,16,256,1,1,16777216,1,1
"KERNEL_DISPATCH","Agent 4",1,0,5908,1515,217,"gemm_kernel_v2",1515,2850417626092557,2850417628563467,0,0,24,272,48,256,1,1,176128,1,1
"KERNEL_DISPATCH","Agent 4",1,0,5908,1516,120,"void at::native::vectorized_elementwise_kernel<4, at::native::FillFunctor<int>, std::array<char*, 1ul> >(int, at::native::FillFunctor<int>, std::array<char*, 1ul>)",1516,2850417628572907,2850417628773549,0,0,8,0,16,256,1,1,16777216,1,1
"KERNEL_DISPATCH","Agent 4",1,0,5908,1517,217,"gemm_kernel_v2",1517,2850417628783309,2850417631255499,0,0,24,272,48,256,1,1,176128,1,1
"KERNEL_DISPATCH","Agent 4",1,0,5908,1518,120,"void at::native::vectorized_elementwise_kernel<4, at::native::FillFunctor<int>, std::array<char*, 1ul> >(int, at::native::FillFunctor<int>, std::array<char*, 1ul>)",1518,2850417631264779,2850417631464621,0,0,8,0,16,256,1,1,16777216,1,1
"KERNEL_DISPATCH","Agent 4",1,0,5908,1519,217,"gemm_kernel_v2",1519,2850417631474077,2850417633947226,0,0,24,272,48,256,1,1,176128,1,1
"KERNEL_DISPATCH","Agent 4",1,0,5908,1520,120,"void at::native::vectorized_elementwise_kernel<4, at::native::FillFunctor<int>, std::array<char*, 1ul> >(int, at::native::FillFunctor<int>, std::array<char*, 1ul>)",1520,2850417633956346,2850417634159068,0,0,8,0,16,256,1,1,16777216,1,1
"KERNEL_DISPATCH","Agent 4",1,0,5908,1521,217,"gemm_kernel_v2",1521,2850417634168668,2850417636642297,0,0,24,272,48,256,1,1,176128,1,1
"KERNEL_DISPATCH","Agent 4",1,0,5908,1522,120,"void at::native::vectorized_elementwise_kernel<4, at::native::FillFunctor<int>, std::array<char*, 1ul> >(int, at::native::FillFunctor<int>, std::array<char*, 1ul>)",1522,2850417636651417,2850417636853340,0,0,8,0,16,256,1,1,16777216,1,1
"KERNEL_DISPATCH","Agent 4",1,0,5908,1523,217,"gemm_kernel_v2",1523,2850417636864060,2850417639334169,0,0,24,272,48,256,1,1,176128,1,1
"KERNEL_DISPATCH","Agent 4",1,0,5908,1524,120,"void at::native::vectorized_elementwise_kernel<4, at::native::FillFunctor<int>, std::array<char*, 1ul> >(int, at::native::FillFunctor<int>, std::array<char*, 1ul>)",1524,2850417639343289,2850417639540732,0,0,8,0,16,256,1,1,16777216,1,1
"KERNEL_DISPATCH","Agent 4",1,0,5908,1525,217,"gemm_kernel_v2",1525,2850417639550332,2850417642021561,0,0,24,272,48,256,1,1,176128,1,1
"KERNEL_DISPATCH","Agent 4",1,0,5908,1526,120,"void at::native::vectorized_elementwise_kernel<4, at::native::FillFunctor<int>, std::array<char*, 1ul> >(int, at::native::FillFunctor<int>, std::array<char*, 1ul>)",1526,2850417642030841,2850417642229244,0,0,8,0,16,256,1,1,16777216,1,1
"KERNEL_DISPATCH","Agent 4",1,0,5908,1527,217,"gemm_kernel_v2",1527,2850417642238684,2850417644710713,0,0,24,272,48,256,1,1,176128,1,1
"KERNEL_DISPATCH","Agent 4",1,0,5908,1528,120,"void at::native::vectorized_elementwise_kernel<4, at::native::FillFunctor<int>, std::array<char*, 1ul> >(int, at::native::FillFunctor<int>, std::array<char*, 1ul>)",1528,2850417644719833,2850417644919835,0,0,8,0,16,256,1,1,16777216,1,1
"KERNEL_DISPATCH","Agent 4",1,0,5908,1529,217,"gemm_kernel_v2",1529,2850417644929596,2850417647405145,0,0,24,272,48,256,1,1,176128,1,1
"KERNEL_DISPATCH","Agent 4",1,0,5908,1530,120,"void at::native::vectorized_elementwise_kernel<4, at::native::FillFunctor<int>, std::array<char*, 1ul> >(int, at::native::FillFunctor<int>, std::array<char*, 1ul>)",1530,2850417647414265,2850417647615067,0,0,8,0,16,256,1,1,16777216,1,1
"KERNEL_DISPATCH","Agent 4",1,0,5908,1531,217,"gemm_kernel_v2",1531,2850417647624507,2850417650090137,0,0,24,272,48,256,1,1,176128,1,1
"KERNEL_DISPATCH","Agent 4",1,0,5908,1532,120,"void at::native::vectorized_elementwise_kernel<4, at::native::FillFunctor<int>, std::array<char*, 1ul> >(int, at::native::FillFunctor<int>, std::array<char*, 1ul>)",1532,2850417650099417,2850417650298619,0,0,8,0,16,256,1,1,16777216,1,1
"KERNEL_DISPATCH","Agent 4",1,0,5908,1533,217,"gemm_kernel_v2",1533,2850417650308059,2850417652776729,0,0,24,272,48,256,1,1,176128,1,1
"KERNEL_DISPATCH","Agent 4",1,0,5908,1534,120,"void at::native::vectorized_elementwise_kernel<4, at::native::FillFunctor<int>, std::array<char*, 1ul> >(int, at::native::FillFunctor<int>, std::array<char*, 1ul>)",1534,2850417652785849,2850417652986171,0,0,8,0,16,256,1,1,16777216,1,1
"KERNEL_DISPATCH","Agent 4",1,0,5908,1535,217,"gemm_kernel_v2",1535,2850417652995611,2850417655461560,0,0,24,272,48,256,1,1,176128,1,1
"KERNEL_DISPATCH","Agent 4",1,0,5908,1536,120,"void at::native::vectorized_elementwise_kernel<4, at::native::FillFunctor<int>, std::array<char*, 1ul> >(int, at::native::FillFunctor<int>, std::array<char*, 1ul>)",1536,2850417655471320,2850417655669883,0,0,8,0,16,256,1,1,16777216,1,1
"KERNEL_DISPATCH","Agent 4",1,0,5908,1537,217,"gemm_kernel_v2",1537,2850417655679643,2850417658149592,0,0,24,272,48,256,1,1,176128,1,1
"KERNEL_DISPATCH","Agent 4",1,0,5908,1538,120,"void at::native::vectorized_elementwise_kernel<4, at::native::FillFunctor<int>, std::array<char*, 1ul> >(int, at::native::FillFunctor<int>, std::array<char*, 1ul>)",1538,2850417658158552,2850417658358395,0,0,8,0,16,256,1,1,16777216,1,1
"KERNEL_DISPATCH","Agent 4",1,0,5908,1539,217,"gemm_kernel_v2",1539,2850417658367675,2850417660839704,0,0,24,272,48,256,1,1,176128,1,1
"KERNEL_DISPATCH","Agent 4",1,0,5908,1540,120,"void at::native::vectorized_elementwise_kernel<4, at::native::FillFunctor<int>, std::array<char*, 1ul> >(int, at::native::FillFunctor<int>, std::array<char*, 1ul>)",1540,2850417660849144,2850417661049627,0,0,8,0,16,256,1,1,16777216,1,1
"KERNEL_DISPATCH","Agent 4",1,0,5908,1541,217,"gemm_kernel_v2",1541,2850417661059227,2850417663529176,0,0,24,272,48,256,1,1,176128,1,1
"KERNEL_DISPATCH","Agent 4",1,0,5908,1542,120,"void at::native::vectorized_elementwise_kernel<4, at::native::FillFunctor<int>, std::array<char*, 1ul> >(int, at::native::FillFunctor<int>, std::array<char*, 1ul>)",1542,2850417663538136,2850417663737498,0,0,8,0,16,256,1,1,16777216,1,1
"KERNEL_DISPATCH","Agent 4",1,0,5908,1543,217,"gemm_kernel_v2",1543,2850417663746939,2850417666217848,0,0,24,272,48,256,1,1,176128,1,1
"KERNEL_DISPATCH","Agent 4",1,0,5908,1544,120,"void at::native::vectorized_elementwise_kernel<4, at::native::FillFunctor<int>, std::array<char*, 1ul> >(int, at::native::FillFunctor<int>, std::array<char*, 1ul>)",1544,2850417666226968,2850417666424730,0,0,8,0,16,256,1,1,16777216,1,1
"KERNEL_DISPATCH","Agent 4",1,0,5908,1545,217,"gemm_kernel_v2",1545,2850417666434490,2850417668906680,0,0,24,272,48,256,1,1,176128,1,1
"KERNEL_DISPATCH","Agent 4",1,0,5908,1546,120,"void at::native::vectorized_elementwise_kernel<4, at::native::FillFunctor<int>, std::array<char*, 1ul> >(int, at::native::FillFunctor<int>, std::array<char*, 1ul>)",1546,2850417668915960,2850417669118842,0,0,8,0,16,256,1,1,16777216,1,1
"KERNEL_DISPATCH","Agent 4",1,0,5908,1547,217,"gemm_kernel_v2",1547,2850417669128122,2850417671598712,0,0,24,272,48,256,1,1,176128,1,1
"KERNEL_DISPATCH","Agent 4",1,0,5908,1548,120,"void at::native::vectorized_elementwise_kernel<4, at::native::FillFunctor<int>, std::array<char*, 1ul> >(int, at::native::FillFunctor<int>, std::array<char*, 1ul>)",1548,2850417671607992,2850417671806394,0,0,8,0,16,256,1,1,16777216,1,1
"KERNEL_DISPATCH","Agent 4",1,0,5908,1549,217,"gemm_kernel_v2",1549,2850417671816314,2850417674289623,0,0,24,272,48,256,1,1,176128,1,1
"KERNEL_DISPATCH","Agent 4",1,0,5908,1550,120,"void at::native::vectorized_elementwise_kernel<4, at::native::FillFunctor<int>, std::array<char*, 1ul> >(int, at::native::FillFunctor<int>, std::array<char*, 1ul>)",1550,2850417674298744,2850417674497306,0,0,8,0,16,256,1,1,16777216,1,1
"KERNEL_DISPATCH","Agent 4",1,0,5908,1551,217,"gemm_kernel_v2",1551,2850417674506906,2850417676972375,0,0,24,272,48,256,1,1,176128,1,1
"KERNEL_DISPATCH","Agent 4",1,0,5908,1552,120,"void at::native::vectorized_elementwise_kernel<4, at::native::FillFunctor<int>, std::array<char*, 1ul> >(int, at::native::FillFunctor<int>, std::array<char*, 1ul>)",1552,2850417676981815,2850417677180698,0,0,8,0,16,256,1,1,16777216,1,1
"KERNEL_DISPATCH","Agent 4",1,0,5908,1553,217,"gemm_kernel_v2",1553,2850417677190138,2850417679660407,0,0,24,272,48,256,1,1,176128,1,1
"KERNEL_DISPATCH","Agent 4",1,0,5908,1554,120,"void at::native::vectorized_elementwise_kernel<4, at::native::FillFunctor<int>, std::array<char*, 1ul> >(int, at::native::FillFunctor<int>, std::array<char*, 1ul>)",1554,2850417679669527,2850417679869050,0,0,8,0,16,256,1,1,16777216,1,1
"KERNEL_DISPATCH","Agent 4",1,0,5908,1555,217,"gemm_kernel_v2",1555,2850417679878490,2850417682343639,0,0,24,272,48,256,1,1,176128,1,1
"KERNEL_DISPATCH","Agent 4",1,0,5908,1556,120,"void at::native::vectorized_elementwise_kernel<4, at::native::FillFunctor<int>, std::array<char*, 1ul> >(int, at::native::FillFunctor<int>, std::array<char*, 1ul>)",1556,2850417682352919,2850417682556121,0,0,8,0,16,256,1,1,16777216,1,1
"KERNEL_DISPATCH","Agent 4",1,0,5908,1557,217,"gemm_kernel_v2",1557,2850417682565722,2850417685034551,0,0,24,272,48,256,1,1,176128,1,1
"KERNEL_DISPATCH","Agent 4",1,0,5908,1558,120,"void at::native::vectorized_elementwise_kernel<4, at::native::FillFunctor<int>, std::array<char*, 1ul> >(int, at::native::FillFunctor<int>, std::array<char*, 1ul>)",1558,2850417685043671,2850417685245433,0,0,8,0,16,256,1,1,16777216,1,1
"KERNEL_DISPATCH","Agent 4",1,0,5908,1559,217,"gemm_kernel_v2",1559,2850417685255033,2850417687721943,0,0,24,272,48,256,1,1,176128,1,1
"KERNEL_DISPATCH","Agent 4",1,0,5908,1560,120,"void at::native::vectorized_elementwise_kernel<4, at::native::FillFunctor<int>, std::array<char*, 1ul> >(int, at::native::FillFunctor<int>, std::array<char*, 1ul>)",1560,2850417687731063,2850417687927385,0,0,8,0,16,256,1,1,16777216,1,1
"KERNEL_DISPATCH","Agent 4",1,0,5908,1561,217,"gemm_kernel_v2",1561,2850417687937305,2850417690410135,0,0,24,272,48,256,1,1,176128,1,1
"KERNEL_DISPATCH","Agent 4",1,0,5908,1562,120,"void at::native::vectorized_elementwise_kernel<4, at::native::FillFunctor<int>, std::array<char*, 1ul> >(int, at::native::FillFunctor<int>, std::array<char*, 1ul>)",1562,2850417690419095,2850417690618937,0,0,8,0,16,256,1,1,16777216,1,1
"KERNEL_DISPATCH","Agent 4",1,0,5908,1563,217,"gemm_kernel_v2",1563,2850417690628377,2850417693095926,0,0,24,272,48,256,1,1,176128,1,1
"KERNEL_DISPATCH","Agent 4",1,0,5908,1564,120,"void at::native::vectorized_elementwise_kernel<4, at::native::FillFunctor<int>, std::array<char*, 1ul> >(int, at::native::FillFunctor<int>, std::array<char*, 1ul>)",1564,2850417693105366,2850417693307289,0,0,8,0,16,256,1,1,16777216,1,1
"KERNEL_DISPATCH","Agent 4",1,0,5908,1565,217,"gemm_kernel_v2",1565,2850417693317049,2850417695787158,0,0,24,272,48,256,1,1,176128,1,1
"KERNEL_DISPATCH","Agent 4",1,0,5908,1566,120,"void at::native::vectorized_elementwise_kernel<4, at::native::FillFunctor<int>, std::array<char*, 1ul> >(int, at::native::FillFunctor<int>, std::array<char*, 1ul>)",1566,2850417695796118,2850417695997241,0,0,8,0,16,256,1,1,16777216,1,1
"KERNEL_DISPATCH","Agent 4",1,0,5908,1567,217,"gemm_kernel_v2",1567,2850417696006311,2850417698472900,0,0,24,272,48,256,1,1,176128,1,1
"KERNEL_DISPATCH","Agent 4",1,0,5908,1568,120,"void at::native::vectorized_elementwise_kernel<4, at::native::FillFunctor<int>, std::array<char*, 1ul> >(int, at::native::FillFunctor<int>, std::array<char*, 1ul>)",1568,2850417698482820,2850417698684902,0,0,8,0,16,256,1,1,16777216,1,1
"KERNEL_DISPATCH","Agent 4",1,0,5908,1569,217,"gemm_kernel_v2",1569,2850417698694182,2850417701171651,0,0,24,272,48,256,1,1,176128,1,1
"KERNEL_DISPATCH","Agent 4",1,0,5908,1570,120,"void at::native::vectorized_elementwise_kernel<4, at::native::FillFunctor<int>, std::array<char*, 1ul> >(int, at::native::FillFunctor<int>, std::array<char*, 1ul>)",1570,2850417701181091,2850417701382374,0,0,8,0,16,256,1,1,16777216,1,1
"KERNEL_DISPATCH","Agent 4",1,0,5908,1571,217,"gemm_kernel_v2",1571,2850417701391814,2850417703862563,0,0,24,272,48,256,1,1,176128,1,1
"KERNEL_DISPATCH","Agent 4",1,0,5908,1572,120,"void at::native::vectorized_elementwise_kernel<4, at::native::FillFunctor<int>, std::array<char*, 1ul> >(int, at::native::FillFunctor<int>, std::array<char*, 1ul>)",1572,2850417703872003,2850417704072966,0,0,8,0,16,256,1,1,16777216,1,1
"KERNEL_DISPATCH","Agent 4",1,0,5908,1573,217,"gemm_kernel_v2",1573,2850417704082566,2850417706548675,0,0,24,272,48,256,1,1,176128,1,1
"KERNEL_DISPATCH","Agent 4",1,0,5908,1574,120,"void at::native::vectorized_elementwise_kernel<4, at::native::FillFunctor<int>, std::array<char*, 1ul> >(int, at::native::FillFunctor<int>, std::array<char*, 1ul>)",1574,2850417706557635,2850417706759717,0,0,8,0,16,256,1,1,16777216,1,1
"KERNEL_DISPATCH","Agent 4",1,0,5908,1575,217,"gemm_kernel_v2",1575,2850417706769157,2850417709240227,0,0,24,272,48,256,1,1,176128,1,1
"KERNEL_DISPATCH","Agent 4",1,0,5908,1576,120,"void at::native::vectorized_elementwise_kernel<4, at::native::FillFunctor<int>, std::array<char*, 1ul> >(int, at::native::FillFunctor<int>, std::array<char*, 1ul>)",1576,2850417709249507,2850417709450629,0,0,8,0,16,256,1,1,16777216,1,1
"KERNEL_DISPATCH","Agent 4",1,0,5908,1577,217,"gemm_kernel_v2",1577,2850417709460069,2850417711928898,0,0,24,272,48,256,1,1,176128,1,1
"KERNEL_DISPATCH","Agent 4",1,0,5908,1578,120,"void at::native::vectorized_elementwise_kernel<4, at::native::FillFunctor<int>, std::array<char*, 1ul> >(int, at::native::FillFunctor<int>, std::array<char*, 1ul>)",1578,2850417711938018,2850417712138181,0,0,8,0,16,256,1,1,16777216,1,1
"KERNEL_DISPATCH","Agent 4",1,0,5908,1579,217,"gemm_kernel_v2",1579,2850417712147301,2850417714614530,0,0,24,272,48,256,1,1,176128,1,1
"KERNEL_DISPATCH","Agent 4",1,0,5908,1580,218,"gemm_kernel_v2",1580,2850417719396186,2850417721246608,0,0,112,0,48,512,1,1,352256,1,1
"KERNEL_DISPATCH","Agent 4",1,0,5908,1581,120,"void at::native::vectorized_elementwise_kernel<4, at::native::FillFunctor<int>, std::array<char*, 1ul> >(int, at::native::FillFunctor<int>, std::array<char*, 1ul>)",1581,2850417721324209,2850417721527572,0,0,8,0,16,256,1,1,16777216,1,1
"KERNEL_DISPATCH","Agent 4",1,0,5908,1582,218,"gemm_kernel_v2",1582,2850417721527572,2850417723378473,0,0,112,0,48,512,1,1,352256,1,1
"KERNEL_DISPATCH","Agent 4",1,0,5908,1583,120,"void at::native::vectorized_elementwise_kernel<4, at::native::FillFunctor<int>, std::array<char*, 1ul> >(int, at::native::FillFunctor<int>, std::array<char*, 1ul>)",1583,2850417723378473,2850417723583916,0,0,8,0,16,256,1,1,16777216,1,1
"KERNEL_DISPATCH","Agent 4",1,0,5908,1584,218,"gemm_kernel_v2",1584,2850417723583916,2850417725431138,0,0,112,0,48,512,1,1,352256,1,1
"KERNEL_DISPATCH","Agent 4",1,0,5908,1585,120,"void at::native::vectorized_elementwise_kernel<4, at::native::FillFunctor<int>, std::array<char*, 1ul> >(int, at::native::FillFunctor<int>, std::array<char*, 1ul>)",1585,2850417725431138,2850417725635140,0,0,8,0,16,256,1,1,16777216,1,1
"KERNEL_DISPATCH","Agent 4",1,0,5908,1586,218,"gemm_kernel_v2",1586,2850417725635140,2850417727480602,0,0,112,0,48,512,1,1,352256,1,1
"KERNEL_DISPATCH","Agent 4",1,0,5908,1587,120,"void at::native::vectorized_elementwise_kernel<4, at::native::FillFunctor<int>, std::array<char*, 1ul> >(int, at::native::FillFunctor<int>, std::array<char*, 1ul>)",1587,2850417727480602,2850417727684764,0,0,8,0,16,256,1,1,16777216,1,1
"KERNEL_DISPATCH","Agent 4",1,0,5908,1588,218,"gemm_kernel_v2",1588,2850417727684764,2850417729534226,0,0,112,0,48,512,1,1,352256,1,1
"KERNEL_DISPATCH","Agent 4",1,0,5908,1589,120,"void at::native::vectorized_elementwise_kernel<4, at::native::FillFunctor<int>, std::array<char*, 1ul> >(int, at::native::FillFunctor<int>, std::array<char*, 1ul>)",1589,2850417729534226,2850417729738069,0,0,8,0,16,256,1,1,16777216,1,1
"KERNEL_DISPATCH","Agent 4",1,0,5908,1590,218,"gemm_kernel_v2",1590,2850417729738069,2850417731588330,0,0,112,0,48,512,1,1,352256,1,1
"KERNEL_DISPATCH","Agent 4",1,0,5908,1591,218,"gemm_kernel_v2",1591,2850417731750572,2850417733599554,0,0,112,0,48,512,1,1,352256,1,1
"KERNEL_DISPATCH","Agent 4",1,0,5908,1592,218,"gemm_kernel_v2",1592,2850417733599554,2850417735445816,0,0,112,0,48,512,1,1,352256,1,1
"KERNEL_DISPATCH","Agent 4",1,0,5908,1593,218,"gemm_kernel_v2",1593,2850417735445816,2850417737289358,0,0,112,0,48,512,1,1,352256,1,1
"KERNEL_DISPATCH","Agent 4",1,0,5908,1594,218,"gemm_kernel_v2",1594,2850417737289358,2850417739135940,0,0,112,0,48,512,1,1,352256,1,1
"KERNEL_DISPATCH","Agent 4",1,0,5908,1595,218,"gemm_kernel_v2",1595,2850417739135940,2850417740983641,0,0,112,0,48,512,1,1,352256,1,1
"KERNEL_DISPATCH","Agent 4",1,0,5908,1596,218,"gemm_kernel_v2",1596,2850417740983641,2850417742830383,0,0,112,0,48,512,1,1,352256,1,1
"KERNEL_DISPATCH","Agent 4",1,0,5908,1597,218,"gemm_kernel_v2",1597,2850417742830383,2850417744674725,0,0,112,0,48,512,1,1,352256,1,1
"KERNEL_DISPATCH","Agent 4",1,0,5908,1598,218,"gemm_kernel_v2",1598,2850417744674725,2850417746526907,0,0,112,0,48,512,1,1,352256,1,1
"KERNEL_DISPATCH","Agent 4",1,0,5908,1599,218,"gemm_kernel_v2",1599,2850417746526907,2850417748382289,0,0,112,0,48,512,1,1,352256,1,1
"KERNEL_DISPATCH","Agent 4",1,0,5908,1600,218,"gemm_kernel_v2",1600,2850417748382289,2850417750229990,0,0,112,0,48,512,1,1,352256,1,1
"KERNEL_DISPATCH","Agent 4",1,0,5908,1601,218,"gemm_kernel_v2",1601,2850417750229990,2850417752074492,0,0,112,0,48,512,1,1,352256,1,1
"KERNEL_DISPATCH","Agent 4",1,0,5908,1602,218,"gemm_kernel_v2",1602,2850417752074492,2850417753918994,0,0,112,0,48,512,1,1,352256,1,1
"KERNEL_DISPATCH","Agent 4",1,0,5908,1603,120,"void at::native::vectorized_elementwise_kernel<4, at::native::FillFunctor<int>, std::array<char*, 1ul> >(int, at::native::FillFunctor<int>, std::array<char*, 1ul>)",1603,2850417753918994,2850417754118836,0,0,8,0,16,256,1,1,16777216,1,1
"KERNEL_DISPATCH","Agent 4",1,0,5908,1604,218,"gemm_kernel_v2",1604,2850417754130197,2850417755980298,0,0,112,0,48,512,1,1,352256,1,1
"KERNEL_DISPATCH","Agent 4",1,0,5908,1605,120,"void at::native::vectorized_elementwise_kernel<4, at::native::FillFunctor<int>, std::array<char*, 1ul> >(int, at::native::FillFunctor<int>, std::array<char*, 1ul>)",1605,2850417755989578,2850417756189261,0,0,8,0,16,256,1,1,16777216,1,1
"KERNEL_DISPATCH","Agent 4",1,0,5908,1606,218,"gemm_kernel_v2",1606,2850417756198861,2850417758049603,0,0,112,0,48,512,1,1,352256,1,1
"KERNEL_DISPATCH","Agent 4",1,0,5908,1607,120,"void at::native::vectorized_elementwise_kernel<4, at::native::FillFunctor<int>, std::array<char*, 1ul> >(int, at::native::FillFunctor<int>, std::array<char*, 1ul>)",1607,2850417758059043,2850417758260325,0,0,8,0,16,256,1,1,16777216,1,1
"KERNEL_DISPATCH","Agent 4",1,0,5908,1608,218,"gemm_kernel_v2",1608,2850417758270085,2850417760124987,0,0,112,0,48,512,1,1,352256,1,1
"KERNEL_DISPATCH","Agent 4",1,0,5908,1609,120,"void at::native::vectorized_elementwise_kernel<4, at::native::FillFunctor<int>, std::array<char*, 1ul> >(int, at::native::FillFunctor<int>, std::array<char*, 1ul>)",1609,2850417760134267,2850417760334430,0,0,8,0,16,256,1,1,16777216,1,1
"KERNEL_DISPATCH","Agent 4",1,0,5908,1610,218,"gemm_kernel_v2",1610,2850417760344070,2850417762189692,0,0,112,0,48,512,1,1,352256,1,1
"KERNEL_DISPATCH","Agent 4",1,0,5908,1611,120,"void at::native::vectorized_elementwise_kernel<4, at::native::FillFunctor<int>, std::array<char*, 1ul> >(int, at::native::FillFunctor<int>, std::array<char*, 1ul>)",1611,2850417762198652,2850417762398494,0,0,8,0,16,256,1,1,16777216,1,1
"KERNEL_DISPATCH","Agent 4",1,0,5908,1612,218,"gemm_kernel_v2",1612,2850417762408254,2850417764255636,0,0,112,0,48,512,1,1,352256,1,1
"KERNEL_DISPATCH","Agent 4",1,0,5908,1613,120,"void at::native::vectorized_elementwise_kernel<4, at::native::FillFunctor<int>, std::array<char*, 1ul> >(int, at::native::FillFunctor<int>, std::array<char*, 1ul>)",1613,2850417764264756,2850417764462518,0,0,8,0,16,256,1,1,16777216,1,1
"KERNEL_DISPATCH","Agent 4",1,0,5908,1614,218,"gemm_kernel_v2",1614,2850417764472118,2850417766319980,0,0,112,0,48,512,1,1,352256,1,1
"KERNEL_DISPATCH","Agent 4",1,0,5908,1615,120,"void at::native::vectorized_elementwise_kernel<4, at::native::FillFunctor<int>, std::array<char*, 1ul> >(int, at::native::FillFunctor<int>, std::array<char*, 1ul>)",1615,2850417766329420,2850417766532463,0,0,8,0,16,256,1,1,16777216,1,1
"KERNEL_DISPATCH","Agent 4",1,0,5908,1616,218,"gemm_kernel_v2",1616,2850417766542063,2850417768392325,0,0,112,0,48,512,1,1,352256,1,1
"KERNEL_DISPATCH","Agent 4",1,0,5908,1617,120,"void at::native::vectorized_elementwise_kernel<4, at::native::FillFunctor<int>, std::array<char*, 1ul> >(int, at::native::FillFunctor<int>, std::array<char*, 1ul>)",1617,2850417768402085,2850417768602887,0,0,8,0,16,256,1,1,16777216,1,1
"KERNEL_DISPATCH","Agent 4",1,0,5908,1618,218,"gemm_kernel_v2",1618,2850417768612487,2850417770456349,0,0,112,0,48,512,1,1,352256,1,1
"KERNEL_DISPATCH","Agent 4",1,0,5908,1619,120,"void at::native::vectorized_elementwise_kernel<4, at::native::FillFunctor<int>, std::array<char*, 1ul> >(int, at::native::FillFunctor<int>, std::array<char*, 1ul>)",1619,2850417770466589,2850417770662752,0,0,8,0,16,256,1,1,16777216,1,1
"KERNEL_DISPATCH","Agent 4",1,0,5908,1620,218,"gemm_kernel_v2",1620,2850417770672352,2850417772519254,0,0,112,0,48,512,1,1,352256,1,1
"KERNEL_DISPATCH","Agent 4",1,0,5908,1621,120,"void at::native::vectorized_elementwise_kernel<4, at::native::FillFunctor<int>, std::array<char*, 1ul> >(int, at::native::FillFunctor<int>, std::array<char*, 1ul>)",1621,2850417772528534,2850417772733656,0,0,8,0,16,256,1,1,16777216,1,1
"KERNEL_DISPATCH","Agent 4",1,0,5908,1622,218,"gemm_kernel_v2",1622,2850417772742936,2850417774588558,0,0,112,0,48,512,1,1,352256,1,1
"KERNEL_DISPATCH","Agent 4",1,0,5908,1623,120,"void at::native::vectorized_elementwise_kernel<4, at::native::FillFunctor<int>, std::array<char*, 1ul> >(int, at::native::FillFunctor<int>, std::array<char*, 1ul>)",1623,2850417774597838,2850417774801841,0,0,8,0,16,256,1,1,16777216,1,1
"KERNEL_DISPATCH","Agent 4",1,0,5908,1624,218,"gemm_kernel_v2",1624,2850417774811281,2850417776662823,0,0,112,0,48,512,1,1,352256,1,1
"KERNEL_DISPATCH","Agent 4",1,0,5908,1625,120,"void at::native::vectorized_elementwise_kernel<4, at::native::FillFunctor<int>, std::array<char*, 1ul> >(int, at::native::FillFunctor<int>, std::array<char*, 1ul>)",1625,2850417776672423,2850417776873385,0,0,8,0,16,256,1,1,16777216,1,1
"KERNEL_DISPATCH","Agent 4",1,0,5908,1626,218,"gemm_kernel_v2",1626,2850417776882665,2850417778729887,0,0,112,0,48,512,1,1,352256,1,1
"KERNEL_DISPATCH","Agent 4",1,0,5908,1627,120,"void at::native::vectorized_elementwise_kernel<4, at::native::FillFunctor<int>, std::array<char*, 1ul> >(int, at::native::FillFunctor<int>, std::array<char*, 1ul>)",1627,2850417778739007,2850417778944290,0,0,8,0,16,256,1,1,16777216,1,1
"KERNEL_DISPATCH","Agent 4",1,0,5908,1628,218,"gemm_kernel_v2",1628,2850417778953890,2850417780803192,0,0,112,0,48,512,1,1,352256,1,1
"KERNEL_DISPATCH","Agent 4",1,0,5908,1629,120,"void at::native::vectorized_elementwise_kernel<4, at::native::FillFunctor<int>, std::array<char*, 1ul> >(int, at::native::FillFunctor<int>, std::array<char*, 1ul>)",1629,2850417780812472,2850417781014554,0,0,8,0,16,256,1,1,16777216,1,1
"KERNEL_DISPATCH","Agent 4",1,0,5908,1630,218,"gemm_kernel_v2",1630,2850417781023834,2850417782873296,0,0,112,0,48,512,1,1,352256,1,1
"KERNEL_DISPATCH","Agent 4",1,0,5908,1631,120,"void at::native::vectorized_elementwise_kernel<4, at::native::FillFunctor<int>, std::array<char*, 1ul> >(int, at::native::FillFunctor<int>, std::array<char*, 1ul>)",1631,2850417782882256,2850417783084019,0,0,8,0,16,256,1,1,16777216,1,1
"KERNEL_DISPATCH","Agent 4",1,0,5908,1632,218,"gemm_kernel_v2",1632,2850417783093619,2850417784941161,0,0,112,0,48,512,1,1,352256,1,1
"KERNEL_DISPATCH","Agent 4",1,0,5908,1633,120,"void at::native::vectorized_elementwise_kernel<4, at::native::FillFunctor<int>, std::array<char*, 1ul> >(int, at::native::FillFunctor<int>, std::array<char*, 1ul>)",1633,2850417784950441,2850417785152363,0,0,8,0,16,256,1,1,16777216,1,1
"KERNEL_DISPATCH","Agent 4",1,0,5908,1634,218,"gemm_kernel_v2",1634,2850417785162283,2850417787011265,0,0,112,0,48,512,1,1,352256,1,1
"KERNEL_DISPATCH","Agent 4",1,0,5908,1635,120,"void at::native::vectorized_elementwise_kernel<4, at::native::FillFunctor<int>, std::array<char*, 1ul> >(int, at::native::FillFunctor<int>, std::array<char*, 1ul>)",1635,2850417787020386,2850417787219268,0,0,8,0,16,256,1,1,16777216,1,1
"KERNEL_DISPATCH","Agent 4",1,0,5908,1636,218,"gemm_kernel_v2",1636,2850417787228868,2850417789075290,0,0,112,0,48,512,1,1,352256,1,1
"KERNEL_DISPATCH","Agent 4",1,0,5908,1637,120,"void at::native::vectorized_elementwise_kernel<4, at::native::FillFunctor<int>, std::array<char*, 1ul> >(int, at::native::FillFunctor<int>, std::array<char*, 1ul>)",1637,2850417789084410,2850417789284732,0,0,8,0,16,256,1,1,16777216,1,1
"KERNEL_DISPATCH","Agent 4",1,0,5908,1638,218,"gemm_kernel_v2",1638,2850417789294492,2850417791140594,0,0,112,0,48,512,1,1,352256,1,1
"KERNEL_DISPATCH","Agent 4",1,0,5908,1639,120,"void at::native::vectorized_elementwise_kernel<4, at::native::FillFunctor<int>, std::array<char*, 1ul> >(int, at::native::FillFunctor<int>, std::array<char*, 1ul>)",1639,2850417791149714,2850417791350357,0,0,8,0,16,256,1,1,16777216,1,1
"KERNEL_DISPATCH","Agent 4",1,0,5908,1640,218,"gemm_kernel_v2",1640,2850417791359957,2850417793204299,0,0,112,0,48,512,1,1,352256,1,1
"KERNEL_DISPATCH","Agent 4",1,0,5908,1641,120,"void at::native::vectorized_elementwise_kernel<4, at::native::FillFunctor<int>, std::array<char*, 1ul> >(int, at::native::FillFunctor<int>, std::array<char*, 1ul>)",1641,2850417793213419,2850417793417261,0,0,8,0,16,256,1,1,16777216,1,1
"KERNEL_DISPATCH","Agent 4",1,0,5908,1642,218,"gemm_kernel_v2",1642,2850417793426861,2850417795276003,0,0,112,0,48,512,1,1,352256,1,1
"KERNEL_DISPATCH","Agent 4",1,0,5908,1643,120,"void at::native::vectorized_elementwise_kernel<4, at::native::FillFunctor<int>, std::array<char*, 1ul> >(int, at::native::FillFunctor<int>, std::array<char*, 1ul>)",1643,2850417795285283,2850417795488486,0,0,8,0,16,256,1,1,16777216,1,1
"KERNEL_DISPATCH","Agent 4",1,0,5908,1644,218,"gemm_kernel_v2",1644,2850417795498086,2850417797346268,0,0,112,0,48,512,1,1,352256,1,1
"KERNEL_DISPATCH","Agent 4",1,0,5908,1645,120,"void at::native::vectorized_elementwise_kernel<4, at::native::FillFunctor<int>, std::array<char*, 1ul> >(int, at::native::FillFunctor<int>, std::array<char*, 1ul>)",1645,2850417797355708,2850417797555070,0,0,8,0,16,256,1,1,16777216,1,1
"KERNEL_DISPATCH","Agent 4",1,0,5908,1646,218,"gemm_kernel_v2",1646,2850417797564670,2850417799413172,0,0,112,0,48,512,1,1,352256,1,1
"KERNEL_DISPATCH","Agent 4",1,0,5908,1647,120,"void at::native::vectorized_elementwise_kernel<4, at::native::FillFunctor<int>, std::array<char*, 1ul> >(int, at::native::FillFunctor<int>, std::array<char*, 1ul>)",1647,2850417799422292,2850417799622615,0,0,8,0,16,256,1,1,16777216,1,1
"KERNEL_DISPATCH","Agent 4",1,0,5908,1648,218,"gemm_kernel_v2",1648,2850417799632215,2850417801476717,0,0,112,0,48,512,1,1,352256,1,1
"KERNEL_DISPATCH","Agent 4",1,0,5908,1649,120,"void at::native::vectorized_elementwise_kernel<4, at::native::FillFunctor<int>, std::array<char*, 1ul> >(int, at::native::FillFunctor<int>, std::array<char*, 1ul>)",1649,2850417801486637,2850417801689519,0,0,8,0,16,256,1,1,16777216,1,1
"KERNEL_DISPATCH","Agent 4",1,0,5908,1650,218,"gemm_kernel_v2",1650,2850417801699279,2850417803546821,0,0,112,0,48,512,1,1,352256,1,1
"KERNEL_DISPATCH","Agent 4",1,0,5908,1651,120,"void at::native::vectorized_elementwise_kernel<4, at::native::FillFunctor<int>, std::array<char*, 1ul> >(int, at::native::FillFunctor<int>, std::array<char*, 1ul>)",1651,2850417803555781,2850417803756744,0,0,8,0,16,256,1,1,16777216,1,1
"KERNEL_DISPATCH","Agent 4",1,0,5908,1652,218,"gemm_kernel_v2",1652,2850417803766344,2850417805616286,0,0,112,0,48,512,1,1,352256,1,1
"KERNEL_DISPATCH","Agent 4",1,0,5908,1653,120,"void at::native::vectorized_elementwise_kernel<4, at::native::FillFunctor<int>, std::array<char*, 1ul> >(int, at::native::FillFunctor<int>, std::array<char*, 1ul>)",1653,2850417805625566,2850417805830848,0,0,8,0,16,256,1,1,16777216,1,1
"KERNEL_DISPATCH","Agent 4",1,0,5908,1654,218,"gemm_kernel_v2",1654,2850417805840609,2850417807687510,0,0,112,0,48,512,1,1,352256,1,1
"KERNEL_DISPATCH","Agent 4",1,0,5908,1655,120,"void at::native::vectorized_elementwise_kernel<4, at::native::FillFunctor<int>, std::array<char*, 1ul> >(int, at::native::FillFunctor<int>, std::array<char*, 1ul>)",1655,2850417807696951,2850417807897753,0,0,8,0,16,256,1,1,16777216,1,1
"KERNEL_DISPATCH","Agent 4",1,0,5908,1656,218,"gemm_kernel_v2",1656,2850417807907193,2850417809756015,0,0,112,0,48,512,1,1,352256,1,1
"KERNEL_DISPATCH","Agent 4",1,0,5908,1657,120,"void at::native::vectorized_elementwise_kernel<4, at::native::FillFunctor<int>, std::array<char*, 1ul> >(int, at::native::FillFunctor<int>, std::array<char*, 1ul>)",1657,2850417809765135,2850417809964497,0,0,8,0,16,256,1,1,16777216,1,1
"KERNEL_DISPATCH","Agent 4",1,0,5908,1658,218,"gemm_kernel_v2",1658,2850417809974417,2850417811820679,0,0,112,0,48,512,1,1,352256,1,1
"KERNEL_DISPATCH","Agent 4",1,0,5908,1659,120,"void at::native::vectorized_elementwise_kernel<4, at::native::FillFunctor<int>, std::array<char*, 1ul> >(int, at::native::FillFunctor<int>, std::array<char*, 1ul>)",1659,2850417811830119,2850417812034762,0,0,8,0,16,256,1,1,16777216,1,1
"KERNEL_DISPATCH","Agent 4",1,0,5908,1660,218,"gemm_kernel_v2",1660,2850417812044362,2850417813892704,0,0,112,0,48,512,1,1,352256,1,1
"KERNEL_DISPATCH","Agent 4",1,0,5908,1661,120,"void at::native::vectorized_elementwise_kernel<4, at::native::FillFunctor<int>, std::array<char*, 1ul> >(int, at::native::FillFunctor<int>, std::array<char*, 1ul>)",1661,2850417813901664,2850417814101986,0,0,8,0,16,256,1,1,16777216,1,1
"KERNEL_DISPATCH","Agent 4",1,0,5908,1662,218,"gemm_kernel_v2",1662,2850417814111587,2850417815960728,0,0,112,0,48,512,1,1,352256,1,1
"KERNEL_DISPATCH","Agent 4",1,0,5908,1663,120,"void at::native::vectorized_elementwise_kernel<4, at::native::FillFunctor<int>, std::array<char*, 1ul> >(int, at::native::FillFunctor<int>, std::array<char*, 1ul>)",1663,2850417815970009,2850417816168731,0,0,8,0,16,256,1,1,16777216,1,1
"KERNEL_DISPATCH","Agent 4",1,0,5908,1664,218,"gemm_kernel_v2",1664,2850417816178171,2850417818028433,0,0,112,0,48,512,1,1,352256,1,1
"KERNEL_DISPATCH","Agent 4",1,0,5908,1665,120,"void at::native::vectorized_elementwise_kernel<4, at::native::FillFunctor<int>, std::array<char*, 1ul> >(int, at::native::FillFunctor<int>, std::array<char*, 1ul>)",1665,2850417818037393,2850417818236115,0,0,8,0,16,256,1,1,16777216,1,1
"KERNEL_DISPATCH","Agent 4",1,0,5908,1666,218,"gemm_kernel_v2",1666,2850417818245875,2850417820091177,0,0,112,0,48,512,1,1,352256,1,1
"KERNEL_DISPATCH","Agent 4",1,0,5908,1667,120,"void at::native::vectorized_elementwise_kernel<4, at::native::FillFunctor<int>, std::array<char*, 1ul> >(int, at::native::FillFunctor<int>, std::array<char*, 1ul>)",1667,2850417820100457,2850417820299980,0,0,8,0,16,256,1,1,16777216,1,1
"KERNEL_DISPATCH","Agent 4",1,0,5908,1668,218,"gemm_kernel_v2",1668,2850417820309580,2850417822157922,0,0,112,0,48,512,1,1,352256,1,1
"KERNEL_DISPATCH","Agent 4",1,0,5908,1669,120,"void at::native::vectorized_elementwise_kernel<4, at::native::FillFunctor<int>, std::array<char*, 1ul> >(int, at::native::FillFunctor<int>, std::array<char*, 1ul>)",1669,2850417822166722,2850417822364324,0,0,8,0,16,256,1,1,16777216,1,1
"KERNEL_DISPATCH","Agent 4",1,0,5908,1670,218,"gemm_kernel_v2",1670,2850417822373924,2850417824217626,0,0,112,0,48,512,1,1,352256,1,1
"KERNEL_DISPATCH","Agent 4",1,0,5908,1671,120,"void at::native::vectorized_elementwise_kernel<4, at::native::FillFunctor<int>, std::array<char*, 1ul> >(int, at::native::FillFunctor<int>, std::array<char*, 1ul>)",1671,2850417824227226,2850417824429629,0,0,8,0,16,256,1,1,16777216,1,1
"KERNEL_DISPATCH","Agent 4",1,0,5908,1672,218,"gemm_kernel_v2",1672,2850417824440519,2850417826288060,0,0,112,0,48,512,1,1,352256,1,1
"KERNEL_DISPATCH","Agent 4",1,0,5908,1673,120,"void at::native::vectorized_elementwise_kernel<4, at::native::FillFunctor<int>, std::array<char*, 1ul> >(int, at::native::FillFunctor<int>, std::array<char*, 1ul>)",1673,2850417826297660,2850417826501022,0,0,8,0,16,256,1,1,16777216,1,1
"KERNEL_DISPATCH","Agent 4",1,0,5908,1674,218,"gemm_kernel_v2",1674,2850417826511582,2850417828361684,0,0,112,0,48,512,1,1,352256,1,1
"KERNEL_DISPATCH","Agent 4",1,0,5908,1675,120,"void at::native::vectorized_elementwise_kernel<4, at::native::FillFunctor<int>, std::array<char*, 1ul> >(int, at::native::FillFunctor<int>, std::array<char*, 1ul>)",1675,2850417828370964,2850417828570647,0,0,8,0,16,256,1,1,16777216,1,1
"KERNEL_DISPATCH","Agent 4",1,0,5908,1676,218,"gemm_kernel_v2",1676,2850417828579927,2850417830430189,0,0,112,0,48,512,1,1,352256,1,1
"KERNEL_DISPATCH","Agent 4",1,0,5908,1677,120,"void at::native::vectorized_elementwise_kernel<4, at::native::FillFunctor<int>, std::array<char*, 1ul> >(int, at::native::FillFunctor<int>, std::array<char*, 1ul>)",1677,2850417830439149,2850417830638031,0,0,8,0,16,256,1,1,16777216,1,1
"KERNEL_DISPATCH","Agent 4",1,0,5908,1678,218,"gemm_kernel_v2",1678,2850417830647631,2850417832503813,0,0,112,0,48,512,1,1,352256,1,1
"KERNEL_DISPATCH","Agent 4",1,0,5908,1679,120,"void at::native::vectorized_elementwise_kernel<4, at::native::FillFunctor<int>, std::array<char*, 1ul> >(int, at::native::FillFunctor<int>, std::array<char*, 1ul>)",1679,2850417832513093,2850417832714696,0,0,8,0,16,256,1,1,16777216,1,1
"KERNEL_DISPATCH","Agent 4",1,0,5908,1680,218,"gemm_kernel_v2",1680,2850417832724136,2850417834571198,0,0,112,0,48,512,1,1,352256,1,1
"KERNEL_DISPATCH","Agent 4",1,0,5908,1681,120,"void at::native::vectorized_elementwise_kernel<4, at::native::FillFunctor<int>, std::array<char*, 1ul> >(int, at::native::FillFunctor<int>, std::array<char*, 1ul>)",1681,2850417834580158,2850417834779200,0,0,8,0,16,256,1,1,16777216,1,1
"KERNEL_DISPATCH","Agent 4",1,0,5908,1682,218,"gemm_kernel_v2",1682,2850417834788800,2850417836635862,0,0,112,0,48,512,1,1,352256,1,1
"KERNEL_DISPATCH","Agent 4",1,0,5908,1683,120,"void at::native::vectorized_elementwise_kernel<4, at::native::FillFunctor<int>, std::array<char*, 1ul> >(int, at::native::FillFunctor<int>, std::array<char*, 1ul>)",1683,2850417836645142,2850417836844025,0,0,8,0,16,256,1,1,16777216,1,1
"KERNEL_DISPATCH","Agent 4",1,0,5908,1684,218,"gemm_kernel_v2",1684,2850417836853305,2850417838702927,0,0,112,0,48,512,1,1,352256,1,1
"KERNEL_DISPATCH","Agent 4",1,0,5908,1685,120,"void at::native::vectorized_elementwise_kernel<4, at::native::FillFunctor<int>, std::array<char*, 1ul> >(int, at::native::FillFunctor<int>, std::array<char*, 1ul>)",1685,2850417838712047,2850417838913489,0,0,8,0,16,256,1,1,16777216,1,1
"KERNEL_DISPATCH","Agent 4",1,0,5908,1686,218,"gemm_kernel_v2",1686,2850417838922769,2850417840769671,0,0,112,0,48,512,1,1,352256,1,1
"KERNEL_DISPATCH","Agent 4",1,0,5908,1687,120,"void at::native::vectorized_elementwise_kernel<4, at::native::FillFunctor<int>, std::array<char*, 1ul> >(int, at::native::FillFunctor<int>, std::array<char*, 1ul>)",1687,2850417840778791,2850417840977514,0,0,8,0,16,256,1,1,16777216,1,1
"KERNEL_DISPATCH","Agent 4",1,0,5908,1688,218,"gemm_kernel_v2",1688,2850417840987434,2850417842834496,0,0,112,0,48,512,1,1,352256,1,1
"KERNEL_DISPATCH","Agent 4",1,0,5908,1689,120,"void at::native::vectorized_elementwise_kernel<4, at::native::FillFunctor<int>, std::array<char*, 1ul> >(int, at::native::FillFunctor<int>, std::array<char*, 1ul>)",1689,2850417842843456,2850417843043618,0,0,8,0,16,256,1,1,16777216,1,1
"KERNEL_DISPATCH","Agent 4",1,0,5908,1690,218,"gemm_kernel_v2",1690,2850417843053058,2850417844908280,0,0,112,0,48,512,1,1,352256,1,1
"KERNEL_DISPATCH","Agent 4",1,0,5908,1691,120,"void at::native::vectorized_elementwise_kernel<4, at::native::FillFunctor<int>, std::array<char*, 1ul> >(int, at::native::FillFunctor<int>, std::array<char*, 1ul>)",1691,2850417844917400,2850417845119483,0,0,8,0,16,256,1,1,16777216,1,1
"KERNEL_DISPATCH","Agent 4",1,0,5908,1692,218,"gemm_kernel_v2",1692,2850417845129083,2850417846976145,0,0,112,0,48,512,1,1,352256,1,1
"KERNEL_DISPATCH","Agent 4",1,0,5908,1693,120,"void at::native::vectorized_elementwise_kernel<4, at::native::FillFunctor<int>, std::array<char*, 1ul> >(int, at::native::FillFunctor<int>, std::array<char*, 1ul>)",1693,2850417846985425,2850417847183987,0,0,8,0,16,256,1,1,16777216,1,1
"KERNEL_DISPATCH","Agent 4",1,0,5908,1694,218,"gemm_kernel_v2",1694,2850417847193427,2850417849038569,0,0,112,0,48,512,1,1,352256,1,1
"KERNEL_DISPATCH","Agent 4",1,0,5908,1695,120,"void at::native::vectorized_elementwise_kernel<4, at::native::FillFunctor<int>, std::array<char*, 1ul> >(int, at::native::FillFunctor<int>, std::array<char*, 1ul>)",1695,2850417849047529,2850417849246732,0,0,8,0,16,256,1,1,16777216,1,1
"KERNEL_DISPATCH","Agent 4",1,0,5908,1696,218,"gemm_kernel_v2",1696,2850417849256172,2850417851104514,0,0,112,0,48,512,1,1,352256,1,1
"KERNEL_DISPATCH","Agent 4",1,0,5908,1697,120,"void at::native::vectorized_elementwise_kernel<4, at::native::FillFunctor<int>, std::array<char*, 1ul> >(int, at::native::FillFunctor<int>, std::array<char*, 1ul>)",1697,2850417851113634,2850417851311076,0,0,8,0,16,256,1,1,16777216,1,1
"KERNEL_DISPATCH","Agent 4",1,0,5908,1698,218,"gemm_kernel_v2",1698,2850417851320836,2850417853172058,0,0,112,0,48,512,1,1,352256,1,1
"KERNEL_DISPATCH","Agent 4",1,0,5908,1699,219,"gemm_kernel_v2",1699,2850417858201398,2850417860412464,0,0,40,256,48,256,1,1,176128,1,1
"KERNEL_DISPATCH","Agent 4",1,0,5908,1700,120,"void at::native::vectorized_elementwise_kernel<4, at::native::FillFunctor<int>, std::array<char*, 1ul> >(int, at::native::FillFunctor<int>, std::array<char*, 1ul>)",1700,2850417860490705,2850417860691027,0,0,8,0,16,256,1,1,16777216,1,1
"KERNEL_DISPATCH","Agent 4",1,0,5908,1701,219,"gemm_kernel_v2",1701,2850417860691027,2850417862892493,0,0,40,256,48,256,1,1,176128,1,1
"KERNEL_DISPATCH","Agent 4",1,0,5908,1702,120,"void at::native::vectorized_elementwise_kernel<4, at::native::FillFunctor<int>, std::array<char*, 1ul> >(int, at::native::FillFunctor<int>, std::array<char*, 1ul>)",1702,2850417862892493,2850417863096976,0,0,8,0,16,256,1,1,16777216,1,1
"KERNEL_DISPATCH","Agent 4",1,0,5908,1703,219,"gemm_kernel_v2",1703,2850417863096976,2850417865276842,0,0,40,256,48,256,1,1,176128,1,1
"KERNEL_DISPATCH","Agent 4",1,0,5908,1704,120,"void at::native::vectorized_elementwise_kernel<4, at::native::FillFunctor<int>, std::array<char*, 1ul> >(int, at::native::FillFunctor<int>, std::array<char*, 1ul>)",1704,2850417865276842,2850417865479084,0,0,8,0,16,256,1,1,16777216,1,1
"KERNEL_DISPATCH","Agent 4",1,0,5908,1705,219,"gemm_kernel_v2",1705,2850417865479084,2850417867666790,0,0,40,256,48,256,1,1,176128,1,1
"KERNEL_DISPATCH","Agent 4",1,0,5908,1706,120,"void at::native::vectorized_elementwise_kernel<4, at::native::FillFunctor<int>, std::array<char*, 1ul> >(int, at::native::FillFunctor<int>, std::array<char*, 1ul>)",1706,2850417867666790,2850417867868232,0,0,8,0,16,256,1,1,16777216,1,1
"KERNEL_DISPATCH","Agent 4",1,0,5908,1707,219,"gemm_kernel_v2",1707,2850417867868232,2850417870058658,0,0,40,256,48,256,1,1,176128,1,1
"KERNEL_DISPATCH","Agent 4",1,0,5908,1708,120,"void at::native::vectorized_elementwise_kernel<4, at::native::FillFunctor<int>, std::array<char*, 1ul> >(int, at::native::FillFunctor<int>, std::array<char*, 1ul>)",1708,2850417870058658,2850417870262981,0,0,8,0,16,256,1,1,16777216,1,1
"KERNEL_DISPATCH","Agent 4",1,0,5908,1709,219,"gemm_kernel_v2",1709,2850417870262981,2850417872448127,0,0,40,256,48,256,1,1,176128,1,1
"KERNEL_DISPATCH","Agent 4",1,0,5908,1710,219,"gemm_kernel_v2",1710,2850417873923024,2850417876127850,0,0,40,256,48,256,1,1,176128,1,1
"KERNEL_DISPATCH","Agent 4",1,0,5908,1711,219,"gemm_kernel_v2",1711,2850417876127850,2850417878312036,0,0,40,256,48,256,1,1,176128,1,1
"KERNEL_DISPATCH","Agent 4",1,0,5908,1712,219,"gemm_kernel_v2",1712,2850417878312036,2850417880493982,0,0,40,256,48,256,1,1,176128,1,1
"KERNEL_DISPATCH","Agent 4",1,0,5908,1713,219,"gemm_kernel_v2",1713,2850417880493982,2850417882680888,0,0,40,256,48,256,1,1,176128,1,1
"KERNEL_DISPATCH","Agent 4",1,0,5908,1714,219,"gemm_kernel_v2",1714,2850417882680888,2850417884869554,0,0,40,256,48,256,1,1,176128,1,1
"KERNEL_DISPATCH","Agent 4",1,0,5908,1715,219,"gemm_kernel_v2",1715,2850417884869554,2850417887062540,0,0,40,256,48,256,1,1,176128,1,1
"KERNEL_DISPATCH","Agent 4",1,0,5908,1716,219,"gemm_kernel_v2",1716,2850417887062478,2850417889254823,0,0,40,256,48,256,1,1,176128,1,1
"KERNEL_DISPATCH","Agent 4",1,0,5908,1717,219,"gemm_kernel_v2",1717,2850417889254823,2850417891457249,0,0,40,256,48,256,1,1,176128,1,1
"KERNEL_DISPATCH","Agent 4",1,0,5908,1718,219,"gemm_kernel_v2",1718,2850417891457249,2850417893650234,0,0,40,256,48,256,1,1,176128,1,1
"KERNEL_DISPATCH","Agent 4",1,0,5908,1719,219,"gemm_kernel_v2",1719,2850417893650234,2850417895836180,0,0,40,256,48,256,1,1,176128,1,1
"KERNEL_DISPATCH","Agent 4",1,0,5908,1720,120,"void at::native::vectorized_elementwise_kernel<4, at::native::FillFunctor<int>, std::array<char*, 1ul> >(int, at::native::FillFunctor<int>, std::array<char*, 1ul>)",1720,2850417895836180,2850417896041783,0,0,8,0,16,256,1,1,16777216,1,1
"KERNEL_DISPATCH","Agent 4",1,0,5908,1721,219,"gemm_kernel_v2",1721,2850417896052983,2850417898244209,0,0,40,256,48,256,1,1,176128,1,1
"KERNEL_DISPATCH","Agent 4",1,0,5908,1722,120,"void at::native::vectorized_elementwise_kernel<4, at::native::FillFunctor<int>, std::array<char*, 1ul> >(int, at::native::FillFunctor<int>, std::array<char*, 1ul>)",1722,2850417898253489,2850417898454131,0,0,8,0,16,256,1,1,16777216,1,1
"KERNEL_DISPATCH","Agent 4",1,0,5908,1723,219,"gemm_kernel_v2",1723,2850417898463891,2850417900654797,0,0,40,256,48,256,1,1,176128,1,1
"KERNEL_DISPATCH","Agent 4",1,0,5908,1724,120,"void at::native::vectorized_elementwise_kernel<4, at::native::FillFunctor<int>, std::array<char*, 1ul> >(int, at::native::FillFunctor<int>, std::array<char*, 1ul>)",1724,2850417900664078,2850417900868560,0,0,8,0,16,256,1,1,16777216,1,1
"KERNEL_DISPATCH","Agent 4",1,0,5908,1725,219,"gemm_kernel_v2",1725,2850417900877840,2850417903075786,0,0,40,256,48,256,1,1,176128,1,1
"KERNEL_DISPATCH","Agent 4",1,0,5908,1726,120,"void at::native::vectorized_elementwise_kernel<4, at::native::FillFunctor<int>, std::array<char*, 1ul> >(int, at::native::FillFunctor<int>, std::array<char*, 1ul>)",1726,2850417903084746,2850417903287309,0,0,8,0,16,256,1,1,16777216,1,1
"KERNEL_DISPATCH","Agent 4",1,0,5908,1727,219,"gemm_kernel_v2",1727,2850417903296749,2850417905492615,0,0,40,256,48,256,1,1,176128,1,1
"KERNEL_DISPATCH","Agent 4",1,0,5908,1728,120,"void at::native::vectorized_elementwise_kernel<4, at::native::FillFunctor<int>, std::array<char*, 1ul> >(int, at::native::FillFunctor<int>, std::array<char*, 1ul>)",1728,2850417905501735,2850417905702537,0,0,8,0,16,256,1,1,16777216,1,1
"KERNEL_DISPATCH","Agent 4",1,0,5908,1729,219,"gemm_kernel_v2",1729,2850417905711977,2850417907902563,0,0,40,256,48,256,1,1,176128,1,1
"KERNEL_DISPATCH","Agent 4",1,0,5908,1730,120,"void at::native::vectorized_elementwise_kernel<4, at::native::FillFunctor<int>, std::array<char*, 1ul> >(int, at::native::FillFunctor<int>, std::array<char*, 1ul>)",1730,2850417907911843,2850417908118246,0,0,8,0,16,256,1,1,16777216,1,1
"KERNEL_DISPATCH","Agent 4",1,0,5908,1731,219,"gemm_kernel_v2",1731,2850417908128166,2850417910324032,0,0,40,256,48,256,1,1,176128,1,1
"KERNEL_DISPATCH","Agent 4",1,0,5908,1732,120,"void at::native::vectorized_elementwise_kernel<4, at::native::FillFunctor<int>, std::array<char*, 1ul> >(int, at::native::FillFunctor<int>, std::array<char*, 1ul>)",1732,2850417910332992,2850417910531874,0,0,8,0,16,256,1,1,16777216,1,1
"KERNEL_DISPATCH","Agent 4",1,0,5908,1733,219,"gemm_kernel_v2",1733,2850417910541154,2850417912738460,0,0,40,256,48,256,1,1,176128,1,1
"KERNEL_DISPATCH","Agent 4",1,0,5908,1734,120,"void at::native::vectorized_elementwise_kernel<4, at::native::FillFunctor<int>, std::array<char*, 1ul> >(int, at::native::FillFunctor<int>, std::array<char*, 1ul>)",1734,2850417912747581,2850417912949983,0,0,8,0,16,256,1,1,16777216,1,1
"KERNEL_DISPATCH","Agent 4",1,0,5908,1735,219,"gemm_kernel_v2",1735,2850417912959903,2850417915141049,0,0,40,256,48,256,1,1,176128,1,1
"KERNEL_DISPATCH","Agent 4",1,0,5908,1736,120,"void at::native::vectorized_elementwise_kernel<4, at::native::FillFunctor<int>, std::array<char*, 1ul> >(int, at::native::FillFunctor<int>, std::array<char*, 1ul>)",1736,2850417915150169,2850417915347611,0,0,8,0,16,256,1,1,16777216,1,1
"KERNEL_DISPATCH","Agent 4",1,0,5908,1737,219,"gemm_kernel_v2",1737,2850417915357211,2850417917547797,0,0,40,256,48,256,1,1,176128,1,1
"KERNEL_DISPATCH","Agent 4",1,0,5908,1738,120,"void at::native::vectorized_elementwise_kernel<4, at::native::FillFunctor<int>, std::array<char*, 1ul> >(int, at::native::FillFunctor<int>, std::array<char*, 1ul>)",1738,2850417917556917,2850417917756920,0,0,8,0,16,256,1,1,16777216,1,1
"KERNEL_DISPATCH","Agent 4",1,0,5908,1739,219,"gemm_kernel_v2",1739,2850417917766520,2850417919954226,0,0,40,256,48,256,1,1,176128,1,1
"KERNEL_DISPATCH","Agent 4",1,0,5908,1740,120,"void at::native::vectorized_elementwise_kernel<4, at::native::FillFunctor<int>, std::array<char*, 1ul> >(int, at::native::FillFunctor<int>, std::array<char*, 1ul>)",1740,2850417919963186,2850417920166068,0,0,8,0,16,256,1,1,16777216,1,1
"KERNEL_DISPATCH","Agent 4",1,0,5908,1741,219,"gemm_kernel_v2",1741,2850417920175348,2850417922365454,0,0,40,256,48,256,1,1,176128,1,1
"KERNEL_DISPATCH","Agent 4",1,0,5908,1742,120,"void at::native::vectorized_elementwise_kernel<4, at::native::FillFunctor<int>, std::array<char*, 1ul> >(int, at::native::FillFunctor<int>, std::array<char*, 1ul>)",1742,2850417922374415,2850417922576017,0,0,8,0,16,256,1,1,16777216,1,1
"KERNEL_DISPATCH","Agent 4",1,0,5908,1743,219,"gemm_kernel_v2",1743,2850417922585937,2850417924772523,0,0,40,256,48,256,1,1,176128,1,1
"KERNEL_DISPATCH","Agent 4",1,0,5908,1744,120,"void at::native::vectorized_elementwise_kernel<4, at::native::FillFunctor<int>, std::array<char*, 1ul> >(int, at::native::FillFunctor<int>, std::array<char*, 1ul>)",1744,2850417924781963,2850417924985005,0,0,8,0,16,256,1,1,16777216,1,1
"KERNEL_DISPATCH","Agent 4",1,0,5908,1745,219,"gemm_kernel_v2",1745,2850417924994766,2850417927181031,0,0,40,256,48,256,1,1,176128,1,1
"KERNEL_DISPATCH","Agent 4",1,0,5908,1746,120,"void at::native::vectorized_elementwise_kernel<4, at::native::FillFunctor<int>, std::array<char*, 1ul> >(int, at::native::FillFunctor<int>, std::array<char*, 1ul>)",1746,2850417927190152,2850417927389354,0,0,8,0,16,256,1,1,16777216,1,1
"KERNEL_DISPATCH","Agent 4",1,0,5908,1747,219,"gemm_kernel_v2",1747,2850417927398954,2850417929599940,0,0,40,256,48,256,1,1,176128,1,1
"KERNEL_DISPATCH","Agent 4",1,0,5908,1748,120,"void at::native::vectorized_elementwise_kernel<4, at::native::FillFunctor<int>, std::array<char*, 1ul> >(int, at::native::FillFunctor<int>, std::array<char*, 1ul>)",1748,2850417929609060,2850417929812903,0,0,8,0,16,256,1,1,16777216,1,1
"KERNEL_DISPATCH","Agent 4",1,0,5908,1749,219,"gemm_kernel_v2",1749,2850417929822183,2850417932011649,0,0,40,256,48,256,1,1,176128,1,1
"KERNEL_DISPATCH","Agent 4",1,0,5908,1750,120,"void at::native::vectorized_elementwise_kernel<4, at::native::FillFunctor<int>, std::array<char*, 1ul> >(int, at::native::FillFunctor<int>, std::array<char*, 1ul>)",1750,2850417932020929,2850417932218371,0,0,8,0,16,256,1,1,16777216,1,1
"KERNEL_DISPATCH","Agent 4",1,0,5908,1751,219,"gemm_kernel_v2",1751,2850417932227971,2850417934421437,0,0,40,256,48,256,1,1,176128,1,1
"KERNEL_DISPATCH","Agent 4",1,0,5908,1752,120,"void at::native::vectorized_elementwise_kernel<4, at::native::FillFunctor<int>, std::array<char*, 1ul> >(int, at::native::FillFunctor<int>, std::array<char*, 1ul>)",1752,2850417934430557,2850417934633760,0,0,8,0,16,256,1,1,16777216,1,1
"KERNEL_DISPATCH","Agent 4",1,0,5908,1753,219,"gemm_kernel_v2",1753,2850417934643360,2850417936830586,0,0,40,256,48,256,1,1,176128,1,1
"KERNEL_DISPATCH","Agent 4",1,0,5908,1754,120,"void at::native::vectorized_elementwise_kernel<4, at::native::FillFunctor<int>, std::array<char*, 1ul> >(int, at::native::FillFunctor<int>, std::array<char*, 1ul>)",1754,2850417936840026,2850417937039388,0,0,8,0,16,256,1,1,16777216,1,1
"KERNEL_DISPATCH","Agent 4",1,0,5908,1755,219,"gemm_kernel_v2",1755,2850417937048988,2850417939240694,0,0,40,256,48,256,1,1,176128,1,1
"KERNEL_DISPATCH","Agent 4",1,0,5908,1756,120,"void at::native::vectorized_elementwise_kernel<4, at::native::FillFunctor<int>, std::array<char*, 1ul> >(int, at::native::FillFunctor<int>, std::array<char*, 1ul>)",1756,2850417939249654,2850417939449497,0,0,8,0,16,256,1,1,16777216,1,1
"KERNEL_DISPATCH","Agent 4",1,0,5908,1757,219,"gemm_kernel_v2",1757,2850417939459097,2850417941658483,0,0,40,256,48,256,1,1,176128,1,1
"KERNEL_DISPATCH","Agent 4",1,0,5908,1758,120,"void at::native::vectorized_elementwise_kernel<4, at::native::FillFunctor<int>, std::array<char*, 1ul> >(int, at::native::FillFunctor<int>, std::array<char*, 1ul>)",1758,2850417941667763,2850417941871765,0,0,8,0,16,256,1,1,16777216,1,1
"KERNEL_DISPATCH","Agent 4",1,0,5908,1759,219,"gemm_kernel_v2",1759,2850417941881685,2850417944067631,0,0,40,256,48,256,1,1,176128,1,1
"KERNEL_DISPATCH","Agent 4",1,0,5908,1760,120,"void at::native::vectorized_elementwise_kernel<4, at::native::FillFunctor<int>, std::array<char*, 1ul> >(int, at::native::FillFunctor<int>, std::array<char*, 1ul>)",1760,2850417944076591,2850417944277874,0,0,8,0,16,256,1,1,16777216,1,1
"KERNEL_DISPATCH","Agent 4",1,0,5908,1761,219,"gemm_kernel_v2",1761,2850417944287474,2850417946483500,0,0,40,256,48,256,1,1,176128,1,1
"KERNEL_DISPATCH","Agent 4",1,0,5908,1762,120,"void at::native::vectorized_elementwise_kernel<4, at::native::FillFunctor<int>, std::array<char*, 1ul> >(int, at::native::FillFunctor<int>, std::array<char*, 1ul>)",1762,2850417946493420,2850417946692622,0,0,8,0,16,256,1,1,16777216,1,1
"KERNEL_DISPATCH","Agent 4",1,0,5908,1763,219,"gemm_kernel_v2",1763,2850417946702383,2850417948887848,0,0,40,256,48,256,1,1,176128,1,1
"KERNEL_DISPATCH","Agent 4",1,0,5908,1764,120,"void at::native::vectorized_elementwise_kernel<4, at::native::FillFunctor<int>, std::array<char*, 1ul> >(int, at::native::FillFunctor<int>, std::array<char*, 1ul>)",1764,2850417948897128,2850417949098571,0,0,8,0,16,256,1,1,16777216,1,1
"KERNEL_DISPATCH","Agent 4",1,0,5908,1765,219,"gemm_kernel_v2",1765,2850417949107691,2850417951300677,0,0,40,256,48,256,1,1,176128,1,1
"KERNEL_DISPATCH","Agent 4",1,0,5908,1766,120,"void at::native::vectorized_elementwise_kernel<4, at::native::FillFunctor<int>, std::array<char*, 1ul> >(int, at::native::FillFunctor<int>, std::array<char*, 1ul>)",1766,2850417951309957,2850417951510919,0,0,8,0,16,256,1,1,16777216,1,1
"KERNEL_DISPATCH","Agent 4",1,0,5908,1767,219,"gemm_kernel_v2",1767,2850417951520770,2850417953717756,0,0,40,256,48,256,1,1,176128,1,1
"KERNEL_DISPATCH","Agent 4",1,0,5908,1768,120,"void at::native::vectorized_elementwise_kernel<4, at::native::FillFunctor<int>, std::array<char*, 1ul> >(int, at::native::FillFunctor<int>, std::array<char*, 1ul>)",1768,2850417953726876,2850417953928478,0,0,8,0,16,256,1,1,16777216,1,1
"KERNEL_DISPATCH","Agent 4",1,0,5908,1769,219,"gemm_kernel_v2",1769,2850417953937918,2850417956125304,0,0,40,256,48,256,1,1,176128,1,1
"KERNEL_DISPATCH","Agent 4",1,0,5908,1770,120,"void at::native::vectorized_elementwise_kernel<4, at::native::FillFunctor<int>, std::array<char*, 1ul> >(int, at::native::FillFunctor<int>, std::array<char*, 1ul>)",1770,2850417956134584,2850417956333306,0,0,8,0,16,256,1,1,16777216,1,1
"KERNEL_DISPATCH","Agent 4",1,0,5908,1771,219,"gemm_kernel_v2",1771,2850417956343066,2850417958537012,0,0,40,256,48,256,1,1,176128,1,1
"KERNEL_DISPATCH","Agent 4",1,0,5908,1772,120,"void at::native::vectorized_elementwise_kernel<4, at::native::FillFunctor<int>, std::array<char*, 1ul> >(int, at::native::FillFunctor<int>, std::array<char*, 1ul>)",1772,2850417958546133,2850417958743895,0,0,8,0,16,256,1,1,16777216,1,1
"KERNEL_DISPATCH","Agent 4",1,0,5908,1773,219,"gemm_kernel_v2",1773,2850417958753175,2850417960945841,0,0,40,256,48,256,1,1,176128,1,1
"KERNEL_DISPATCH","Agent 4",1,0,5908,1774,120,"void at::native::vectorized_elementwise_kernel<4, at::native::FillFunctor<int>, std::array<char*, 1ul> >(int, at::native::FillFunctor<int>, std::array<char*, 1ul>)",1774,2850417960955121,2850417961155763,0,0,8,0,16,256,1,1,16777216,1,1
"KERNEL_DISPATCH","Agent 4",1,0,5908,1775,219,"gemm_kernel_v2",1775,2850417961165843,2850417963370030,0,0,40,256,48,256,1,1,176128,1,1
"KERNEL_DISPATCH","Agent 4",1,0,5908,1776,120,"void at::native::vectorized_elementwise_kernel<4, at::native::FillFunctor<int>, std::array<char*, 1ul> >(int, at::native::FillFunctor<int>, std::array<char*, 1ul>)",1776,2850417963379310,2850417963582832,0,0,8,0,16,256,1,1,16777216,1,1
"KERNEL_DISPATCH","Agent 4",1,0,5908,1777,219,"gemm_kernel_v2",1777,2850417963592432,2850417965787818,0,0,40,256,48,256,1,1,176128,1,1
"KERNEL_DISPATCH","Agent 4",1,0,5908,1778,120,"void at::native::vectorized_elementwise_kernel<4, at::native::FillFunctor<int>, std::array<char*, 1ul> >(int, at::native::FillFunctor<int>, std::array<char*, 1ul>)",1778,2850417965796938,2850417965996781,0,0,8,0,16,256,1,1,16777216,1,1
"KERNEL_DISPATCH","Agent 4",1,0,5908,1779,219,"gemm_kernel_v2",1779,2850417966006861,2850417968203687,0,0,40,256,48,256,1,1,176128,1,1
"KERNEL_DISPATCH","Agent 4",1,0,5908,1780,120,"void at::native::vectorized_elementwise_kernel<4, at::native::FillFunctor<int>, std::array<char*, 1ul> >(int, at::native::FillFunctor<int>, std::array<char*, 1ul>)",1780,2850417968212807,2850417968410249,0,0,8,0,16,256,1,1,16777216,1,1
"KERNEL_DISPATCH","Agent 4",1,0,5908,1781,219,"gemm_kernel_v2",1781,2850417968419529,2850417970607395,0,0,40,256,48,256,1,1,176128,1,1
"KERNEL_DISPATCH","Agent 4",1,0,5908,1782,120,"void at::native::vectorized_elementwise_kernel<4, at::native::FillFunctor<int>, std::array<char*, 1ul> >(int, at::native::FillFunctor<int>, std::array<char*, 1ul>)",1782,2850417970616515,2850417970816678,0,0,8,0,16,256,1,1,16777216,1,1
"KERNEL_DISPATCH","Agent 4",1,0,5908,1783,219,"gemm_kernel_v2",1783,2850417970826438,2850417973026624,0,0,40,256,48,256,1,1,176128,1,1
"KERNEL_DISPATCH","Agent 4",1,0,5908,1784,120,"void at::native::vectorized_elementwise_kernel<4, at::native::FillFunctor<int>, std::array<char*, 1ul> >(int, at::native::FillFunctor<int>, std::array<char*, 1ul>)",1784,2850417973035584,2850417973234786,0,0,8,0,16,256,1,1,16777216,1,1
"KERNEL_DISPATCH","Agent 4",1,0,5908,1785,219,"gemm_kernel_v2",1785,2850417973244226,2850417975439612,0,0,40,256,48,256,1,1,176128,1,1
"KERNEL_DISPATCH","Agent 4",1,0,5908,1786,120,"void at::native::vectorized_elementwise_kernel<4, at::native::FillFunctor<int>, std::array<char*, 1ul> >(int, at::native::FillFunctor<int>, std::array<char*, 1ul>)",1786,2850417975448892,2850417975646975,0,0,8,0,16,256,1,1,16777216,1,1
"KERNEL_DISPATCH","Agent 4",1,0,5908,1787,219,"gemm_kernel_v2",1787,2850417975656415,2850417977842681,0,0,40,256,48,256,1,1,176128,1,1
"KERNEL_DISPATCH","Agent 4",1,0,5908,1788,120,"void at::native::vectorized_elementwise_kernel<4, at::native::FillFunctor<int>, std::array<char*, 1ul> >(int, at::native::FillFunctor<int>, std::array<char*, 1ul>)",1788,2850417977851801,2850417978052923,0,0,8,0,16,256,1,1,16777216,1,1
"KERNEL_DISPATCH","Agent 4",1,0,5908,1789,219,"gemm_kernel_v2",1789,2850417978062363,2850417980241269,0,0,40,256,48,256,1,1,176128,1,1
"KERNEL_DISPATCH","Agent 4",1,0,5908,1790,120,"void at::native::vectorized_elementwise_kernel<4, at::native::FillFunctor<int>, std::array<char*, 1ul> >(int, at::native::FillFunctor<int>, std::array<char*, 1ul>)",1790,2850417980250709,2850417980452152,0,0,8,0,16,256,1,1,16777216,1,1
"KERNEL_DISPATCH","Agent 4",1,0,5908,1791,219,"gemm_kernel_v2",1791,2850417980461592,2850417982648817,0,0,40,256,48,256,1,1,176128,1,1
"KERNEL_DISPATCH","Agent 4",1,0,5908,1792,120,"void at::native::vectorized_elementwise_kernel<4, at::native::FillFunctor<int>, std::array<char*, 1ul> >(int, at::native::FillFunctor<int>, std::array<char*, 1ul>)",1792,2850417982658738,2850417982860180,0,0,8,0,16,256,1,1,16777216,1,1
"KERNEL_DISPATCH","Agent 4",1,0,5908,1793,219,"gemm_kernel_v2",1793,2850417982870100,2850417985062286,0,0,40,256,48,256,1,1,176128,1,1
"KERNEL_DISPATCH","Agent 4",1,0,5908,1794,120,"void at::native::vectorized_elementwise_kernel<4, at::native::FillFunctor<int>, std::array<char*, 1ul> >(int, at::native::FillFunctor<int>, std::array<char*, 1ul>)",1794,2850417985072046,2850417985271888,0,0,8,0,16,256,1,1,16777216,1,1
"KERNEL_DISPATCH","Agent 4",1,0,5908,1795,219,"gemm_kernel_v2",1795,2850417985281809,2850417987475915,0,0,40,256,48,256,1,1,176128,1,1
"KERNEL_DISPATCH","Agent 4",1,0,5908,1796,120,"void at::native::vectorized_elementwise_kernel<4, at::native::FillFunctor<int>, std::array<char*, 1ul> >(int, at::native::FillFunctor<int>, std::array<char*, 1ul>)",1796,2850417987485515,2850417987683917,0,0,8,0,16,256,1,1,16777216,1,1
"KERNEL_DISPATCH","Agent 4",1,0,5908,1797,219,"gemm_kernel_v2",1797,2850417987693357,2850417989881863,0,0,40,256,48,256,1,1,176128,1,1
"KERNEL_DISPATCH","Agent 4",1,0,5908,1798,120,"void at::native::vectorized_elementwise_kernel<4, at::native::FillFunctor<int>, std::array<char*, 1ul> >(int, at::native::FillFunctor<int>, std::array<char*, 1ul>)",1798,2850417989891143,2850417990093545,0,0,8,0,16,256,1,1,16777216,1,1
"KERNEL_DISPATCH","Agent 4",1,0,5908,1799,219,"gemm_kernel_v2",1799,2850417990103466,2850417992292291,0,0,40,256,48,256,1,1,176128,1,1
"KERNEL_DISPATCH","Agent 4",1,0,5908,1800,120,"void at::native::vectorized_elementwise_kernel<4, at::native::FillFunctor<int>, std::array<char*, 1ul> >(int, at::native::FillFunctor<int>, std::array<char*, 1ul>)",1800,2850417992301412,2850417992499334,0,0,8,0,16,256,1,1,16777216,1,1
"KERNEL_DISPATCH","Agent 4",1,0,5908,1801,219,"gemm_kernel_v2",1801,2850417992508774,2850417994700800,0,0,40,256,48,256,1,1,176128,1,1
"KERNEL_DISPATCH","Agent 4",1,0,5908,1802,220,"gemm_kernel_v2",1802,2850417999576698,2850418001606642,0,0,124,4,48,512,1,1,352256,1,1
"KERNEL_DISPATCH","Agent 4",1,0,5908,1803,120,"void at::native::vectorized_elementwise_kernel<4, at::native::FillFunctor<int>, std::array<char*, 1ul> >(int, at::native::FillFunctor<int>, std::array<char*, 1ul>)",1803,2850418001684883,2850418001882965,0,0,8,0,16,256,1,1,16777216,1,1
"KERNEL_DISPATCH","Agent 4",1,0,5908,1804,220,"gemm_kernel_v2",1804,2850418001882965,2850418003903469,0,0,124,4,48,512,1,1,352256,1,1
"KERNEL_DISPATCH","Agent 4",1,0,5908,1805,120,"void at::native::vectorized_elementwise_kernel<4, at::native::FillFunctor<int>, std::array<char*, 1ul> >(int, at::native::FillFunctor<int>, std::array<char*, 1ul>)",1805,2850418003903469,2850418004107791,0,0,8,0,16,256,1,1,16777216,1,1
"KERNEL_DISPATCH","Agent 4",1,0,5908,1806,220,"gemm_kernel_v2",1806,2850418004107791,2850418006132775,0,0,124,4,48,512,1,1,352256,1,1
"KERNEL_DISPATCH","Agent 4",1,0,5908,1807,120,"void at::native::vectorized_elementwise_kernel<4, at::native::FillFunctor<int>, std::array<char*, 1ul> >(int, at::native::FillFunctor<int>, std::array<char*, 1ul>)",1807,2850418006132775,2850418006335818,0,0,8,0,16,256,1,1,16777216,1,1
"KERNEL_DISPATCH","Agent 4",1,0,5908,1808,220,"gemm_kernel_v2",1808,2850418006335818,2850418008360801,0,0,124,4,48,512,1,1,352256,1,1
"KERNEL_DISPATCH","Agent 4",1,0,5908,1809,120,"void at::native::vectorized_elementwise_kernel<4, at::native::FillFunctor<int>, std::array<char*, 1ul> >(int, at::native::FillFunctor<int>, std::array<char*, 1ul>)",1809,2850418008360801,2850418008565604,0,0,8,0,16,256,1,1,16777216,1,1
"KERNEL_DISPATCH","Agent 4",1,0,5908,1810,220,"gemm_kernel_v2",1810,2850418008565604,2850418010588508,0,0,124,4,48,512,1,1,352256,1,1
"KERNEL_DISPATCH","Agent 4",1,0,5908,1811,120,"void at::native::vectorized_elementwise_kernel<4, at::native::FillFunctor<int>, std::array<char*, 1ul> >(int, at::native::FillFunctor<int>, std::array<char*, 1ul>)",1811,2850418010588508,2850418010790270,0,0,8,0,16,256,1,1,16777216,1,1
"KERNEL_DISPATCH","Agent 4",1,0,5908,1812,220,"gemm_kernel_v2",1812,2850418010790270,2850418012817494,0,0,124,4,48,512,1,1,352256,1,1
"KERNEL_DISPATCH","Agent 4",1,0,5908,1813,220,"gemm_kernel_v2",1813,2850418012965496,2850418014989200,0,0,124,4,48,512,1,1,352256,1,1
"KERNEL_DISPATCH","Agent 4",1,0,5908,1814,220,"gemm_kernel_v2",1814,2850418014989091,2850418017014715,0,0,124,4,48,512,1,1,352256,1,1
"KERNEL_DISPATCH","Agent 4",1,0,5908,1815,220,"gemm_kernel_v2",1815,2850418017014715,2850418019033298,0,0,124,4,48,512,1,1,352256,1,1
"KERNEL_DISPATCH","Agent 4",1,0,5908,1816,220,"gemm_kernel_v2",1816,2850418019033298,2850418021052042,0,0,124,4,48,512,1,1,352256,1,1
"KERNEL_DISPATCH","Agent 4",1,0,5908,1817,220,"gemm_kernel_v2",1817,2850418021052042,2850418023077506,0,0,124,4,48,512,1,1,352256,1,1
"KERNEL_DISPATCH","Agent 4",1,0,5908,1818,220,"gemm_kernel_v2",1818,2850418023077506,2850418025101370,0,0,124,4,48,512,1,1,352256,1,1
"KERNEL_DISPATCH","Agent 4",1,0,5908,1819,220,"gemm_kernel_v2",1819,2850418025101370,2850418027122194,0,0,124,4,48,512,1,1,352256,1,1
"KERNEL_DISPATCH","Agent 4",1,0,5908,1820,220,"gemm_kernel_v2",1820,2850418027122194,2850418029141417,0,0,124,4,48,512,1,1,352256,1,1
"KERNEL_DISPATCH","Agent 4",1,0,5908,1821,220,"gemm_kernel_v2",1821,2850418029141417,2850418031168801,0,0,124,4,48,512,1,1,352256,1,1
"KERNEL_DISPATCH","Agent 4",1,0,5908,1822,220,"gemm_kernel_v2",1822,2850418031168801,2850418033186745,0,0,124,4,48,512,1,1,352256,1,1
"KERNEL_DISPATCH","Agent 4",1,0,5908,1823,220,"gemm_kernel_v2",1823,2850418033186745,2850418035209649,0,0,124,4,48,512,1,1,352256,1,1
"KERNEL_DISPATCH","Agent 4",1,0,5908,1824,120,"void at::native::vectorized_elementwise_kernel<4, at::native::FillFunctor<int>, std::array<char*, 1ul> >(int, at::native::FillFunctor<int>, std::array<char*, 1ul>)",1824,2850418035209649,2850418035415092,0,0,8,0,16,256,1,1,16777216,1,1
"KERNEL_DISPATCH","Agent 4",1,0,5908,1825,220,"gemm_kernel_v2",1825,2850418035426452,2850418037457516,0,0,124,4,48,512,1,1,352256,1,1
"KERNEL_DISPATCH","Agent 4",1,0,5908,1826,120,"void at::native::vectorized_elementwise_kernel<4, at::native::FillFunctor<int>, std::array<char*, 1ul> >(int, at::native::FillFunctor<int>, std::array<char*, 1ul>)",1826,2850418037466796,2850418037663598,0,0,8,0,16,256,1,1,16777216,1,1
"KERNEL_DISPATCH","Agent 4",1,0,5908,1827,220,"gemm_kernel_v2",1827,2850418037673358,2850418039696582,0,0,124,4,48,512,1,1,352256,1,1
"KERNEL_DISPATCH","Agent 4",1,0,5908,1828,120,"void at::native::vectorized_elementwise_kernel<4, at::native::FillFunctor<int>, std::array<char*, 1ul> >(int, at::native::FillFunctor<int>, std::array<char*, 1ul>)",1828,2850418039705702,2850418039907785,0,0,8,0,16,256,1,1,16777216,1,1
"KERNEL_DISPATCH","Agent 4",1,0,5908,1829,220,"gemm_kernel_v2",1829,2850418039917385,2850418041943169,0,0,124,4,48,512,1,1,352256,1,1
"KERNEL_DISPATCH","Agent 4",1,0,5908,1830,120,"void at::native::vectorized_elementwise_kernel<4, at::native::FillFunctor<int>, std::array<char*, 1ul> >(int, at::native::FillFunctor<int>, std::array<char*, 1ul>)",1830,2850418041952449,2850418042157251,0,0,8,0,16,256,1,1,16777216,1,1
"KERNEL_DISPATCH","Agent 4",1,0,5908,1831,220,"gemm_kernel_v2",1831,2850418042167011,2850418044204475,0,0,124,4,48,512,1,1,352256,1,1
"KERNEL_DISPATCH","Agent 4",1,0,5908,1832,120,"void at::native::vectorized_elementwise_kernel<4, at::native::FillFunctor<int>, std::array<char*, 1ul> >(int, at::native::FillFunctor<int>, std::array<char*, 1ul>)",1832,2850418044213435,2850418044417598,0,0,8,0,16,256,1,1,16777216,1,1
"KERNEL_DISPATCH","Agent 4",1,0,5908,1833,220,"gemm_kernel_v2",1833,2850418044427198,2850418046452342,0,0,124,4,48,512,1,1,352256,1,1
"KERNEL_DISPATCH","Agent 4",1,0,5908,1834,120,"void at::native::vectorized_elementwise_kernel<4, at::native::FillFunctor<int>, std::array<char*, 1ul> >(int, at::native::FillFunctor<int>, std::array<char*, 1ul>)",1834,2850418046461622,2850418046661624,0,0,8,0,16,256,1,1,16777216,1,1
"KERNEL_DISPATCH","Agent 4",1,0,5908,1835,220,"gemm_kernel_v2",1835,2850418046671224,2850418048692528,0,0,124,4,48,512,1,1,352256,1,1
"KERNEL_DISPATCH","Agent 4",1,0,5908,1836,120,"void at::native::vectorized_elementwise_kernel<4, at::native::FillFunctor<int>, std::array<char*, 1ul> >(int, at::native::FillFunctor<int>, std::array<char*, 1ul>)",1836,2850418048701808,2850418048901011,0,0,8,0,16,256,1,1,16777216,1,1
"KERNEL_DISPATCH","Agent 4",1,0,5908,1837,220,"gemm_kernel_v2",1837,2850418048910611,2850418050931595,0,0,124,4,48,512,1,1,352256,1,1
"KERNEL_DISPATCH","Agent 4",1,0,5908,1838,120,"void at::native::vectorized_elementwise_kernel<4, at::native::FillFunctor<int>, std::array<char*, 1ul> >(int, at::native::FillFunctor<int>, std::array<char*, 1ul>)",1838,2850418050940715,2850418051141517,0,0,8,0,16,256,1,1,16777216,1,1
"KERNEL_DISPATCH","Agent 4",1,0,5908,1839,220,"gemm_kernel_v2",1839,2850418051150797,2850418053176581,0,0,124,4,48,512,1,1,352256,1,1
"KERNEL_DISPATCH","Agent 4",1,0,5908,1840,120,"void at::native::vectorized_elementwise_kernel<4, at::native::FillFunctor<int>, std::array<char*, 1ul> >(int, at::native::FillFunctor<int>, std::array<char*, 1ul>)",1840,2850418053185701,2850418053385064,0,0,8,0,16,256,1,1,16777216,1,1
"KERNEL_DISPATCH","Agent 4",1,0,5908,1841,220,"gemm_kernel_v2",1841,2850418053394664,2850418055417408,0,0,124,4,48,512,1,1,352256,1,1
"KERNEL_DISPATCH","Agent 4",1,0,5908,1842,120,"void at::native::vectorized_elementwise_kernel<4, at::native::FillFunctor<int>, std::array<char*, 1ul> >(int, at::native::FillFunctor<int>, std::array<char*, 1ul>)",1842,2850418055426688,2850418055628130,0,0,8,0,16,256,1,1,16777216,1,1
"KERNEL_DISPATCH","Agent 4",1,0,5908,1843,220,"gemm_kernel_v2",1843,2850418055637890,2850418057667674,0,0,124,4,48,512,1,1,352256,1,1
"KERNEL_DISPATCH","Agent 4",1,0,5908,1844,120,"void at::native::vectorized_elementwise_kernel<4, at::native::FillFunctor<int>, std::array<char*, 1ul> >(int, at::native::FillFunctor<int>, std::array<char*, 1ul>)",1844,2850418057676634,2850418057875357,0,0,8,0,16,256,1,1,16777216,1,1
"KERNEL_DISPATCH","Agent 4",1,0,5908,1845,220,"gemm_kernel_v2",1845,2850418057885117,2850418059907221,0,0,124,4,48,512,1,1,352256,1,1
"KERNEL_DISPATCH","Agent 4",1,0,5908,1846,120,"void at::native::vectorized_elementwise_kernel<4, at::native::FillFunctor<int>, std::array<char*, 1ul> >(int, at::native::FillFunctor<int>, std::array<char*, 1ul>)",1846,2850418059916181,2850418060114423,0,0,8,0,16,256,1,1,16777216,1,1
"KERNEL_DISPATCH","Agent 4",1,0,5908,1847,220,"gemm_kernel_v2",1847,2850418060124023,2850418062147087,0,0,124,4,48,512,1,1,352256,1,1
"KERNEL_DISPATCH","Agent 4",1,0,5908,1848,120,"void at::native::vectorized_elementwise_kernel<4, at::native::FillFunctor<int>, std::array<char*, 1ul> >(int, at::native::FillFunctor<int>, std::array<char*, 1ul>)",1848,2850418062156367,2850418062355569,0,0,8,0,16,256,1,1,16777216,1,1
"KERNEL_DISPATCH","Agent 4",1,0,5908,1849,220,"gemm_kernel_v2",1849,2850418062365010,2850418064394314,0,0,124,4,48,512,1,1,352256,1,1
"KERNEL_DISPATCH","Agent 4",1,0,5908,1850,120,"void at::native::vectorized_elementwise_kernel<4, at::native::FillFunctor<int>, std::array<char*, 1ul> >(int, at::native::FillFunctor<int>, std::array<char*, 1ul>)",1850,2850418064403434,2850418064606156,0,0,8,0,16,256,1,1,16777216,1,1
"KERNEL_DISPATCH","Agent 4",1,0,5908,1851,220,"gemm_kernel_v2",1851,2850418064615756,2850418066634980,0,0,124,4,48,512,1,1,352256,1,1
"KERNEL_DISPATCH","Agent 4",1,0,5908,1852,120,"void at::native::vectorized_elementwise_kernel<4, at::native::FillFunctor<int>, std::array<char*, 1ul> >(int, at::native::FillFunctor<int>, std::array<char*, 1ul>)",1852,2850418066644740,2850418066847142,0,0,8,0,16,256,1,1,16777216,1,1
"KERNEL_DISPATCH","Agent 4",1,0,5908,1853,220,"gemm_kernel_v2",1853,2850418066857223,2850418068881246,0,0,124,4,48,512,1,1,352256,1,1
"KERNEL_DISPATCH","Agent 4",1,0,5908,1854,120,"void at::native::vectorized_elementwise_kernel<4, at::native::FillFunctor<int>, std::array<char*, 1ul> >(int, at::native::FillFunctor<int>, std::array<char*, 1ul>)",1854,2850418068891007,2850418069093249,0,0,8,0,16,256,1,1,16777216,1,1
"KERNEL_DISPATCH","Agent 4",1,0,5908,1855,220,"gemm_kernel_v2",1855,2850418069102529,2850418071127033,0,0,124,4,48,512,1,1,352256,1,1
"KERNEL_DISPATCH","Agent 4",1,0,5908,1856,120,"void at::native::vectorized_elementwise_kernel<4, at::native::FillFunctor<int>, std::array<char*, 1ul> >(int, at::native::FillFunctor<int>, std::array<char*, 1ul>)",1856,2850418071136153,2850418071340155,0,0,8,0,16,256,1,1,16777216,1,1
"KERNEL_DISPATCH","Agent 4",1,0,5908,1857,220,"gemm_kernel_v2",1857,2850418071349276,2850418073382100,0,0,124,4,48,512,1,1,352256,1,1
"KERNEL_DISPATCH","Agent 4",1,0,5908,1858,120,"void at::native::vectorized_elementwise_kernel<4, at::native::FillFunctor<int>, std::array<char*, 1ul> >(int, at::native::FillFunctor<int>, std::array<char*, 1ul>)",1858,2850418073391380,2850418073591862,0,0,8,0,16,256,1,1,16777216,1,1
"KERNEL_DISPATCH","Agent 4",1,0,5908,1859,220,"gemm_kernel_v2",1859,2850418073601142,2850418075628526,0,0,124,4,48,512,1,1,352256,1,1
"KERNEL_DISPATCH","Agent 4",1,0,5908,1860,120,"void at::native::vectorized_elementwise_kernel<4, at::native::FillFunctor<int>, std::array<char*, 1ul> >(int, at::native::FillFunctor<int>, std::array<char*, 1ul>)",1860,2850418075637806,2850418075838129,0,0,8,0,16,256,1,1,16777216,1,1
"KERNEL_DISPATCH","Agent 4",1,0,5908,1861,220,"gemm_kernel_v2",1861,2850418075848049,2850418077875113,0,0,124,4,48,512,1,1,352256,1,1
"KERNEL_DISPATCH","Agent 4",1,0,5908,1862,120,"void at::native::vectorized_elementwise_kernel<4, at::native::FillFunctor<int>, std::array<char*, 1ul> >(int, at::native::FillFunctor<int>, std::array<char*, 1ul>)",1862,2850418077884393,2850418078088075,0,0,8,0,16,256,1,1,16777216,1,1
"KERNEL_DISPATCH","Agent 4",1,0,5908,1863,220,"gemm_kernel_v2",1863,2850418078097350,2850418080119134,0,0,124,4,48,512,1,1,352256,1,1
"KERNEL_DISPATCH","Agent 4",1,0,5908,1864,120,"void at::native::vectorized_elementwise_kernel<4, at::native::FillFunctor<int>, std::array<char*, 1ul> >(int, at::native::FillFunctor<int>, std::array<char*, 1ul>)",1864,2850418080128254,2850418080331616,0,0,8,0,16,256,1,1,16777216,1,1
"KERNEL_DISPATCH","Agent 4",1,0,5908,1865,220,"gemm_kernel_v2",1865,2850418080341216,2850418082359320,0,0,124,4,48,512,1,1,352256,1,1
"KERNEL_DISPATCH","Agent 4",1,0,5908,1866,120,"void at::native::vectorized_elementwise_kernel<4, at::native::FillFunctor<int>, std::array<char*, 1ul> >(int, at::native::FillFunctor<int>, std::array<char*, 1ul>)",1866,2850418082368760,2850418082566842,0,0,8,0,16,256,1,1,16777216,1,1
"KERNEL_DISPATCH","Agent 4",1,0,5908,1867,220,"gemm_kernel_v2",1867,2850418082576602,2850418084611027,0,0,124,4,48,512,1,1,352256,1,1
"KERNEL_DISPATCH","Agent 4",1,0,5908,1868,120,"void at::native::vectorized_elementwise_kernel<4, at::native::FillFunctor<int>, std::array<char*, 1ul> >(int, at::native::FillFunctor<int>, std::array<char*, 1ul>)",1868,2850418084620147,2850418084821269,0,0,8,0,16,256,1,1,16777216,1,1
"KERNEL_DISPATCH","Agent 4",1,0,5908,1869,220,"gemm_kernel_v2",1869,2850418084830869,2850418086854093,0,0,124,4,48,512,1,1,352256,1,1
"KERNEL_DISPATCH","Agent 4",1,0,5908,1870,120,"void at::native::vectorized_elementwise_kernel<4, at::native::FillFunctor<int>, std::array<char*, 1ul> >(int, at::native::FillFunctor<int>, std::array<char*, 1ul>)",1870,2850418086863053,2850418087066736,0,0,8,0,16,256,1,1,16777216,1,1
"KERNEL_DISPATCH","Agent 4",1,0,5908,1871,220,"gemm_kernel_v2",1871,2850418087076496,2850418089097640,0,0,124,4,48,512,1,1,352256,1,1
"KERNEL_DISPATCH","Agent 4",1,0,5908,1872,120,"void at::native::vectorized_elementwise_kernel<4, at::native::FillFunctor<int>, std::array<char*, 1ul> >(int, at::native::FillFunctor<int>, std::array<char*, 1ul>)",1872,2850418089106920,2850418089309482,0,0,8,0,16,256,1,1,16777216,1,1
"KERNEL_DISPATCH","Agent 4",1,0,5908,1873,220,"gemm_kernel_v2",1873,2850418089318922,2850418091345346,0,0,124,4,48,512,1,1,352256,1,1
"KERNEL_DISPATCH","Agent 4",1,0,5908,1874,120,"void at::native::vectorized_elementwise_kernel<4, at::native::FillFunctor<int>, std::array<char*, 1ul> >(int, at::native::FillFunctor<int>, std::array<char*, 1ul>)",1874,2850418091354626,2850418091557349,0,0,8,0,16,256,1,1,16777216,1,1
"KERNEL_DISPATCH","Agent 4",1,0,5908,1875,220,"gemm_kernel_v2",1875,2850418091567269,2850418093590653,0,0,124,4,48,512,1,1,352256,1,1
"KERNEL_DISPATCH","Agent 4",1,0,5908,1876,120,"void at::native::vectorized_elementwise_kernel<4, at::native::FillFunctor<int>, std::array<char*, 1ul> >(int, at::native::FillFunctor<int>, std::array<char*, 1ul>)",1876,2850418093599773,2850418093806335,0,0,8,0,16,256,1,1,16777216,1,1
"KERNEL_DISPATCH","Agent 4",1,0,5908,1877,220,"gemm_kernel_v2",1877,2850418093815935,2850418095846839,0,0,124,4,48,512,1,1,352256,1,1
"KERNEL_DISPATCH","Agent 4",1,0,5908,1878,120,"void at::native::vectorized_elementwise_kernel<4, at::native::FillFunctor<int>, std::array<char*, 1ul> >(int, at::native::FillFunctor<int>, std::array<char*, 1ul>)",1878,2850418095855960,2850418096060602,0,0,8,0,16,256,1,1,16777216,1,1
"KERNEL_DISPATCH","Agent 4",1,0,5908,1879,220,"gemm_kernel_v2",1879,2850418096070202,2850418098094546,0,0,124,4,48,512,1,1,352256,1,1
"KERNEL_DISPATCH","Agent 4",1,0,5908,1880,120,"void at::native::vectorized_elementwise_kernel<4, at::native::FillFunctor<int>, std::array<char*, 1ul> >(int, at::native::FillFunctor<int>, std::array<char*, 1ul>)",1880,2850418098103666,2850418098304949,0,0,8,0,16,256,1,1,16777216,1,1
"KERNEL_DISPATCH","Agent 4",1,0,5908,1881,220,"gemm_kernel_v2",1881,2850418098315189,2850418100343053,0,0,124,4,48,512,1,1,352256,1,1
"KERNEL_DISPATCH","Agent 4",1,0,5908,1882,120,"void at::native::vectorized_elementwise_kernel<4, at::native::FillFunctor<int>, std::array<char*, 1ul> >(int, at::native::FillFunctor<int>, std::array<char*, 1ul>)",1882,2850418100352173,2850418100554575,0,0,8,0,16,256,1,1,16777216,1,1
"KERNEL_DISPATCH","Agent 4",1,0,5908,1883,220,"gemm_kernel_v2",1883,2850418100564335,2850418102591719,0,0,124,4,48,512,1,1,352256,1,1
"KERNEL_DISPATCH","Agent 4",1,0,5908,1884,120,"void at::native::vectorized_elementwise_kernel<4, at::native::FillFunctor<int>, std::array<char*, 1ul> >(int, at::native::FillFunctor<int>, std::array<char*, 1ul>)",1884,2850418102600999,2850418102800842,0,0,8,0,16,256,1,1,16777216,1,1
"KERNEL_DISPATCH","Agent 4",1,0,5908,1885,220,"gemm_kernel_v2",1885,2850418102810282,2850418104834146,0,0,124,4,48,512,1,1,352256,1,1
"KERNEL_DISPATCH","Agent 4",1,0,5908,1886,120,"void at::native::vectorized_elementwise_kernel<4, at::native::FillFunctor<int>, std::array<char*, 1ul> >(int, at::native::FillFunctor<int>, std::array<char*, 1ul>)",1886,2850418104842946,2850418105043588,0,0,8,0,16,256,1,1,16777216,1,1
"KERNEL_DISPATCH","Agent 4",1,0,5908,1887,220,"gemm_kernel_v2",1887,2850418105053508,2850418107075772,0,0,124,4,48,512,1,1,352256,1,1
"KERNEL_DISPATCH","Agent 4",1,0,5908,1888,120,"void at::native::vectorized_elementwise_kernel<4, at::native::FillFunctor<int>, std::array<char*, 1ul> >(int, at::native::FillFunctor<int>, std::array<char*, 1ul>)",1888,2850418107084892,2850418107285535,0,0,8,0,16,256,1,1,16777216,1,1
"KERNEL_DISPATCH","Agent 4",1,0,5908,1889,220,"gemm_kernel_v2",1889,2850418107294975,2850418109318519,0,0,124,4,48,512,1,1,352256,1,1
"KERNEL_DISPATCH","Agent 4",1,0,5908,1890,120,"void at::native::vectorized_elementwise_kernel<4, at::native::FillFunctor<int>, std::array<char*, 1ul> >(int, at::native::FillFunctor<int>, std::array<char*, 1ul>)",1890,2850418109327479,2850418109527161,0,0,8,0,16,256,1,1,16777216,1,1
"KERNEL_DISPATCH","Agent 4",1,0,5908,1891,220,"gemm_kernel_v2",1891,2850418109536761,2850418111555185,0,0,124,4,48,512,1,1,352256,1,1
"KERNEL_DISPATCH","Agent 4",1,0,5908,1892,120,"void at::native::vectorized_elementwise_kernel<4, at::native::FillFunctor<int>, std::array<char*, 1ul> >(int, at::native::FillFunctor<int>, std::array<char*, 1ul>)",1892,2850418111564625,2850418111763668,0,0,8,0,16,256,1,1,16777216,1,1
"KERNEL_DISPATCH","Agent 4",1,0,5908,1893,220,"gemm_kernel_v2",1893,2850418111772948,2850418113795372,0,0,124,4,48,512,1,1,352256,1,1
"KERNEL_DISPATCH","Agent 4",1,0,5908,1894,120,"void at::native::vectorized_elementwise_kernel<4, at::native::FillFunctor<int>, std::array<char*, 1ul> >(int, at::native::FillFunctor<int>, std::array<char*, 1ul>)",1894,2850418113804332,2850418114004974,0,0,8,0,16,256,1,1,16777216,1,1
"KERNEL_DISPATCH","Agent 4",1,0,5908,1895,220,"gemm_kernel_v2",1895,2850418114014734,2850418116044038,0,0,124,4,48,512,1,1,352256,1,1
"KERNEL_DISPATCH","Agent 4",1,0,5908,1896,120,"void at::native::vectorized_elementwise_kernel<4, at::native::FillFunctor<int>, std::array<char*, 1ul> >(int, at::native::FillFunctor<int>, std::array<char*, 1ul>)",1896,2850418116053319,2850418116254121,0,0,8,0,16,256,1,1,16777216,1,1
"KERNEL_DISPATCH","Agent 4",1,0,5908,1897,220,"gemm_kernel_v2",1897,2850418116263721,2850418118287425,0,0,124,4,48,512,1,1,352256,1,1
"KERNEL_DISPATCH","Agent 4",1,0,5908,1898,120,"void at::native::vectorized_elementwise_kernel<4, at::native::FillFunctor<int>, std::array<char*, 1ul> >(int, at::native::FillFunctor<int>, std::array<char*, 1ul>)",1898,2850418118296545,2850418118495267,0,0,8,0,16,256,1,1,16777216,1,1
"KERNEL_DISPATCH","Agent 4",1,0,5908,1899,220,"gemm_kernel_v2",1899,2850418118504868,2850418120530172,0,0,124,4,48,512,1,1,352256,1,1
"KERNEL_DISPATCH","Agent 4",1,0,5908,1900,120,"void at::native::vectorized_elementwise_kernel<4, at::native::FillFunctor<int>, std::array<char*, 1ul> >(int, at::native::FillFunctor<int>, std::array<char*, 1ul>)",1900,2850418120539292,2850418120738974,0,0,8,0,16,256,1,1,16777216,1,1
"KERNEL_DISPATCH","Agent 4",1,0,5908,1901,220,"gemm_kernel_v2",1901,2850418120748414,2850418122771638,0,0,124,4,48,512,1,1,352256,1,1
"KERNEL_DISPATCH","Agent 4",1,0,5908,1902,120,"void at::native::vectorized_elementwise_kernel<4, at::native::FillFunctor<int>, std::array<char*, 1ul> >(int, at::native::FillFunctor<int>, std::array<char*, 1ul>)",1902,2850418122780758,2850418122982041,0,0,8,0,16,256,1,1,16777216,1,1
"KERNEL_DISPATCH","Agent 4",1,0,5908,1903,220,"gemm_kernel_v2",1903,2850418122991641,2850418125019665,0,0,124,4,48,512,1,1,352256,1,1
"KERNEL_DISPATCH","Agent 4",1,0,5908,1904,120,"void at::native::vectorized_elementwise_kernel<4, at::native::FillFunctor<int>, std::array<char*, 1ul> >(int, at::native::FillFunctor<int>, std::array<char*, 1ul>)",1904,2850418125028945,2850418125227187,0,0,8,0,16,256,1,1,16777216,1,1
"KERNEL_DISPATCH","Agent 4",1,0,5908,1905,220,"gemm_kernel_v2",1905,2850418125236467,2850418127259691,0,0,124,4,48,512,1,1,352256,1,1
"KERNEL_DISPATCH","Agent 4",1,0,5908,1906,120,"void at::native::vectorized_elementwise_kernel<4, at::native::FillFunctor<int>, std::array<char*, 1ul> >(int, at::native::FillFunctor<int>, std::array<char*, 1ul>)",1906,2850418127268811,2850418127467854,0,0,8,0,16,256,1,1,16777216,1,1
"KERNEL_DISPATCH","Agent 4",1,0,5908,1907,220,"gemm_kernel_v2",1907,2850418127477294,2850418129500678,0,0,124,4,48,512,1,1,352256,1,1
"KERNEL_DISPATCH","Agent 4",1,0,5908,1908,120,"void at::native::vectorized_elementwise_kernel<4, at::native::FillFunctor<int>, std::array<char*, 1ul> >(int, at::native::FillFunctor<int>, std::array<char*, 1ul>)",1908,2850418129510758,2850418129715720,0,0,8,0,16,256,1,1,16777216,1,1
"KERNEL_DISPATCH","Agent 4",1,0,5908,1909,220,"gemm_kernel_v2",1909,2850418129725640,2850418131756384,0,0,124,4,48,512,1,1,352256,1,1
"KERNEL_DISPATCH","Agent 4",1,0,5908,1910,120,"void at::native::vectorized_elementwise_kernel<4, at::native::FillFunctor<int>, std::array<char*, 1ul> >(int, at::native::FillFunctor<int>, std::array<char*, 1ul>)",1910,2850418131765984,2850418131969027,0,0,8,0,16,256,1,1,16777216,1,1
"KERNEL_DISPATCH","Agent 4",1,0,5908,1911,220,"gemm_kernel_v2",1911,2850418131978787,2850418134005051,0,0,124,4,48,512,1,1,352256,1,1
"KERNEL_DISPATCH","Agent 4",1,0,5908,1912,221,"gemm_kernel_v2",1912,2850418138965270,2850418141408339,0,0,24,272,48,256,1,1,176128,1,1
"KERNEL_DISPATCH","Agent 4",1,0,5908,1913,120,"void at::native::vectorized_elementwise_kernel<4, at::native::FillFunctor<int>, std::array<char*, 1ul> >(int, at::native::FillFunctor<int>, std::array<char*, 1ul>)",1913,2850418141485619,2850418141686902,0,0,8,0,16,256,1,1,16777216,1,1
"KERNEL_DISPATCH","Agent 4",1,0,5908,1914,221,"gemm_kernel_v2",1914,2850418141686942,2850418144108250,0,0,24,272,48,256,1,1,176128,1,1
"KERNEL_DISPATCH","Agent 4",1,0,5908,1915,120,"void at::native::vectorized_elementwise_kernel<4, at::native::FillFunctor<int>, std::array<char*, 1ul> >(int, at::native::FillFunctor<int>, std::array<char*, 1ul>)",1915,2850418144108250,2850418144310492,0,0,8,0,16,256,1,1,16777216,1,1
"KERNEL_DISPATCH","Agent 4",1,0,5908,1916,221,"gemm_kernel_v2",1916,2850418144310492,2850418146741881,0,0,24,272,48,256,1,1,176128,1,1
"KERNEL_DISPATCH","Agent 4",1,0,5908,1917,120,"void at::native::vectorized_elementwise_kernel<4, at::native::FillFunctor<int>, std::array<char*, 1ul> >(int, at::native::FillFunctor<int>, std::array<char*, 1ul>)",1917,2850418146741881,2850418146946043,0,0,8,0,16,256,1,1,16777216,1,1
"KERNEL_DISPATCH","Agent 4",1,0,5908,1918,221,"gemm_kernel_v2",1918,2850418146946043,2850418149369912,0,0,24,272,48,256,1,1,176128,1,1
"KERNEL_DISPATCH","Agent 4",1,0,5908,1919,120,"void at::native::vectorized_elementwise_kernel<4, at::native::FillFunctor<int>, std::array<char*, 1ul> >(int, at::native::FillFunctor<int>, std::array<char*, 1ul>)",1919,2850418149369912,2850418149570874,0,0,8,0,16,256,1,1,16777216,1,1
"KERNEL_DISPATCH","Agent 4",1,0,5908,1920,221,"gemm_kernel_v2",1920,2850418149570874,2850418151994903,0,0,24,272,48,256,1,1,176128,1,1
"KERNEL_DISPATCH","Agent 4",1,0,5908,1921,120,"void at::native::vectorized_elementwise_kernel<4, at::native::FillFunctor<int>, std::array<char*, 1ul> >(int, at::native::FillFunctor<int>, std::array<char*, 1ul>)",1921,2850418151994903,2850418152195545,0,0,8,0,16,256,1,1,16777216,1,1
"KERNEL_DISPATCH","Agent 4",1,0,5908,1922,221,"gemm_kernel_v2",1922,2850418152195545,2850418154608054,0,0,24,272,48,256,1,1,176128,1,1
"KERNEL_DISPATCH","Agent 4",1,0,5908,1923,221,"gemm_kernel_v2",1923,2850418154751255,2850418157162644,0,0,24,272,48,256,1,1,176128,1,1
"KERNEL_DISPATCH","Agent 4",1,0,5908,1924,221,"gemm_kernel_v2",1924,2850418157162644,2850418159580593,0,0,24,272,48,256,1,1,176128,1,1
"KERNEL_DISPATCH","Agent 4",1,0,5908,1925,221,"gemm_kernel_v2",1925,2850418159580593,2850418161993581,0,0,24,272,48,256,1,1,176128,1,1
"KERNEL_DISPATCH","Agent 4",1,0,5908,1926,221,"gemm_kernel_v2",1926,2850418161993581,2850418164410730,0,0,24,272,48,256,1,1,176128,1,1
"KERNEL_DISPATCH","Agent 4",1,0,5908,1927,221,"gemm_kernel_v2",1927,2850418164410730,2850418166824038,0,0,24,272,48,256,1,1,176128,1,1
"KERNEL_DISPATCH","Agent 4",1,0,5908,1928,221,"gemm_kernel_v2",1928,2850418166824038,2850418169240707,0,0,24,272,48,256,1,1,176128,1,1
"KERNEL_DISPATCH","Agent 4",1,0,5908,1929,221,"gemm_kernel_v2",1929,2850418169240707,2850418171657696,0,0,24,272,48,256,1,1,176128,1,1
"KERNEL_DISPATCH","Agent 4",1,0,5908,1930,221,"gemm_kernel_v2",1930,2850418171657696,2850418174074044,0,0,24,272,48,256,1,1,176128,1,1
"KERNEL_DISPATCH","Agent 4",1,0,5908,1931,221,"gemm_kernel_v2",1931,2850418174074044,2850418176488953,0,0,24,272,48,256,1,1,176128,1,1
"KERNEL_DISPATCH","Agent 4",1,0,5908,1932,120,"void at::native::vectorized_elementwise_kernel<4, at::native::FillFunctor<int>, std::array<char*, 1ul> >(int, at::native::FillFunctor<int>, std::array<char*, 1ul>)",1932,2850418176488953,2850418176689275,0,0,8,0,16,256,1,1,16777216,1,1
"KERNEL_DISPATCH","Agent 4",1,0,5908,1933,221,"gemm_kernel_v2",1933,2850418176700475,2850418179124824,0,0,24,272,48,256,1,1,176128,1,1
"KERNEL_DISPATCH","Agent 4",1,0,5908,1934,120,"void at::native::vectorized_elementwise_kernel<4, at::native::FillFunctor<int>, std::array<char*, 1ul> >(int, at::native::FillFunctor<int>, std::array<char*, 1ul>)",1934,2850418179133784,2850418179333946,0,0,8,0,16,256,1,1,16777216,1,1
"KERNEL_DISPATCH","Agent 4",1,0,5908,1935,221,"gemm_kernel_v2",1935,2850418179343547,2850418181769815,0,0,24,272,48,256,1,1,176128,1,1
"KERNEL_DISPATCH","Agent 4",1,0,5908,1936,120,"void at::native::vectorized_elementwise_kernel<4, at::native::FillFunctor<int>, std::array<char*, 1ul> >(int, at::native::FillFunctor<int>, std::array<char*, 1ul>)",1936,2850418181778935,2850418181980698,0,0,8,0,16,256,1,1,16777216,1,1
"KERNEL_DISPATCH","Agent 4",1,0,5908,1937,221,"gemm_kernel_v2",1937,2850418181989978,2850418184409687,0,0,24,272,48,256,1,1,176128,1,1
"KERNEL_DISPATCH","Agent 4",1,0,5908,1938,120,"void at::native::vectorized_elementwise_kernel<4, at::native::FillFunctor<int>, std::array<char*, 1ul> >(int, at::native::FillFunctor<int>, std::array<char*, 1ul>)",1938,2850418184418967,2850418184618489,0,0,8,0,16,256,1,1,16777216,1,1
"KERNEL_DISPATCH","Agent 4",1,0,5908,1939,221,"gemm_kernel_v2",1939,2850418184628089,2850418187051158,0,0,24,272,48,256,1,1,176128,1,1
"KERNEL_DISPATCH","Agent 4",1,0,5908,1940,120,"void at::native::vectorized_elementwise_kernel<4, at::native::FillFunctor<int>, std::array<char*, 1ul> >(int, at::native::FillFunctor<int>, std::array<char*, 1ul>)",1940,2850418187060278,2850418187264600,0,0,8,0,16,256,1,1,16777216,1,1
"KERNEL_DISPATCH","Agent 4",1,0,5908,1941,221,"gemm_kernel_v2",1941,2850418187274361,2850418189704309,0,0,24,272,48,256,1,1,176128,1,1
"KERNEL_DISPATCH","Agent 4",1,0,5908,1942,120,"void at::native::vectorized_elementwise_kernel<4, at::native::FillFunctor<int>, std::array<char*, 1ul> >(int, at::native::FillFunctor<int>, std::array<char*, 1ul>)",1942,2850418189713429,2850418189913272,0,0,8,0,16,256,1,1,16777216,1,1
"KERNEL_DISPATCH","Agent 4",1,0,5908,1943,221,"gemm_kernel_v2",1943,2850418189922712,2850418192345781,0,0,24,272,48,256,1,1,176128,1,1
"KERNEL_DISPATCH","Agent 4",1,0,5908,1944,120,"void at::native::vectorized_elementwise_kernel<4, at::native::FillFunctor<int>, std::array<char*, 1ul> >(int, at::native::FillFunctor<int>, std::array<char*, 1ul>)",1944,2850418192355061,2850418192555223,0,0,8,0,16,256,1,1,16777216,1,1
"KERNEL_DISPATCH","Agent 4",1,0,5908,1945,221,"gemm_kernel_v2",1945,2850418192564823,2850418194978772,0,0,24,272,48,256,1,1,176128,1,1
"KERNEL_DISPATCH","Agent 4",1,0,5908,1946,120,"void at::native::vectorized_elementwise_kernel<4, at::native::FillFunctor<int>, std::array<char*, 1ul> >(int, at::native::FillFunctor<int>, std::array<char*, 1ul>)",1946,2850418194987892,2850418195186134,0,0,8,0,16,256,1,1,16777216,1,1
"KERNEL_DISPATCH","Agent 4",1,0,5908,1947,221,"gemm_kernel_v2",1947,2850418195195894,2850418197621683,0,0,24,272,48,256,1,1,176128,1,1
"KERNEL_DISPATCH","Agent 4",1,0,5908,1948,120,"void at::native::vectorized_elementwise_kernel<4, at::native::FillFunctor<int>, std::array<char*, 1ul> >(int, at::native::FillFunctor<int>, std::array<char*, 1ul>)",1948,2850418197630963,2850418197833206,0,0,8,0,16,256,1,1,16777216,1,1
"KERNEL_DISPATCH","Agent 4",1,0,5908,1949,221,"gemm_kernel_v2",1949,2850418197842806,2850418200265394,0,0,24,272,48,256,1,1,176128,1,1
"KERNEL_DISPATCH","Agent 4",1,0,5908,1950,120,"void at::native::vectorized_elementwise_kernel<4, at::native::FillFunctor<int>, std::array<char*, 1ul> >(int, at::native::FillFunctor<int>, std::array<char*, 1ul>)",1950,2850418200274514,2850418200472597,0,0,8,0,16,256,1,1,16777216,1,1
"KERNEL_DISPATCH","Agent 4",1,0,5908,1951,221,"gemm_kernel_v2",1951,2850418200482197,2850418202910226,0,0,24,272,48,256,1,1,176128,1,1
"KERNEL_DISPATCH","Agent 4",1,0,5908,1952,120,"void at::native::vectorized_elementwise_kernel<4, at::native::FillFunctor<int>, std::array<char*, 1ul> >(int, at::native::FillFunctor<int>, std::array<char*, 1ul>)",1952,2850418202919346,2850418203117748,0,0,8,0,16,256,1,1,16777216,1,1
"KERNEL_DISPATCH","Agent 4",1,0,5908,1953,221,"gemm_kernel_v2",1953,2850418203127508,2850418205553297,0,0,24,272,48,256,1,1,176128,1,1
"KERNEL_DISPATCH","Agent 4",1,0,5908,1954,120,"void at::native::vectorized_elementwise_kernel<4, at::native::FillFunctor<int>, std::array<char*, 1ul> >(int, at::native::FillFunctor<int>, std::array<char*, 1ul>)",1954,2850418205562577,2850418205762259,0,0,8,0,16,256,1,1,16777216,1,1
"KERNEL_DISPATCH","Agent 4",1,0,5908,1955,221,"gemm_kernel_v2",1955,2850418205771917,2850418208198185,0,0,24,272,48,256,1,1,176128,1,1
"KERNEL_DISPATCH","Agent 4",1,0,5908,1956,120,"void at::native::vectorized_elementwise_kernel<4, at::native::FillFunctor<int>, std::array<char*, 1ul> >(int, at::native::FillFunctor<int>, std::array<char*, 1ul>)",1956,2850418208207465,2850418208409547,0,0,8,0,16,256,1,1,16777216,1,1
"KERNEL_DISPATCH","Agent 4",1,0,5908,1957,221,"gemm_kernel_v2",1957,2850418208419147,2850418210838856,0,0,24,272,48,256,1,1,176128,1,1
"KERNEL_DISPATCH","Agent 4",1,0,5908,1958,120,"void at::native::vectorized_elementwise_kernel<4, at::native::FillFunctor<int>, std::array<char*, 1ul> >(int, at::native::FillFunctor<int>, std::array<char*, 1ul>)",1958,2850418210847976,2850418211048458,0,0,8,0,16,256,1,1,16777216,1,1
"KERNEL_DISPATCH","Agent 4",1,0,5908,1959,221,"gemm_kernel_v2",1959,2850418211058058,2850418213482407,0,0,24,272,48,256,1,1,176128,1,1
"KERNEL_DISPATCH","Agent 4",1,0,5908,1960,120,"void at::native::vectorized_elementwise_kernel<4, at::native::FillFunctor<int>, std::array<char*, 1ul> >(int, at::native::FillFunctor<int>, std::array<char*, 1ul>)",1960,2850418213491367,2850418213689769,0,0,8,0,16,256,1,1,16777216,1,1
"KERNEL_DISPATCH","Agent 4",1,0,5908,1961,221,"gemm_kernel_v2",1961,2850418213699369,2850418216128678,0,0,24,272,48,256,1,1,176128,1,1
"KERNEL_DISPATCH","Agent 4",1,0,5908,1962,120,"void at::native::vectorized_elementwise_kernel<4, at::native::FillFunctor<int>, std::array<char*, 1ul> >(int, at::native::FillFunctor<int>, std::array<char*, 1ul>)",1962,2850418216138118,2850418216333641,0,0,8,0,16,256,1,1,16777216,1,1
"KERNEL_DISPATCH","Agent 4",1,0,5908,1963,221,"gemm_kernel_v2",1963,2850418216343401,2850418218769509,0,0,24,272,48,256,1,1,176128,1,1
"KERNEL_DISPATCH","Agent 4",1,0,5908,1964,120,"void at::native::vectorized_elementwise_kernel<4, at::native::FillFunctor<int>, std::array<char*, 1ul> >(int, at::native::FillFunctor<int>, std::array<char*, 1ul>)",1964,2850418218778629,2850418218977992,0,0,8,0,16,256,1,1,16777216,1,1
"KERNEL_DISPATCH","Agent 4",1,0,5908,1965,221,"gemm_kernel_v2",1965,2850418218987912,2850418221410661,0,0,24,272,48,256,1,1,176128,1,1
"KERNEL_DISPATCH","Agent 4",1,0,5908,1966,120,"void at::native::vectorized_elementwise_kernel<4, at::native::FillFunctor<int>, std::array<char*, 1ul> >(int, at::native::FillFunctor<int>, std::array<char*, 1ul>)",1966,2850418221419941,2850418221620423,0,0,8,0,16,256,1,1,16777216,1,1
"KERNEL_DISPATCH","Agent 4",1,0,5908,1967,221,"gemm_kernel_v2",1967,2850418221630023,2850418224050052,0,0,24,272,48,256,1,1,176128,1,1
"KERNEL_DISPATCH","Agent 4",1,0,5908,1968,120,"void at::native::vectorized_elementwise_kernel<4, at::native::FillFunctor<int>, std::array<char*, 1ul> >(int, at::native::FillFunctor<int>, std::array<char*, 1ul>)",1968,2850418224059012,2850418224261414,0,0,8,0,16,256,1,1,16777216,1,1
"KERNEL_DISPATCH","Agent 4",1,0,5908,1969,221,"gemm_kernel_v2",1969,2850418224271174,2850418226694083,0,0,24,272,48,256,1,1,176128,1,1
"KERNEL_DISPATCH","Agent 4",1,0,5908,1970,120,"void at::native::vectorized_elementwise_kernel<4, at::native::FillFunctor<int>, std::array<char*, 1ul> >(int, at::native::FillFunctor<int>, std::array<char*, 1ul>)",1970,2850418226703043,2850418226906406,0,0,8,0,16,256,1,1,16777216,1,1
"KERNEL_DISPATCH","Agent 4",1,0,5908,1971,221,"gemm_kernel_v2",1971,2850418226916326,2850418229341634,0,0,24,272,48,256,1,1,176128,1,1
"KERNEL_DISPATCH","Agent 4",1,0,5908,1972,120,"void at::native::vectorized_elementwise_kernel<4, at::native::FillFunctor<int>, std::array<char*, 1ul> >(int, at::native::FillFunctor<int>, std::array<char*, 1ul>)",1972,2850418229350914,2850418229551717,0,0,8,0,16,256,1,1,16777216,1,1
"KERNEL_DISPATCH","Agent 4",1,0,5908,1973,221,"gemm_kernel_v2",1973,2850418229561317,2850418231982946,0,0,24,272,48,256,1,1,176128,1,1
"KERNEL_DISPATCH","Agent 4",1,0,5908,1974,120,"void at::native::vectorized_elementwise_kernel<4, at::native::FillFunctor<int>, std::array<char*, 1ul> >(int, at::native::FillFunctor<int>, std::array<char*, 1ul>)",1974,2850418231991906,2850418232193348,0,0,8,0,16,256,1,1,16777216,1,1
"KERNEL_DISPATCH","Agent 4",1,0,5908,1975,221,"gemm_kernel_v2",1975,2850418232202788,2850418234625857,0,0,24,272,48,256,1,1,176128,1,1
"KERNEL_DISPATCH","Agent 4",1,0,5908,1976,120,"void at::native::vectorized_elementwise_kernel<4, at::native::FillFunctor<int>, std::array<char*, 1ul> >(int, at::native::FillFunctor<int>, std::array<char*, 1ul>)",1976,2850418234635137,2850418234837219,0,0,8,0,16,256,1,1,16777216,1,1
"KERNEL_DISPATCH","Agent 4",1,0,5908,1977,221,"gemm_kernel_v2",1977,2850418234846819,2850418237271328,0,0,24,272,48,256,1,1,176128,1,1
"KERNEL_DISPATCH","Agent 4",1,0,5908,1978,120,"void at::native::vectorized_elementwise_kernel<4, at::native::FillFunctor<int>, std::array<char*, 1ul> >(int, at::native::FillFunctor<int>, std::array<char*, 1ul>)",1978,2850418237280448,2850418237480451,0,0,8,0,16,256,1,1,16777216,1,1
"KERNEL_DISPATCH","Agent 4",1,0,5908,1979,221,"gemm_kernel_v2",1979,2850418237489731,2850418239915679,0,0,24,272,48,256,1,1,176128,1,1
"KERNEL_DISPATCH","Agent 4",1,0,5908,1980,120,"void at::native::vectorized_elementwise_kernel<4, at::native::FillFunctor<int>, std::array<char*, 1ul> >(int, at::native::FillFunctor<int>, std::array<char*, 1ul>)",1980,2850418239925119,2850418240123842,0,0,8,0,16,256,1,1,16777216,1,1
"KERNEL_DISPATCH","Agent 4",1,0,5908,1981,221,"gemm_kernel_v2",1981,2850418240133282,2850418242558271,0,0,24,272,48,256,1,1,176128,1,1
"KERNEL_DISPATCH","Agent 4",1,0,5908,1982,120,"void at::native::vectorized_elementwise_kernel<4, at::native::FillFunctor<int>, std::array<char*, 1ul> >(int, at::native::FillFunctor<int>, std::array<char*, 1ul>)",1982,2850418242567711,2850418242766753,0,0,8,0,16,256,1,1,16777216,1,1
"KERNEL_DISPATCH","Agent 4",1,0,5908,1983,221,"gemm_kernel_v2",1983,2850418242776513,2850418245193822,0,0,24,272,48,256,1,1,176128,1,1
"KERNEL_DISPATCH","Agent 4",1,0,5908,1984,120,"void at::native::vectorized_elementwise_kernel<4, at::native::FillFunctor<int>, std::array<char*, 1ul> >(int, at::native::FillFunctor<int>, std::array<char*, 1ul>)",1984,2850418245202942,2850418245400384,0,0,8,0,16,256,1,1,16777216,1,1
"KERNEL_DISPATCH","Agent 4",1,0,5908,1985,221,"gemm_kernel_v2",1985,2850418245410144,2850418247832413,0,0,24,272,48,256,1,1,176128,1,1
"KERNEL_DISPATCH","Agent 4",1,0,5908,1986,120,"void at::native::vectorized_elementwise_kernel<4, at::native::FillFunctor<int>, std::array<char*, 1ul> >(int, at::native::FillFunctor<int>, std::array<char*, 1ul>)",1986,2850418247841533,2850418248041695,0,0,8,0,16,256,1,1,16777216,1,1
"KERNEL_DISPATCH","Agent 4",1,0,5908,1987,221,"gemm_kernel_v2",1987,2850418248051615,2850418250475004,0,0,24,272,48,256,1,1,176128,1,1
"KERNEL_DISPATCH","Agent 4",1,0,5908,1988,120,"void at::native::vectorized_elementwise_kernel<4, at::native::FillFunctor<int>, std::array<char*, 1ul> >(int, at::native::FillFunctor<int>, std::array<char*, 1ul>)",1988,2850418250484284,2850418250682367,0,0,8,0,16,256,1,1,16777216,1,1
"KERNEL_DISPATCH","Agent 4",1,0,5908,1989,221,"gemm_kernel_v2",1989,2850418250692127,2850418253117915,0,0,24,272,48,256,1,1,176128,1,1
"KERNEL_DISPATCH","Agent 4",1,0,5908,1990,120,"void at::native::vectorized_elementwise_kernel<4, at::native::FillFunctor<int>, std::array<char*, 1ul> >(int, at::native::FillFunctor<int>, std::array<char*, 1ul>)",1990,2850418253127195,2850418253327838,0,0,8,0,16,256,1,1,16777216,1,1
"KERNEL_DISPATCH","Agent 4",1,0,5908,1991,221,"gemm_kernel_v2",1991,2850418253337598,2850418255765947,0,0,24,272,48,256,1,1,176128,1,1
"KERNEL_DISPATCH","Agent 4",1,0,5908,1992,120,"void at::native::vectorized_elementwise_kernel<4, at::native::FillFunctor<int>, std::array<char*, 1ul> >(int, at::native::FillFunctor<int>, std::array<char*, 1ul>)",1992,2850418255775067,2850418255976029,0,0,8,0,16,256,1,1,16777216,1,1
"KERNEL_DISPATCH","Agent 4",1,0,5908,1993,221,"gemm_kernel_v2",1993,2850418255985789,2850418258405178,0,0,24,272,48,256,1,1,176128,1,1
"KERNEL_DISPATCH","Agent 4",1,0,5908,1994,120,"void at::native::vectorized_elementwise_kernel<4, at::native::FillFunctor<int>, std::array<char*, 1ul> >(int, at::native::FillFunctor<int>, std::array<char*, 1ul>)",1994,2850418258414458,2850418258615900,0,0,8,0,16,256,1,1,16777216,1,1
"KERNEL_DISPATCH","Agent 4",1,0,5908,1995,221,"gemm_kernel_v2",1995,2850418258626140,2850418261053529,0,0,24,272,48,256,1,1,176128,1,1
"KERNEL_DISPATCH","Agent 4",1,0,5908,1996,120,"void at::native::vectorized_elementwise_kernel<4, at::native::FillFunctor<int>, std::array<char*, 1ul> >(int, at::native::FillFunctor<int>, std::array<char*, 1ul>)",1996,2850418261062649,2850418261263612,0,0,8,0,16,256,1,1,16777216,1,1
"KERNEL_DISPATCH","Agent 4",1,0,5908,1997,221,"gemm_kernel_v2",1997,2850418261273212,2850418263704920,0,0,24,272,48,256,1,1,176128,1,1
"KERNEL_DISPATCH","Agent 4",1,0,5908,1998,120,"void at::native::vectorized_elementwise_kernel<4, at::native::FillFunctor<int>, std::array<char*, 1ul> >(int, at::native::FillFunctor<int>, std::array<char*, 1ul>)",1998,2850418263714041,2850418263912603,0,0,8,0,16,256,1,1,16777216,1,1
"KERNEL_DISPATCH","Agent 4",1,0,5908,1999,221,"gemm_kernel_v2",1999,2850418263922203,2850418266343512,0,0,24,272,48,256,1,1,176128,1,1
"KERNEL_DISPATCH","Agent 4",1,0,5908,2000,120,"void at::native::vectorized_elementwise_kernel<4, at::native::FillFunctor<int>, std::array<char*, 1ul> >(int, at::native::FillFunctor<int>, std::array<char*, 1ul>)",2000,2850418266352472,2850418266551354,0,0,8,0,16,256,1,1,16777216,1,1
"KERNEL_DISPATCH","Agent 4",1,0,5908,2001,221,"gemm_kernel_v2",2001,2850418266561434,2850418268984823,0,0,24,272,48,256,1,1,176128,1,1
"KERNEL_DISPATCH","Agent 4",1,0,5908,2002,120,"void at::native::vectorized_elementwise_kernel<4, at::native::FillFunctor<int>, std::array<char*, 1ul> >(int, at::native::FillFunctor<int>, std::array<char*, 1ul>)",2002,2850418268994263,2850418269195065,0,0,8,0,16,256,1,1,16777216,1,1
"KERNEL_DISPATCH","Agent 4",1,0,5908,2003,221,"gemm_kernel_v2",2003,2850418269205400,2850418271627988,0,0,24,272,48,256,1,1,176128,1,1
"KERNEL_DISPATCH","Agent 4",1,0,5908,2004,120,"void at::native::vectorized_elementwise_kernel<4, at::native::FillFunctor<int>, std::array<char*, 1ul> >(int, at::native::FillFunctor<int>, std::array<char*, 1ul>)",2004,2850418271636948,2850418271836310,0,0,8,0,16,256,1,1,16777216,1,1
"KERNEL_DISPATCH","Agent 4",1,0,5908,2005,221,"gemm_kernel_v2",2005,2850418271846230,2850418274259539,0,0,24,272,48,256,1,1,176128,1,1
"KERNEL_DISPATCH","Agent 4",1,0,5908,2006,120,"void at::native::vectorized_elementwise_kernel<4, at::native::FillFunctor<int>, std::array<char*, 1ul> >(int, at::native::FillFunctor<int>, std::array<char*, 1ul>)",2006,2850418274268819,2850418274471701,0,0,8,0,16,256,1,1,16777216,1,1
"KERNEL_DISPATCH","Agent 4",1,0,5908,2007,221,"gemm_kernel_v2",2007,2850418274481621,2850418276904530,0,0,24,272,48,256,1,1,176128,1,1
"KERNEL_DISPATCH","Agent 4",1,0,5908,2008,222,"gemm_kernel_v2",2008,2850418282498996,2850418284350058,0,0,116,4,48,512,1,1,352256,1,1
"KERNEL_DISPATCH","Agent 4",1,0,5908,2009,120,"void at::native::vectorized_elementwise_kernel<4, at::native::FillFunctor<int>, std::array<char*, 1ul> >(int, at::native::FillFunctor<int>, std::array<char*, 1ul>)",2009,2850418284427659,2850418284628141,0,0,8,0,16,256,1,1,16777216,1,1
"KERNEL_DISPATCH","Agent 4",1,0,5908,2010,222,"gemm_kernel_v2",2010,2850418284628141,2850418286478243,0,0,116,4,48,512,1,1,352256,1,1
"KERNEL_DISPATCH","Agent 4",1,0,5908,2011,120,"void at::native::vectorized_elementwise_kernel<4, at::native::FillFunctor<int>, std::array<char*, 1ul> >(int, at::native::FillFunctor<int>, std::array<char*, 1ul>)",2011,2850418286478243,2850418286683046,0,0,8,0,16,256,1,1,16777216,1,1
"KERNEL_DISPATCH","Agent 4",1,0,5908,2012,222,"gemm_kernel_v2",2012,2850418286683046,2850418288529468,0,0,116,4,48,512,1,1,352256,1,1
"KERNEL_DISPATCH","Agent 4",1,0,5908,2013,120,"void at::native::vectorized_elementwise_kernel<4, at::native::FillFunctor<int>, std::array<char*, 1ul> >(int, at::native::FillFunctor<int>, std::array<char*, 1ul>)",2013,2850418288529468,2850418288730910,0,0,8,0,16,256,1,1,16777216,1,1
"KERNEL_DISPATCH","Agent 4",1,0,5908,2014,222,"gemm_kernel_v2",2014,2850418288730910,2850418290578132,0,0,116,4,48,512,1,1,352256,1,1
"KERNEL_DISPATCH","Agent 4",1,0,5908,2015,120,"void at::native::vectorized_elementwise_kernel<4, at::native::FillFunctor<int>, std::array<char*, 1ul> >(int, at::native::FillFunctor<int>, std::array<char*, 1ul>)",2015,2850418290578132,2850418290781494,0,0,8,0,16,256,1,1,16777216,1,1
"KERNEL_DISPATCH","Agent 4",1,0,5908,2016,222,"gemm_kernel_v2",2016,2850418290781494,2850418292631916,0,0,116,4,48,512,1,1,352256,1,1
"KERNEL_DISPATCH","Agent 4",1,0,5908,2017,120,"void at::native::vectorized_elementwise_kernel<4, at::native::FillFunctor<int>, std::array<char*, 1ul> >(int, at::native::FillFunctor<int>, std::array<char*, 1ul>)",2017,2850418292631916,2850418292831918,0,0,8,0,16,256,1,1,16777216,1,1
"KERNEL_DISPATCH","Agent 4",1,0,5908,2018,222,"gemm_kernel_v2",2018,2850418292831918,2850418294680420,0,0,116,4,48,512,1,1,352256,1,1
"KERNEL_DISPATCH","Agent 4",1,0,5908,2019,222,"gemm_kernel_v2",2019,2850418294906503,2850418296760445,0,0,116,4,48,512,1,1,352256,1,1
"KERNEL_DISPATCH","Agent 4",1,0,5908,2020,222,"gemm_kernel_v2",2020,2850418296760445,2850418298611507,0,0,116,4,48,512,1,1,352256,1,1
"KERNEL_DISPATCH","Agent 4",1,0,5908,2021,222,"gemm_kernel_v2",2021,2850418298611507,2850418300460329,0,0,116,4,48,512,1,1,352256,1,1
"KERNEL_DISPATCH","Agent 4",1,0,5908,2022,222,"gemm_kernel_v2",2022,2850418300460329,2850418302310431,0,0,116,4,48,512,1,1,352256,1,1
"KERNEL_DISPATCH","Agent 4",1,0,5908,2023,222,"gemm_kernel_v2",2023,2850418302310431,2850418304158453,0,0,116,4,48,512,1,1,352256,1,1
"KERNEL_DISPATCH","Agent 4",1,0,5908,2024,222,"gemm_kernel_v2",2024,2850418304158453,2850418306008714,0,0,116,4,48,512,1,1,352256,1,1
"KERNEL_DISPATCH","Agent 4",1,0,5908,2025,222,"gemm_kernel_v2",2025,2850418306008714,2850418307854816,0,0,116,4,48,512,1,1,352256,1,1
"KERNEL_DISPATCH","Agent 4",1,0,5908,2026,222,"gemm_kernel_v2",2026,2850418307854816,2850418309704278,0,0,116,4,48,512,1,1,352256,1,1
"KERNEL_DISPATCH","Agent 4",1,0,5908,2027,222,"gemm_kernel_v2",2027,2850418309704278,2850418311552780,0,0,116,4,48,512,1,1,352256,1,1
"KERNEL_DISPATCH","Agent 4",1,0,5908,2028,222,"gemm_kernel_v2",2028,2850418311552780,2850418313400002,0,0,116,4,48,512,1,1,352256,1,1
"KERNEL_DISPATCH","Agent 4",1,0,5908,2029,222,"gemm_kernel_v2",2029,2850418313400002,2850418315254104,0,0,116,4,48,512,1,1,352256,1,1
"KERNEL_DISPATCH","Agent 4",1,0,5908,2030,222,"gemm_kernel_v2",2030,2850418315254104,2850418317105806,0,0,116,4,48,512,1,1,352256,1,1
"KERNEL_DISPATCH","Agent 4",1,0,5908,2031,120,"void at::native::vectorized_elementwise_kernel<4, at::native::FillFunctor<int>, std::array<char*, 1ul> >(int, at::native::FillFunctor<int>, std::array<char*, 1ul>)",2031,2850418317105806,2850418317307088,0,0,8,0,16,256,1,1,16777216,1,1
"KERNEL_DISPATCH","Agent 4",1,0,5908,2032,222,"gemm_kernel_v2",2032,2850418317318768,2850418319168390,0,0,116,4,48,512,1,1,352256,1,1
"KERNEL_DISPATCH","Agent 4",1,0,5908,2033,120,"void at::native::vectorized_elementwise_kernel<4, at::native::FillFunctor<int>, std::array<char*, 1ul> >(int, at::native::FillFunctor<int>, std::array<char*, 1ul>)",2033,2850418319177830,2850418319377033,0,0,8,0,16,256,1,1,16777216,1,1
"KERNEL_DISPATCH","Agent 4",1,0,5908,2034,222,"gemm_kernel_v2",2034,2850418319387273,2850418321238335,0,0,116,4,48,512,1,1,352256,1,1
"KERNEL_DISPATCH","Agent 4",1,0,5908,2035,120,"void at::native::vectorized_elementwise_kernel<4, at::native::FillFunctor<int>, std::array<char*, 1ul> >(int, at::native::FillFunctor<int>, std::array<char*, 1ul>)",2035,2850418321247455,2850418321450177,0,0,8,0,16,256,1,1,16777216,1,1
"KERNEL_DISPATCH","Agent 4",1,0,5908,2036,222,"gemm_kernel_v2",2036,2850418321459937,2850418323308919,0,0,116,4,48,512,1,1,352256,1,1
"KERNEL_DISPATCH","Agent 4",1,0,5908,2037,120,"void at::native::vectorized_elementwise_kernel<4, at::native::FillFunctor<int>, std::array<char*, 1ul> >(int, at::native::FillFunctor<int>, std::array<char*, 1ul>)",2037,2850418323318359,2850418323515962,0,0,8,0,16,256,1,1,16777216,1,1
"KERNEL_DISPATCH","Agent 4",1,0,5908,2038,222,"gemm_kernel_v2",2038,2850418323525722,2850418325375664,0,0,116,4,48,512,1,1,352256,1,1
"KERNEL_DISPATCH","Agent 4",1,0,5908,2039,120,"void at::native::vectorized_elementwise_kernel<4, at::native::FillFunctor<int>, std::array<char*, 1ul> >(int, at::native::FillFunctor<int>, std::array<char*, 1ul>)",2039,2850418325384784,2850418325581266,0,0,8,0,16,256,1,1,16777216,1,1
"KERNEL_DISPATCH","Agent 4",1,0,5908,2040,222,"gemm_kernel_v2",2040,2850418325591346,2850418327441928,0,0,116,4,48,512,1,1,352256,1,1
"KERNEL_DISPATCH","Agent 4",1,0,5908,2041,120,"void at::native::vectorized_elementwise_kernel<4, at::native::FillFunctor<int>, std::array<char*, 1ul> >(int, at::native::FillFunctor<int>, std::array<char*, 1ul>)",2041,2850418327451208,2850418327647851,0,0,8,0,16,256,1,1,16777216,1,1
"KERNEL_DISPATCH","Agent 4",1,0,5908,2042,222,"gemm_kernel_v2",2042,2850418327657451,2850418329512833,0,0,116,4,48,512,1,1,352256,1,1
"KERNEL_DISPATCH","Agent 4",1,0,5908,2043,120,"void at::native::vectorized_elementwise_kernel<4, at::native::FillFunctor<int>, std::array<char*, 1ul> >(int, at::native::FillFunctor<int>, std::array<char*, 1ul>)",2043,2850418329522273,2850418329722595,0,0,8,0,16,256,1,1,16777216,1,1
"KERNEL_DISPATCH","Agent 4",1,0,5908,2044,222,"gemm_kernel_v2",2044,2850418329733475,2850418331586617,0,0,116,4,48,512,1,1,352256,1,1
"KERNEL_DISPATCH","Agent 4",1,0,5908,2045,120,"void at::native::vectorized_elementwise_kernel<4, at::native::FillFunctor<int>, std::array<char*, 1ul> >(int, at::native::FillFunctor<int>, std::array<char*, 1ul>)",2045,2850418331595737,2850418331795580,0,0,8,0,16,256,1,1,16777216,1,1
"KERNEL_DISPATCH","Agent 4",1,0,5908,2046,222,"gemm_kernel_v2",2046,2850418331805020,2850418333656082,0,0,116,4,48,512,1,1,352256,1,1
"KERNEL_DISPATCH","Agent 4",1,0,5908,2047,120,"void at::native::vectorized_elementwise_kernel<4, at::native::FillFunctor<int>, std::array<char*, 1ul> >(int, at::native::FillFunctor<int>, std::array<char*, 1ul>)",2047,2850418333665042,2850418333864084,0,0,8,0,16,256,1,1,16777216,1,1
"KERNEL_DISPATCH","Agent 4",1,0,5908,2048,222,"gemm_kernel_v2",2048,2850418333873655,2850418335730317,0,0,116,4,48,512,1,1,352256,1,1
"KERNEL_DISPATCH","Agent 4",1,0,5908,2049,120,"void at::native::vectorized_elementwise_kernel<4, at::native::FillFunctor<int>, std::array<char*, 1ul> >(int, at::native::FillFunctor<int>, std::array<char*, 1ul>)",2049,2850418335739917,2850418335938319,0,0,8,0,16,256,1,1,16777216,1,1
"KERNEL_DISPATCH","Agent 4",1,0,5908,2050,222,"gemm_kernel_v2",2050,2850418335947759,2850418337798181,0,0,116,4,48,512,1,1,352256,1,1
"KERNEL_DISPATCH","Agent 4",1,0,5908,2051,120,"void at::native::vectorized_elementwise_kernel<4, at::native::FillFunctor<int>, std::array<char*, 1ul> >(int, at::native::FillFunctor<int>, std::array<char*, 1ul>)",2051,2850418337807141,2850418338009863,0,0,8,0,16,256,1,1,16777216,1,1
"KERNEL_DISPATCH","Agent 4",1,0,5908,2052,222,"gemm_kernel_v2",2052,2850418338019303,2850418339869245,0,0,116,4,48,512,1,1,352256,1,1
"KERNEL_DISPATCH","Agent 4",1,0,5908,2053,120,"void at::native::vectorized_elementwise_kernel<4, at::native::FillFunctor<int>, std::array<char*, 1ul> >(int, at::native::FillFunctor<int>, std::array<char*, 1ul>)",2053,2850418339878365,2850418340075648,0,0,8,0,16,256,1,1,16777216,1,1
"KERNEL_DISPATCH","Agent 4",1,0,5908,2054,222,"gemm_kernel_v2",2054,2850418340085088,2850418341938390,0,0,116,4,48,512,1,1,352256,1,1
"KERNEL_DISPATCH","Agent 4",1,0,5908,2055,120,"void at::native::vectorized_elementwise_kernel<4, at::native::FillFunctor<int>, std::array<char*, 1ul> >(int, at::native::FillFunctor<int>, std::array<char*, 1ul>)",2055,2850418341947350,2850418342146232,0,0,8,0,16,256,1,1,16777216,1,1
"KERNEL_DISPATCH","Agent 4",1,0,5908,2056,222,"gemm_kernel_v2",2056,2850418342156152,2850418344012014,0,0,116,4,48,512,1,1,352256,1,1
"KERNEL_DISPATCH","Agent 4",1,0,5908,2057,120,"void at::native::vectorized_elementwise_kernel<4, at::native::FillFunctor<int>, std::array<char*, 1ul> >(int, at::native::FillFunctor<int>, std::array<char*, 1ul>)",2057,2850418344021134,2850418344218737,0,0,8,0,16,256,1,1,16777216,1,1
"KERNEL_DISPATCH","Agent 4",1,0,5908,2058,222,"gemm_kernel_v2",2058,2850418344228337,2850418346075399,0,0,116,4,48,512,1,1,352256,1,1
"KERNEL_DISPATCH","Agent 4",1,0,5908,2059,120,"void at::native::vectorized_elementwise_kernel<4, at::native::FillFunctor<int>, std::array<char*, 1ul> >(int, at::native::FillFunctor<int>, std::array<char*, 1ul>)",2059,2850418346084519,2850418346288201,0,0,8,0,16,256,1,1,16777216,1,1
"KERNEL_DISPATCH","Agent 4",1,0,5908,2060,222,"gemm_kernel_v2",2060,2850418346297801,2850418348142623,0,0,116,4,48,512,1,1,352256,1,1
"KERNEL_DISPATCH","Agent 4",1,0,5908,2061,120,"void at::native::vectorized_elementwise_kernel<4, at::native::FillFunctor<int>, std::array<char*, 1ul> >(int, at::native::FillFunctor<int>, std::array<char*, 1ul>)",2061,2850418348151583,2850418348351746,0,0,8,0,16,256,1,1,16777216,1,1
"KERNEL_DISPATCH","Agent 4",1,0,5908,2062,222,"gemm_kernel_v2",2062,2850418348361826,2850418350205048,0,0,116,4,48,512,1,1,352256,1,1
"KERNEL_DISPATCH","Agent 4",1,0,5908,2063,120,"void at::native::vectorized_elementwise_kernel<4, at::native::FillFunctor<int>, std::array<char*, 1ul> >(int, at::native::FillFunctor<int>, std::array<char*, 1ul>)",2063,2850418350214168,2850418350414490,0,0,8,0,16,256,1,1,16777216,1,1
"KERNEL_DISPATCH","Agent 4",1,0,5908,2064,222,"gemm_kernel_v2",2064,2850418350424250,2850418352275472,0,0,116,4,48,512,1,1,352256,1,1
"KERNEL_DISPATCH","Agent 4",1,0,5908,2065,120,"void at::native::vectorized_elementwise_kernel<4, at::native::FillFunctor<int>, std::array<char*, 1ul> >(int, at::native::FillFunctor<int>, std::array<char*, 1ul>)",2065,2850418352284432,2850418352485555,0,0,8,0,16,256,1,1,16777216,1,1
"KERNEL_DISPATCH","Agent 4",1,0,5908,2066,222,"gemm_kernel_v2",2066,2850418352495315,2850418354345897,0,0,116,4,48,512,1,1,352256,1,1
"KERNEL_DISPATCH","Agent 4",1,0,5908,2067,120,"void at::native::vectorized_elementwise_kernel<4, at::native::FillFunctor<int>, std::array<char*, 1ul> >(int, at::native::FillFunctor<int>, std::array<char*, 1ul>)",2067,2850418354355017,2850418354553739,0,0,8,0,16,256,1,1,16777216,1,1
"KERNEL_DISPATCH","Agent 4",1,0,5908,2068,222,"gemm_kernel_v2",2068,2850418354563659,2850418356411841,0,0,116,4,48,512,1,1,352256,1,1
"KERNEL_DISPATCH","Agent 4",1,0,5908,2069,120,"void at::native::vectorized_elementwise_kernel<4, at::native::FillFunctor<int>, std::array<char*, 1ul> >(int, at::native::FillFunctor<int>, std::array<char*, 1ul>)",2069,2850418356420961,2850418356624164,0,0,8,0,16,256,1,1,16777216,1,1
"KERNEL_DISPATCH","Agent 4",1,0,5908,2070,222,"gemm_kernel_v2",2070,2850418356633444,2850418358481946,0,0,116,4,48,512,1,1,352256,1,1
"KERNEL_DISPATCH","Agent 4",1,0,5908,2071,120,"void at::native::vectorized_elementwise_kernel<4, at::native::FillFunctor<int>, std::array<char*, 1ul> >(int, at::native::FillFunctor<int>, std::array<char*, 1ul>)",2071,2850418358491226,2850418358690428,0,0,8,0,16,256,1,1,16777216,1,1
"KERNEL_DISPATCH","Agent 4",1,0,5908,2072,222,"gemm_kernel_v2",2072,2850418358700028,2850418360550290,0,0,116,4,48,512,1,1,352256,1,1
"KERNEL_DISPATCH","Agent 4",1,0,5908,2073,120,"void at::native::vectorized_elementwise_kernel<4, at::native::FillFunctor<int>, std::array<char*, 1ul> >(int, at::native::FillFunctor<int>, std::array<char*, 1ul>)",2073,2850418360559250,2850418360761012,0,0,8,0,16,256,1,1,16777216,1,1
"KERNEL_DISPATCH","Agent 4",1,0,5908,2074,222,"gemm_kernel_v2",2074,2850418360770773,2850418362622795,0,0,116,4,48,512,1,1,352256,1,1
"KERNEL_DISPATCH","Agent 4",1,0,5908,2075,120,"void at::native::vectorized_elementwise_kernel<4, at::native::FillFunctor<int>, std::array<char*, 1ul> >(int, at::native::FillFunctor<int>, std::array<char*, 1ul>)",2075,2850418362631915,2850418362832717,0,0,8,0,16,256,1,1,16777216,1,1
"KERNEL_DISPATCH","Agent 4",1,0,5908,2076,222,"gemm_kernel_v2",2076,2850418362842477,2850418364690179,0,0,116,4,48,512,1,1,352256,1,1
"KERNEL_DISPATCH","Agent 4",1,0,5908,2077,120,"void at::native::vectorized_elementwise_kernel<4, at::native::FillFunctor<int>, std::array<char*, 1ul> >(int, at::native::FillFunctor<int>, std::array<char*, 1ul>)",2077,2850418364699299,2850418364896741,0,0,8,0,16,256,1,1,16777216,1,1
"KERNEL_DISPATCH","Agent 4",1,0,5908,2078,222,"gemm_kernel_v2",2078,2850418364906502,2850418366757243,0,0,116,4,48,512,1,1,352256,1,1
"KERNEL_DISPATCH","Agent 4",1,0,5908,2079,120,"void at::native::vectorized_elementwise_kernel<4, at::native::FillFunctor<int>, std::array<char*, 1ul> >(int, at::native::FillFunctor<int>, std::array<char*, 1ul>)",2079,2850418366766204,2850418366964446,0,0,8,0,16,256,1,1,16777216,1,1
"KERNEL_DISPATCH","Agent 4",1,0,5908,2080,222,"gemm_kernel_v2",2080,2850418366974046,2850418368827508,0,0,116,4,48,512,1,1,352256,1,1
"KERNEL_DISPATCH","Agent 4",1,0,5908,2081,120,"void at::native::vectorized_elementwise_kernel<4, at::native::FillFunctor<int>, std::array<char*, 1ul> >(int, at::native::FillFunctor<int>, std::array<char*, 1ul>)",2081,2850418368837108,2850418369037110,0,0,8,0,16,256,1,1,16777216,1,1
"KERNEL_DISPATCH","Agent 4",1,0,5908,2082,222,"gemm_kernel_v2",2082,2850418369046711,2850418370896972,0,0,116,4,48,512,1,1,352256,1,1
"KERNEL_DISPATCH","Agent 4",1,0,5908,2083,120,"void at::native::vectorized_elementwise_kernel<4, at::native::FillFunctor<int>, std::array<char*, 1ul> >(int, at::native::FillFunctor<int>, std::array<char*, 1ul>)",2083,2850418370906253,2850418371104975,0,0,8,0,16,256,1,1,16777216,1,1
"KERNEL_DISPATCH","Agent 4",1,0,5908,2084,222,"gemm_kernel_v2",2084,2850418371114735,2850418372961477,0,0,116,4,48,512,1,1,352256,1,1
"KERNEL_DISPATCH","Agent 4",1,0,5908,2085,120,"void at::native::vectorized_elementwise_kernel<4, at::native::FillFunctor<int>, std::array<char*, 1ul> >(int, at::native::FillFunctor<int>, std::array<char*, 1ul>)",2085,2850418372970597,2850418373168999,0,0,8,0,16,256,1,1,16777216,1,1
"KERNEL_DISPATCH","Agent 4",1,0,5908,2086,222,"gemm_kernel_v2",2086,2850418373178599,2850418375031741,0,0,116,4,48,512,1,1,352256,1,1
"KERNEL_DISPATCH","Agent 4",1,0,5908,2087,120,"void at::native::vectorized_elementwise_kernel<4, at::native::FillFunctor<int>, std::array<char*, 1ul> >(int, at::native::FillFunctor<int>, std::array<char*, 1ul>)",2087,2850418375041181,2850418375239264,0,0,8,0,16,256,1,1,16777216,1,1
"KERNEL_DISPATCH","Agent 4",1,0,5908,2088,222,"gemm_kernel_v2",2088,2850418375248864,2850418377097526,0,0,116,4,48,512,1,1,352256,1,1
"KERNEL_DISPATCH","Agent 4",1,0,5908,2089,120,"void at::native::vectorized_elementwise_kernel<4, at::native::FillFunctor<int>, std::array<char*, 1ul> >(int, at::native::FillFunctor<int>, std::array<char*, 1ul>)",2089,2850418377106646,2850418377306648,0,0,8,0,16,256,1,1,16777216,1,1
"KERNEL_DISPATCH","Agent 4",1,0,5908,2090,222,"gemm_kernel_v2",2090,2850418377316568,2850418379166990,0,0,116,4,48,512,1,1,352256,1,1
"KERNEL_DISPATCH","Agent 4",1,0,5908,2091,120,"void at::native::vectorized_elementwise_kernel<4, at::native::FillFunctor<int>, std::array<char*, 1ul> >(int, at::native::FillFunctor<int>, std::array<char*, 1ul>)",2091,2850418379175950,2850418379375153,0,0,8,0,16,256,1,1,16777216,1,1
"KERNEL_DISPATCH","Agent 4",1,0,5908,2092,222,"gemm_kernel_v2",2092,2850418379385073,2850418381236775,0,0,116,4,48,512,1,1,352256,1,1
"KERNEL_DISPATCH","Agent 4",1,0,5908,2093,120,"void at::native::vectorized_elementwise_kernel<4, at::native::FillFunctor<int>, std::array<char*, 1ul> >(int, at::native::FillFunctor<int>, std::array<char*, 1ul>)",2093,2850418381246055,2850418381442537,0,0,8,0,16,256,1,1,16777216,1,1
"KERNEL_DISPATCH","Agent 4",1,0,5908,2094,222,"gemm_kernel_v2",2094,2850418381452457,2850418383301279,0,0,116,4,48,512,1,1,352256,1,1
"KERNEL_DISPATCH","Agent 4",1,0,5908,2095,120,"void at::native::vectorized_elementwise_kernel<4, at::native::FillFunctor<int>, std::array<char*, 1ul> >(int, at::native::FillFunctor<int>, std::array<char*, 1ul>)",2095,2850418383310559,2850418383508802,0,0,8,0,16,256,1,1,16777216,1,1
"KERNEL_DISPATCH","Agent 4",1,0,5908,2096,222,"gemm_kernel_v2",2096,2850418383518402,2850418385370904,0,0,116,4,48,512,1,1,352256,1,1
"KERNEL_DISPATCH","Agent 4",1,0,5908,2097,120,"void at::native::vectorized_elementwise_kernel<4, at::native::FillFunctor<int>, std::array<char*, 1ul> >(int, at::native::FillFunctor<int>, std::array<char*, 1ul>)",2097,2850418385380024,2850418385580026,0,0,8,0,16,256,1,1,16777216,1,1
"KERNEL_DISPATCH","Agent 4",1,0,5908,2098,222,"gemm_kernel_v2",2098,2850418385589786,2850418387446608,0,0,116,4,48,512,1,1,352256,1,1
"KERNEL_DISPATCH","Agent 4",1,0,5908,2099,120,"void at::native::vectorized_elementwise_kernel<4, at::native::FillFunctor<int>, std::array<char*, 1ul> >(int, at::native::FillFunctor<int>, std::array<char*, 1ul>)",2099,2850418387455728,2850418387654931,0,0,8,0,16,256,1,1,16777216,1,1
"KERNEL_DISPATCH","Agent 4",1,0,5908,2100,222,"gemm_kernel_v2",2100,2850418387664691,2850418389521033,0,0,116,4,48,512,1,1,352256,1,1
"KERNEL_DISPATCH","Agent 4",1,0,5908,2101,120,"void at::native::vectorized_elementwise_kernel<4, at::native::FillFunctor<int>, std::array<char*, 1ul> >(int, at::native::FillFunctor<int>, std::array<char*, 1ul>)",2101,2850418389530473,2850418389732555,0,0,8,0,16,256,1,1,16777216,1,1
"KERNEL_DISPATCH","Agent 4",1,0,5908,2102,222,"gemm_kernel_v2",2102,2850418389741995,2850418391594657,0,0,116,4,48,512,1,1,352256,1,1
"KERNEL_DISPATCH","Agent 4",1,0,5908,2103,120,"void at::native::vectorized_elementwise_kernel<4, at::native::FillFunctor<int>, std::array<char*, 1ul> >(int, at::native::FillFunctor<int>, std::array<char*, 1ul>)",2103,2850418391603777,2850418391802820,0,0,8,0,16,256,1,1,16777216,1,1
"KERNEL_DISPATCH","Agent 4",1,0,5908,2104,222,"gemm_kernel_v2",2104,2850418391812580,2850418393664282,0,0,116,4,48,512,1,1,352256,1,1
"KERNEL_DISPATCH","Agent 4",1,0,5908,2105,120,"void at::native::vectorized_elementwise_kernel<4, at::native::FillFunctor<int>, std::array<char*, 1ul> >(int, at::native::FillFunctor<int>, std::array<char*, 1ul>)",2105,2850418393673402,2850418393877244,0,0,8,0,16,256,1,1,16777216,1,1
"KERNEL_DISPATCH","Agent 4",1,0,5908,2106,222,"gemm_kernel_v2",2106,2850418393886844,2850418395738706,0,0,116,4,48,512,1,1,352256,1,1
"KERNEL_DISPATCH","Agent 4",1,0,5908,2107,120,"void at::native::vectorized_elementwise_kernel<4, at::native::FillFunctor<int>, std::array<char*, 1ul> >(int, at::native::FillFunctor<int>, std::array<char*, 1ul>)",2107,2850418395747666,2850418395947989,0,0,8,0,16,256,1,1,16777216,1,1
"KERNEL_DISPATCH","Agent 4",1,0,5908,2108,222,"gemm_kernel_v2",2108,2850418395957749,2850418397806411,0,0,116,4,48,512,1,1,352256,1,1
"KERNEL_DISPATCH","Agent 4",1,0,5908,2109,120,"void at::native::vectorized_elementwise_kernel<4, at::native::FillFunctor<int>, std::array<char*, 1ul> >(int, at::native::FillFunctor<int>, std::array<char*, 1ul>)",2109,2850418397815851,2850418398014093,0,0,8,0,16,256,1,1,16777216,1,1
"KERNEL_DISPATCH","Agent 4",1,0,5908,2110,222,"gemm_kernel_v2",2110,2850418398023802,2850418399874063,0,0,116,4,48,512,1,1,352256,1,1
"KERNEL_DISPATCH","Agent 4",1,0,5908,2111,120,"void at::native::vectorized_elementwise_kernel<4, at::native::FillFunctor<int>, std::array<char*, 1ul> >(int, at::native::FillFunctor<int>, std::array<char*, 1ul>)",2111,2850418399883343,2850418400082225,0,0,8,0,16,256,1,1,16777216,1,1
"KERNEL_DISPATCH","Agent 4",1,0,5908,2112,222,"gemm_kernel_v2",2112,2850418400092145,2850418401940327,0,0,116,4,48,512,1,1,352256,1,1
"KERNEL_DISPATCH","Agent 4",1,0,5908,2113,120,"void at::native::vectorized_elementwise_kernel<4, at::native::FillFunctor<int>, std::array<char*, 1ul> >(int, at::native::FillFunctor<int>, std::array<char*, 1ul>)",2113,2850418401949447,2850418402153289,0,0,8,0,16,256,1,1,16777216,1,1
"KERNEL_DISPATCH","Agent 4",1,0,5908,2114,222,"gemm_kernel_v2",2114,2850418402162890,2850418404010431,0,0,116,4,48,512,1,1,352256,1,1
"KERNEL_DISPATCH","Agent 4",1,0,5908,2115,120,"void at::native::vectorized_elementwise_kernel<4, at::native::FillFunctor<int>, std::array<char*, 1ul> >(int, at::native::FillFunctor<int>, std::array<char*, 1ul>)",2115,2850418404019391,2850418404218114,0,0,8,0,16,256,1,1,16777216,1,1
"KERNEL_DISPATCH","Agent 4",1,0,5908,2116,222,"gemm_kernel_v2",2116,2850418404228034,2850418406074296,0,0,116,4,48,512,1,1,352256,1,1
"KERNEL_DISPATCH","Agent 4",1,0,5908,2117,120,"void at::native::vectorized_elementwise_kernel<4, at::native::FillFunctor<int>, std::array<char*, 1ul> >(int, at::native::FillFunctor<int>, std::array<char*, 1ul>)",2117,2850418406083416,2850418406282618,0,0,8,0,16,256,1,1,16777216,1,1
"KERNEL_DISPATCH","Agent 4",1,0,5908,2118,222,"gemm_kernel_v2",2118,2850418406292058,2850418408142000,0,0,116,4,48,512,1,1,352256,1,1
"KERNEL_DISPATCH","Agent 4",1,0,5908,2119,120,"void at::native::vectorized_elementwise_kernel<4, at::native::FillFunctor<int>, std::array<char*, 1ul> >(int, at::native::FillFunctor<int>, std::array<char*, 1ul>)",2119,2850418408150960,2850418408353363,0,0,8,0,16,256,1,1,16777216,1,1
"KERNEL_DISPATCH","Agent 4",1,0,5908,2120,222,"gemm_kernel_v2",2120,2850418408363283,2850418410214185,0,0,116,4,48,512,1,1,352256,1,1
"KERNEL_DISPATCH","Agent 4",1,0,5908,2121,120,"void at::native::vectorized_elementwise_kernel<4, at::native::FillFunctor<int>, std::array<char*, 1ul> >(int, at::native::FillFunctor<int>, std::array<char*, 1ul>)",2121,2850418410223465,2850418410425227,0,0,8,0,16,256,1,1,16777216,1,1
"KERNEL_DISPATCH","Agent 4",1,0,5908,2122,222,"gemm_kernel_v2",2122,2850418410434507,2850418412284609,0,0,116,4,48,512,1,1,352256,1,1
"KERNEL_DISPATCH","Agent 4",1,0,5908,2123,120,"void at::native::vectorized_elementwise_kernel<4, at::native::FillFunctor<int>, std::array<char*, 1ul> >(int, at::native::FillFunctor<int>, std::array<char*, 1ul>)",2123,2850418412293729,2850418412493732,0,0,8,0,16,256,1,1,16777216,1,1
"KERNEL_DISPATCH","Agent 4",1,0,5908,2124,222,"gemm_kernel_v2",2124,2850418412503492,2850418414357754,0,0,116,4,48,512,1,1,352256,1,1
"KERNEL_DISPATCH","Agent 4",1,0,5908,2125,120,"void at::native::vectorized_elementwise_kernel<4, at::native::FillFunctor<int>, std::array<char*, 1ul> >(int, at::native::FillFunctor<int>, std::array<char*, 1ul>)",2125,2850418414367034,2850418414569916,0,0,8,0,16,256,1,1,16777216,1,1
"KERNEL_DISPATCH","Agent 4",1,0,5908,2126,222,"gemm_kernel_v2",2126,2850418414579356,2850418416432338,0,0,116,4,48,512,1,1,352256,1,1
"KERNEL_DISPATCH","Agent 4",1,0,5908,2127,223,"gemm_kernel_v2",2127,2850418421484398,2850418423845706,0,0,40,256,64,256,1,1,176128,1,1
"KERNEL_DISPATCH","Agent 4",1,0,5908,2128,120,"void at::native::vectorized_elementwise_kernel<4, at::native::FillFunctor<int>, std::array<char*, 1ul> >(int, at::native::FillFunctor<int>, std::array<char*, 1ul>)",2128,2850418423924267,2850418424124429,0,0,8,0,16,256,1,1,16777216,1,1
"KERNEL_DISPATCH","Agent 4",1,0,5908,2129,223,"gemm_kernel_v2",2129,2850418424124429,2850418426460457,0,0,40,256,64,256,1,1,176128,1,1
"KERNEL_DISPATCH","Agent 4",1,0,5908,2130,120,"void at::native::vectorized_elementwise_kernel<4, at::native::FillFunctor<int>, std::array<char*, 1ul> >(int, at::native::FillFunctor<int>, std::array<char*, 1ul>)",2130,2850418426460457,2850418426660139,0,0,8,0,16,256,1,1,16777216,1,1
"KERNEL_DISPATCH","Agent 4",1,0,5908,2131,223,"gemm_kernel_v2",2131,2850418426660139,2850418428990407,0,0,40,256,64,256,1,1,176128,1,1
"KERNEL_DISPATCH","Agent 4",1,0,5908,2132,120,"void at::native::vectorized_elementwise_kernel<4, at::native::FillFunctor<int>, std::array<char*, 1ul> >(int, at::native::FillFunctor<int>, std::array<char*, 1ul>)",2132,2850418428990407,2850418429189769,0,0,8,0,16,256,1,1,16777216,1,1
"KERNEL_DISPATCH","Agent 4",1,0,5908,2133,223,"gemm_kernel_v2",2133,2850418429189769,2850418431522757,0,0,40,256,64,256,1,1,176128,1,1
"KERNEL_DISPATCH","Agent 4",1,0,5908,2134,120,"void at::native::vectorized_elementwise_kernel<4, at::native::FillFunctor<int>, std::array<char*, 1ul> >(int, at::native::FillFunctor<int>, std::array<char*, 1ul>)",2134,2850418431522757,2850418431724199,0,0,8,0,16,256,1,1,16777216,1,1
"KERNEL_DISPATCH","Agent 4",1,0,5908,2135,223,"gemm_kernel_v2",2135,2850418431724199,2850418434059107,0,0,40,256,64,256,1,1,176128,1,1
"KERNEL_DISPATCH","Agent 4",1,0,5908,2136,120,"void at::native::vectorized_elementwise_kernel<4, at::native::FillFunctor<int>, std::array<char*, 1ul> >(int, at::native::FillFunctor<int>, std::array<char*, 1ul>)",2136,2850418434059107,2850418434261029,0,0,8,0,16,256,1,1,16777216,1,1
"KERNEL_DISPATCH","Agent 4",1,0,5908,2137,223,"gemm_kernel_v2",2137,2850418434261029,2850418436590977,0,0,40,256,64,256,1,1,176128,1,1
"KERNEL_DISPATCH","Agent 4",1,0,5908,2138,223,"gemm_kernel_v2",2138,2850418436732258,2850418439062526,0,0,40,256,64,256,1,1,176128,1,1
"KERNEL_DISPATCH","Agent 4",1,0,5908,2139,223,"gemm_kernel_v2",2139,2850418439062526,2850418441395033,0,0,40,256,64,256,1,1,176128,1,1
"KERNEL_DISPATCH","Agent 4",1,0,5908,2140,223,"gemm_kernel_v2",2140,2850418441395033,2850418443726901,0,0,40,256,64,256,1,1,176128,1,1
"KERNEL_DISPATCH","Agent 4",1,0,5908,2141,223,"gemm_kernel_v2",2141,2850418443726901,2850418446055568,0,0,40,256,64,256,1,1,176128,1,1
"KERNEL_DISPATCH","Agent 4",1,0,5908,2142,223,"gemm_kernel_v2",2142,2850418446055568,2850418448390476,0,0,40,256,64,256,1,1,176128,1,1
"KERNEL_DISPATCH","Agent 4",1,0,5908,2143,223,"gemm_kernel_v2",2143,2850418448390476,2850418450725544,0,0,40,256,64,256,1,1,176128,1,1
"KERNEL_DISPATCH","Agent 4",1,0,5908,2144,223,"gemm_kernel_v2",2144,2850418450725544,2850418453055971,0,0,40,256,64,256,1,1,176128,1,1
"KERNEL_DISPATCH","Agent 4",1,0,5908,2145,223,"gemm_kernel_v2",2145,2850418453055971,2850418455387679,0,0,40,256,64,256,1,1,176128,1,1
"KERNEL_DISPATCH","Agent 4",1,0,5908,2146,223,"gemm_kernel_v2",2146,2850418455387679,2850418457718266,0,0,40,256,64,256,1,1,176128,1,1
"KERNEL_DISPATCH","Agent 4",1,0,5908,2147,120,"void at::native::vectorized_elementwise_kernel<4, at::native::FillFunctor<int>, std::array<char*, 1ul> >(int, at::native::FillFunctor<int>, std::array<char*, 1ul>)",2147,2850418457718266,2850418457920989,0,0,8,0,16,256,1,1,16777216,1,1
"KERNEL_DISPATCH","Agent 4",1,0,5908,2148,223,"gemm_kernel_v2",2148,2850418457932349,2850418460262936,0,0,40,256,64,256,1,1,176128,1,1
"KERNEL_DISPATCH","Agent 4",1,0,5908,2149,120,"void at::native::vectorized_elementwise_kernel<4, at::native::FillFunctor<int>, std::array<char*, 1ul> >(int, at::native::FillFunctor<int>, std::array<char*, 1ul>)",2149,2850418460271896,2850418460470939,0,0,8,0,16,256,1,1,16777216,1,1
"KERNEL_DISPATCH","Agent 4",1,0,5908,2150,223,"gemm_kernel_v2",2150,2850418460480349,2850418462814776,0,0,40,256,64,256,1,1,176128,1,1
"KERNEL_DISPATCH","Agent 4",1,0,5908,2151,120,"void at::native::vectorized_elementwise_kernel<4, at::native::FillFunctor<int>, std::array<char*, 1ul> >(int, at::native::FillFunctor<int>, std::array<char*, 1ul>)",2151,2850418462823736,2850418463025978,0,0,8,0,16,256,1,1,16777216,1,1
"KERNEL_DISPATCH","Agent 4",1,0,5908,2152,223,"gemm_kernel_v2",2152,2850418463035578,2850418465367606,0,0,40,256,64,256,1,1,176128,1,1
"KERNEL_DISPATCH","Agent 4",1,0,5908,2153,120,"void at::native::vectorized_elementwise_kernel<4, at::native::FillFunctor<int>, std::array<char*, 1ul> >(int, at::native::FillFunctor<int>, std::array<char*, 1ul>)",2153,2850418465376566,2850418465577208,0,0,8,0,16,256,1,1,16777216,1,1
"KERNEL_DISPATCH","Agent 4",1,0,5908,2154,223,"gemm_kernel_v2",2154,2850418465586808,2850418467911476,0,0,40,256,64,256,1,1,176128,1,1
"KERNEL_DISPATCH","Agent 4",1,0,5908,2155,120,"void at::native::vectorized_elementwise_kernel<4, at::native::FillFunctor<int>, std::array<char*, 1ul> >(int, at::native::FillFunctor<int>, std::array<char*, 1ul>)",2155,2850418467920916,2850418468121398,0,0,8,0,16,256,1,1,16777216,1,1
"KERNEL_DISPATCH","Agent 4",1,0,5908,2156,223,"gemm_kernel_v2",2156,2850418468130998,2850418470470226,0,0,40,256,64,256,1,1,176128,1,1
"KERNEL_DISPATCH","Agent 4",1,0,5908,2157,120,"void at::native::vectorized_elementwise_kernel<4, at::native::FillFunctor<int>, std::array<char*, 1ul> >(int, at::native::FillFunctor<int>, std::array<char*, 1ul>)",2157,2850418470479346,2850418470677588,0,0,8,0,16,256,1,1,16777216,1,1
"KERNEL_DISPATCH","Agent 4",1,0,5908,2158,223,"gemm_kernel_v2",2158,2850418470687348,2850418473016336,0,0,40,256,64,256,1,1,176128,1,1
"KERNEL_DISPATCH","Agent 4",1,0,5908,2159,120,"void at::native::vectorized_elementwise_kernel<4, at::native::FillFunctor<int>, std::array<char*, 1ul> >(int, at::native::FillFunctor<int>, std::array<char*, 1ul>)",2159,2850418473025456,2850418473225138,0,0,8,0,16,256,1,1,16777216,1,1
"KERNEL_DISPATCH","Agent 4",1,0,5908,2160,223,"gemm_kernel_v2",2160,2850418473234739,2850418475573166,0,0,40,256,64,256,1,1,176128,1,1
"KERNEL_DISPATCH","Agent 4",1,0,5908,2161,120,"void at::native::vectorized_elementwise_kernel<4, at::native::FillFunctor<int>, std::array<char*, 1ul> >(int, at::native::FillFunctor<int>, std::array<char*, 1ul>)",2161,2850418475581966,2850418475785329,0,0,8,0,16,256,1,1,16777216,1,1
"KERNEL_DISPATCH","Agent 4",1,0,5908,2162,223,"gemm_kernel_v2",2162,2850418475794449,2850418478127756,0,0,40,256,64,256,1,1,176128,1,1
"KERNEL_DISPATCH","Agent 4",1,0,5908,2163,120,"void at::native::vectorized_elementwise_kernel<4, at::native::FillFunctor<int>, std::array<char*, 1ul> >(int, at::native::FillFunctor<int>, std::array<char*, 1ul>)",2163,2850418478137196,2850418478334159,0,0,8,0,16,256,1,1,16777216,1,1
"KERNEL_DISPATCH","Agent 4",1,0,5908,2164,223,"gemm_kernel_v2",2164,2850418478343919,2850418480678507,0,0,40,256,64,256,1,1,176128,1,1
"KERNEL_DISPATCH","Agent 4",1,0,5908,2165,120,"void at::native::vectorized_elementwise_kernel<4, at::native::FillFunctor<int>, std::array<char*, 1ul> >(int, at::native::FillFunctor<int>, std::array<char*, 1ul>)",2165,2850418480687627,2850418480886029,0,0,8,0,16,256,1,1,16777216,1,1
"KERNEL_DISPATCH","Agent 4",1,0,5908,2166,223,"gemm_kernel_v2",2166,2850418480895309,2850418483222057,0,0,40,256,64,256,1,1,176128,1,1
"KERNEL_DISPATCH","Agent 4",1,0,5908,2167,120,"void at::native::vectorized_elementwise_kernel<4, at::native::FillFunctor<int>, std::array<char*, 1ul> >(int, at::native::FillFunctor<int>, std::array<char*, 1ul>)",2167,2850418483231017,2850418483429579,0,0,8,0,16,256,1,1,16777216,1,1
"KERNEL_DISPATCH","Agent 4",1,0,5908,2168,223,"gemm_kernel_v2",2168,2850418483439179,2850418485778087,0,0,40,256,64,256,1,1,176128,1,1
"KERNEL_DISPATCH","Agent 4",1,0,5908,2169,120,"void at::native::vectorized_elementwise_kernel<4, at::native::FillFunctor<int>, std::array<char*, 1ul> >(int, at::native::FillFunctor<int>, std::array<char*, 1ul>)",2169,2850418485787367,2850418485985609,0,0,8,0,16,256,1,1,16777216,1,1
"KERNEL_DISPATCH","Agent 4",1,0,5908,2170,223,"gemm_kernel_v2",2170,2850418485995209,2850418488323877,0,0,40,256,64,256,1,1,176128,1,1
"KERNEL_DISPATCH","Agent 4",1,0,5908,2171,120,"void at::native::vectorized_elementwise_kernel<4, at::native::FillFunctor<int>, std::array<char*, 1ul> >(int, at::native::FillFunctor<int>, std::array<char*, 1ul>)",2171,2850418488333157,2850418488531399,0,0,8,0,16,256,1,1,16777216,1,1
"KERNEL_DISPATCH","Agent 4",1,0,5908,2172,223,"gemm_kernel_v2",2172,2850418488540679,2850418490875587,0,0,40,256,64,256,1,1,176128,1,1
"KERNEL_DISPATCH","Agent 4",1,0,5908,2173,120,"void at::native::vectorized_elementwise_kernel<4, at::native::FillFunctor<int>, std::array<char*, 1ul> >(int, at::native::FillFunctor<int>, std::array<char*, 1ul>)",2173,2850418490884387,2850418491083429,0,0,8,0,16,256,1,1,16777216,1,1
"KERNEL_DISPATCH","Agent 4",1,0,5908,2174,223,"gemm_kernel_v2",2174,2850418491093190,2850418493429537,0,0,40,256,64,256,1,1,176128,1,1
"KERNEL_DISPATCH","Agent 4",1,0,5908,2175,120,"void at::native::vectorized_elementwise_kernel<4, at::native::FillFunctor<int>, std::array<char*, 1ul> >(int, at::native::FillFunctor<int>, std::array<char*, 1ul>)",2175,2850418493438817,2850418493641700,0,0,8,0,16,256,1,1,16777216,1,1
"KERNEL_DISPATCH","Agent 4",1,0,5908,2176,223,"gemm_kernel_v2",2176,2850418493650980,2850418495991647,0,0,40,256,64,256,1,1,176128,1,1
"KERNEL_DISPATCH","Agent 4",1,0,5908,2177,120,"void at::native::vectorized_elementwise_kernel<4, at::native::FillFunctor<int>, std::array<char*, 1ul> >(int, at::native::FillFunctor<int>, std::array<char*, 1ul>)",2177,2850418496000768,2850418496200290,0,0,8,0,16,256,1,1,16777216,1,1
"KERNEL_DISPATCH","Agent 4",1,0,5908,2178,223,"gemm_kernel_v2",2178,2850418496209890,2850418498539198,0,0,40,256,64,256,1,1,176128,1,1
"KERNEL_DISPATCH","Agent 4",1,0,5908,2179,120,"void at::native::vectorized_elementwise_kernel<4, at::native::FillFunctor<int>, std::array<char*, 1ul> >(int, at::native::FillFunctor<int>, std::array<char*, 1ul>)",2179,2850418498548958,2850418498749120,0,0,8,0,16,256,1,1,16777216,1,1
"KERNEL_DISPATCH","Agent 4",1,0,5908,2180,223,"gemm_kernel_v2",2180,2850418498759200,2850418501089948,0,0,40,256,64,256,1,1,176128,1,1
"KERNEL_DISPATCH","Agent 4",1,0,5908,2181,120,"void at::native::vectorized_elementwise_kernel<4, at::native::FillFunctor<int>, std::array<char*, 1ul> >(int, at::native::FillFunctor<int>, std::array<char*, 1ul>)",2181,2850418501099068,2850418501299230,0,0,8,0,16,256,1,1,16777216,1,1
"KERNEL_DISPATCH","Agent 4",1,0,5908,2182,223,"gemm_kernel_v2",2182,2850418501308510,2850418503644218,0,0,40,256,64,256,1,1,176128,1,1
"KERNEL_DISPATCH","Agent 4",1,0,5908,2183,120,"void at::native::vectorized_elementwise_kernel<4, at::native::FillFunctor<int>, std::array<char*, 1ul> >(int, at::native::FillFunctor<int>, std::array<char*, 1ul>)",2183,2850418503653338,2850418503852540,0,0,8,0,16,256,1,1,16777216,1,1
"KERNEL_DISPATCH","Agent 4",1,0,5908,2184,223,"gemm_kernel_v2",2184,2850418503862300,2850418506190808,0,0,40,256,64,256,1,1,176128,1,1
"KERNEL_DISPATCH","Agent 4",1,0,5908,2185,120,"void at::native::vectorized_elementwise_kernel<4, at::native::FillFunctor<int>, std::array<char*, 1ul> >(int, at::native::FillFunctor<int>, std::array<char*, 1ul>)",2185,2850418506199928,2850418506399290,0,0,8,0,16,256,1,1,16777216,1,1
"KERNEL_DISPATCH","Agent 4",1,0,5908,2186,223,"gemm_kernel_v2",2186,2850418506409051,2850418508744438,0,0,40,256,64,256,1,1,176128,1,1
"KERNEL_DISPATCH","Agent 4",1,0,5908,2187,120,"void at::native::vectorized_elementwise_kernel<4, at::native::FillFunctor<int>, std::array<char*, 1ul> >(int, at::native::FillFunctor<int>, std::array<char*, 1ul>)",2187,2850418508753398,2850418508949401,0,0,8,0,16,256,1,1,16777216,1,1
"KERNEL_DISPATCH","Agent 4",1,0,5908,2188,223,"gemm_kernel_v2",2188,2850418508958681,2850418511287508,0,0,40,256,64,256,1,1,176128,1,1
"KERNEL_DISPATCH","Agent 4",1,0,5908,2189,120,"void at::native::vectorized_elementwise_kernel<4, at::native::FillFunctor<int>, std::array<char*, 1ul> >(int, at::native::FillFunctor<int>, std::array<char*, 1ul>)",2189,2850418511296788,2850418511499191,0,0,8,0,16,256,1,1,16777216,1,1
"KERNEL_DISPATCH","Agent 4",1,0,5908,2190,223,"gemm_kernel_v2",2190,2850418511508631,2850418513834738,0,0,40,256,64,256,1,1,176128,1,1
"KERNEL_DISPATCH","Agent 4",1,0,5908,2191,120,"void at::native::vectorized_elementwise_kernel<4, at::native::FillFunctor<int>, std::array<char*, 1ul> >(int, at::native::FillFunctor<int>, std::array<char*, 1ul>)",2191,2850418513844178,2850418514043381,0,0,8,0,16,256,1,1,16777216,1,1
"KERNEL_DISPATCH","Agent 4",1,0,5908,2192,223,"gemm_kernel_v2",2192,2850418514052981,2850418516386928,0,0,40,256,64,256,1,1,176128,1,1
"KERNEL_DISPATCH","Agent 4",1,0,5908,2193,120,"void at::native::vectorized_elementwise_kernel<4, at::native::FillFunctor<int>, std::array<char*, 1ul> >(int, at::native::FillFunctor<int>, std::array<char*, 1ul>)",2193,2850418516396209,2850418516599091,0,0,8,0,16,256,1,1,16777216,1,1
"KERNEL_DISPATCH","Agent 4",1,0,5908,2194,223,"gemm_kernel_v2",2194,2850418516608371,2850418518945199,0,0,40,256,64,256,1,1,176128,1,1
"KERNEL_DISPATCH","Agent 4",1,0,5908,2195,120,"void at::native::vectorized_elementwise_kernel<4, at::native::FillFunctor<int>, std::array<char*, 1ul> >(int, at::native::FillFunctor<int>, std::array<char*, 1ul>)",2195,2850418518954319,2850418519153521,0,0,8,0,16,256,1,1,16777216,1,1
"KERNEL_DISPATCH","Agent 4",1,0,5908,2196,223,"gemm_kernel_v2",2196,2850418519163121,2850418521494349,0,0,40,256,64,256,1,1,176128,1,1
"KERNEL_DISPATCH","Agent 4",1,0,5908,2197,120,"void at::native::vectorized_elementwise_kernel<4, at::native::FillFunctor<int>, std::array<char*, 1ul> >(int, at::native::FillFunctor<int>, std::array<char*, 1ul>)",2197,2850418521503469,2850418521703311,0,0,8,0,16,256,1,1,16777216,1,1
"KERNEL_DISPATCH","Agent 4",1,0,5908,2198,223,"gemm_kernel_v2",2198,2850418521712591,2850418524042379,0,0,40,256,64,256,1,1,176128,1,1
"KERNEL_DISPATCH","Agent 4",1,0,5908,2199,120,"void at::native::vectorized_elementwise_kernel<4, at::native::FillFunctor<int>, std::array<char*, 1ul> >(int, at::native::FillFunctor<int>, std::array<char*, 1ul>)",2199,2850418524051339,2850418524248941,0,0,8,0,16,256,1,1,16777216,1,1
"KERNEL_DISPATCH","Agent 4",1,0,5908,2200,223,"gemm_kernel_v2",2200,2850418524258842,2850418526597429,0,0,40,256,64,256,1,1,176128,1,1
"KERNEL_DISPATCH","Agent 4",1,0,5908,2201,120,"void at::native::vectorized_elementwise_kernel<4, at::native::FillFunctor<int>, std::array<char*, 1ul> >(int, at::native::FillFunctor<int>, std::array<char*, 1ul>)",2201,2850418526606549,2850418526803831,0,0,8,0,16,256,1,1,16777216,1,1
"KERNEL_DISPATCH","Agent 4",1,0,5908,2202,223,"gemm_kernel_v2",2202,2850418526813591,2850418529147379,0,0,40,256,64,256,1,1,176128,1,1
"KERNEL_DISPATCH","Agent 4",1,0,5908,2203,120,"void at::native::vectorized_elementwise_kernel<4, at::native::FillFunctor<int>, std::array<char*, 1ul> >(int, at::native::FillFunctor<int>, std::array<char*, 1ul>)",2203,2850418529156339,2850418529360501,0,0,8,0,16,256,1,1,16777216,1,1
"KERNEL_DISPATCH","Agent 4",1,0,5908,2204,223,"gemm_kernel_v2",2204,2850418529369941,2850418531703409,0,0,40,256,64,256,1,1,176128,1,1
"KERNEL_DISPATCH","Agent 4",1,0,5908,2205,120,"void at::native::vectorized_elementwise_kernel<4, at::native::FillFunctor<int>, std::array<char*, 1ul> >(int, at::native::FillFunctor<int>, std::array<char*, 1ul>)",2205,2850418531712529,2850418531912211,0,0,8,0,16,256,1,1,16777216,1,1
"KERNEL_DISPATCH","Agent 4",1,0,5908,2206,223,"gemm_kernel_v2",2206,2850418531921491,2850418534249999,0,0,40,256,64,256,1,1,176128,1,1
"KERNEL_DISPATCH","Agent 4",1,0,5908,2207,120,"void at::native::vectorized_elementwise_kernel<4, at::native::FillFunctor<int>, std::array<char*, 1ul> >(int, at::native::FillFunctor<int>, std::array<char*, 1ul>)",2207,2850418534258799,2850418534461042,0,0,8,0,16,256,1,1,16777216,1,1
"KERNEL_DISPATCH","Agent 4",1,0,5908,2208,223,"gemm_kernel_v2",2208,2850418534470482,2850418536802029,0,0,40,256,64,256,1,1,176128,1,1
"KERNEL_DISPATCH","Agent 4",1,0,5908,2209,120,"void at::native::vectorized_elementwise_kernel<4, at::native::FillFunctor<int>, std::array<char*, 1ul> >(int, at::native::FillFunctor<int>, std::array<char*, 1ul>)",2209,2850418536811149,2850418537012432,0,0,8,0,16,256,1,1,16777216,1,1
"KERNEL_DISPATCH","Agent 4",1,0,5908,2210,223,"gemm_kernel_v2",2210,2850418537022192,2850418539355340,0,0,40,256,64,256,1,1,176128,1,1
"KERNEL_DISPATCH","Agent 4",1,0,5908,2211,120,"void at::native::vectorized_elementwise_kernel<4, at::native::FillFunctor<int>, std::array<char*, 1ul> >(int, at::native::FillFunctor<int>, std::array<char*, 1ul>)",2211,2850418539364460,2850418539562862,0,0,8,0,16,256,1,1,16777216,1,1
"KERNEL_DISPATCH","Agent 4",1,0,5908,2212,223,"gemm_kernel_v2",2212,2850418539572142,2850418541900650,0,0,40,256,64,256,1,1,176128,1,1
"KERNEL_DISPATCH","Agent 4",1,0,5908,2213,120,"void at::native::vectorized_elementwise_kernel<4, at::native::FillFunctor<int>, std::array<char*, 1ul> >(int, at::native::FillFunctor<int>, std::array<char*, 1ul>)",2213,2850418541909770,2850418542109612,0,0,8,0,16,256,1,1,16777216,1,1
"KERNEL_DISPATCH","Agent 4",1,0,5908,2214,223,"gemm_kernel_v2",2214,2850418542119212,2850418544445960,0,0,40,256,64,256,1,1,176128,1,1
"KERNEL_DISPATCH","Agent 4",1,0,5908,2215,120,"void at::native::vectorized_elementwise_kernel<4, at::native::FillFunctor<int>, std::array<char*, 1ul> >(int, at::native::FillFunctor<int>, std::array<char*, 1ul>)",2215,2850418544454920,2850418544656202,0,0,8,0,16,256,1,1,16777216,1,1
"KERNEL_DISPATCH","Agent 4",1,0,5908,2216,223,"gemm_kernel_v2",2216,2850418544665802,2850418546998470,0,0,40,256,64,256,1,1,176128,1,1
"KERNEL_DISPATCH","Agent 4",1,0,5908,2217,120,"void at::native::vectorized_elementwise_kernel<4, at::native::FillFunctor<int>, std::array<char*, 1ul> >(int, at::native::FillFunctor<int>, std::array<char*, 1ul>)",2217,2850418547007270,2850418547205512,0,0,8,0,16,256,1,1,16777216,1,1
"KERNEL_DISPATCH","Agent 4",1,0,5908,2218,223,"gemm_kernel_v2",2218,2850418547214953,2850418549548900,0,0,40,256,64,256,1,1,176128,1,1
"KERNEL_DISPATCH","Agent 4",1,0,5908,2219,120,"void at::native::vectorized_elementwise_kernel<4, at::native::FillFunctor<int>, std::array<char*, 1ul> >(int, at::native::FillFunctor<int>, std::array<char*, 1ul>)",2219,2850418549558020,2850418549754983,0,0,8,0,16,256,1,1,16777216,1,1
"KERNEL_DISPATCH","Agent 4",1,0,5908,2220,223,"gemm_kernel_v2",2220,2850418549764743,2850418552097570,0,0,40,256,64,256,1,1,176128,1,1
"KERNEL_DISPATCH","Agent 4",1,0,5908,2221,120,"void at::native::vectorized_elementwise_kernel<4, at::native::FillFunctor<int>, std::array<char*, 1ul> >(int, at::native::FillFunctor<int>, std::array<char*, 1ul>)",2221,2850418552106211,2850418552303973,0,0,8,0,16,256,1,1,16777216,1,1
"KERNEL_DISPATCH","Agent 4",1,0,5908,2222,223,"gemm_kernel_v2",2222,2850418552313573,2850418554648641,0,0,40,256,64,256,1,1,176128,1,1
"KERNEL_DISPATCH","Agent 4",1,0,5908,2223,120,"void at::native::vectorized_elementwise_kernel<4, at::native::FillFunctor<int>, std::array<char*, 1ul> >(int, at::native::FillFunctor<int>, std::array<char*, 1ul>)",2223,2850418554657921,2850418554855363,0,0,8,0,16,256,1,1,16777216,1,1
"KERNEL_DISPATCH","Agent 4",1,0,5908,2224,223,"gemm_kernel_v2",2224,2850418554864963,2850418557199551,0,0,40,256,64,256,1,1,176128,1,1
"KERNEL_DISPATCH","Agent 4",1,0,5908,2225,224,"gemm_kernel_v2",2225,2850418562087609,2850418564137713,0,0,8,128,48,512,1,1,352256,1,1
"KERNEL_DISPATCH","Agent 4",1,0,5908,2226,120,"void at::native::vectorized_elementwise_kernel<4, at::native::FillFunctor<int>, std::array<char*, 1ul> >(int, at::native::FillFunctor<int>, std::array<char*, 1ul>)",2226,2850418564215634,2850418564416276,0,0,8,0,16,256,1,1,16777216,1,1
"KERNEL_DISPATCH","Agent 4",1,0,5908,2227,224,"gemm_kernel_v2",2227,2850418564416276,2850418566457580,0,0,8,128,48,512,1,1,352256,1,1
"KERNEL_DISPATCH","Agent 4",1,0,5908,2228,120,"void at::native::vectorized_elementwise_kernel<4, at::native::FillFunctor<int>, std::array<char*, 1ul> >(int, at::native::FillFunctor<int>, std::array<char*, 1ul>)",2228,2850418566457580,2850418566665103,0,0,8,0,16,256,1,1,16777216,1,1
"KERNEL_DISPATCH","Agent 4",1,0,5908,2229,224,"gemm_kernel_v2",2229,2850418566665103,2850418568703687,0,0,8,128,48,512,1,1,352256,1,1
"KERNEL_DISPATCH","Agent 4",1,0,5908,2230,120,"void at::native::vectorized_elementwise_kernel<4, at::native::FillFunctor<int>, std::array<char*, 1ul> >(int, at::native::FillFunctor<int>, std::array<char*, 1ul>)",2230,2850418568703687,2850418568905449,0,0,8,0,16,256,1,1,16777216,1,1
"KERNEL_DISPATCH","Agent 4",1,0,5908,2231,224,"gemm_kernel_v2",2231,2850418568905449,2850418570940034,0,0,8,128,48,512,1,1,352256,1,1
"KERNEL_DISPATCH","Agent 4",1,0,5908,2232,120,"void at::native::vectorized_elementwise_kernel<4, at::native::FillFunctor<int>, std::array<char*, 1ul> >(int, at::native::FillFunctor<int>, std::array<char*, 1ul>)",2232,2850418570940034,2850418571143876,0,0,8,0,16,256,1,1,16777216,1,1
"KERNEL_DISPATCH","Agent 4",1,0,5908,2233,224,"gemm_kernel_v2",2233,2850418571143876,2850418573187900,0,0,8,128,48,512,1,1,352256,1,1
"KERNEL_DISPATCH","Agent 4",1,0,5908,2234,120,"void at::native::vectorized_elementwise_kernel<4, at::native::FillFunctor<int>, std::array<char*, 1ul> >(int, at::native::FillFunctor<int>, std::array<char*, 1ul>)",2234,2850418573187900,2850418573389343,0,0,8,0,16,256,1,1,16777216,1,1
"KERNEL_DISPATCH","Agent 4",1,0,5908,2235,224,"gemm_kernel_v2",2235,2850418573389343,2850418575421687,0,0,8,128,48,512,1,1,352256,1,1
"KERNEL_DISPATCH","Agent 4",1,0,5908,2236,224,"gemm_kernel_v2",2236,2850418575576568,2850418577616593,0,0,8,128,48,512,1,1,352256,1,1
"KERNEL_DISPATCH","Agent 4",1,0,5908,2237,224,"gemm_kernel_v2",2237,2850418577616593,2850418579656137,0,0,8,128,48,512,1,1,352256,1,1
"KERNEL_DISPATCH","Agent 4",1,0,5908,2238,224,"gemm_kernel_v2",2238,2850418579656137,2850418581695361,0,0,8,128,48,512,1,1,352256,1,1
"KERNEL_DISPATCH","Agent 4",1,0,5908,2239,224,"gemm_kernel_v2",2239,2850418581695361,2850418583734425,0,0,8,128,48,512,1,1,352256,1,1
"KERNEL_DISPATCH","Agent 4",1,0,5908,2240,224,"gemm_kernel_v2",2240,2850418583734425,2850418585778289,0,0,8,128,48,512,1,1,352256,1,1
"KERNEL_DISPATCH","Agent 4",1,0,5908,2241,224,"gemm_kernel_v2",2241,2850418585778289,2850418587820073,0,0,8,128,48,512,1,1,352256,1,1
"KERNEL_DISPATCH","Agent 4",1,0,5908,2242,224,"gemm_kernel_v2",2242,2850418587820052,2850418589864716,0,0,8,128,48,512,1,1,352256,1,1
"KERNEL_DISPATCH","Agent 4",1,0,5908,2243,224,"gemm_kernel_v2",2243,2850418589864716,2850418591904100,0,0,8,128,48,512,1,1,352256,1,1
"KERNEL_DISPATCH","Agent 4",1,0,5908,2244,224,"gemm_kernel_v2",2244,2850418591904100,2850418593948924,0,0,8,128,48,512,1,1,352256,1,1
"KERNEL_DISPATCH","Agent 4",1,0,5908,2245,224,"gemm_kernel_v2",2245,2850418593948924,2850418595990868,0,0,8,128,48,512,1,1,352256,1,1
"KERNEL_DISPATCH","Agent 4",1,0,5908,2246,224,"gemm_kernel_v2",2246,2850418595990868,2850418598033452,0,0,8,128,48,512,1,1,352256,1,1
"KERNEL_DISPATCH","Agent 4",1,0,5908,2247,120,"void at::native::vectorized_elementwise_kernel<4, at::native::FillFunctor<int>, std::array<char*, 1ul> >(int, at::native::FillFunctor<int>, std::array<char*, 1ul>)",2247,2850418598033452,2850418598234254,0,0,8,0,16,256,1,1,16777216,1,1
"KERNEL_DISPATCH","Agent 4",1,0,5908,2248,224,"gemm_kernel_v2",2248,2850418598245615,2850418600287399,0,0,8,128,48,512,1,1,352256,1,1
"KERNEL_DISPATCH","Agent 4",1,0,5908,2249,120,"void at::native::vectorized_elementwise_kernel<4, at::native::FillFunctor<int>, std::array<char*, 1ul> >(int, at::native::FillFunctor<int>, std::array<char*, 1ul>)",2249,2850418600296359,2850418600500521,0,0,8,0,16,256,1,1,16777216,1,1
"KERNEL_DISPATCH","Agent 4",1,0,5908,2250,224,"gemm_kernel_v2",2250,2850418600510121,2850418602545825,0,0,8,128,48,512,1,1,352256,1,1
"KERNEL_DISPATCH","Agent 4",1,0,5908,2251,120,"void at::native::vectorized_elementwise_kernel<4, at::native::FillFunctor<int>, std::array<char*, 1ul> >(int, at::native::FillFunctor<int>, std::array<char*, 1ul>)",2251,2850418602555266,2850418602753348,0,0,8,0,16,256,1,1,16777216,1,1
"KERNEL_DISPATCH","Agent 4",1,0,5908,2252,224,"gemm_kernel_v2",2252,2850418602763108,2850418604803292,0,0,8,128,48,512,1,1,352256,1,1
"KERNEL_DISPATCH","Agent 4",1,0,5908,2253,120,"void at::native::vectorized_elementwise_kernel<4, at::native::FillFunctor<int>, std::array<char*, 1ul> >(int, at::native::FillFunctor<int>, std::array<char*, 1ul>)",2253,2850418604812412,2850418605012415,0,0,8,0,16,256,1,1,16777216,1,1
"KERNEL_DISPATCH","Agent 4",1,0,5908,2254,224,"gemm_kernel_v2",2254,2850418605021695,2850418607058999,0,0,8,128,48,512,1,1,352256,1,1
"KERNEL_DISPATCH","Agent 4",1,0,5908,2255,120,"void at::native::vectorized_elementwise_kernel<4, at::native::FillFunctor<int>, std::array<char*, 1ul> >(int, at::native::FillFunctor<int>, std::array<char*, 1ul>)",2255,2850418607067959,2850418607264121,0,0,8,0,16,256,1,1,16777216,1,1
"KERNEL_DISPATCH","Agent 4",1,0,5908,2256,224,"gemm_kernel_v2",2256,2850418607273721,2850418609318066,0,0,8,128,48,512,1,1,352256,1,1
"KERNEL_DISPATCH","Agent 4",1,0,5908,2257,120,"void at::native::vectorized_elementwise_kernel<4, at::native::FillFunctor<int>, std::array<char*, 1ul> >(int, at::native::FillFunctor<int>, std::array<char*, 1ul>)",2257,2850418609327346,2850418609527348,0,0,8,0,16,256,1,1,16777216,1,1
"KERNEL_DISPATCH","Agent 4",1,0,5908,2258,224,"gemm_kernel_v2",2258,2850418609536788,2850418611578412,0,0,8,128,48,512,1,1,352256,1,1
"KERNEL_DISPATCH","Agent 4",1,0,5908,2259,120,"void at::native::vectorized_elementwise_kernel<4, at::native::FillFunctor<int>, std::array<char*, 1ul> >(int, at::native::FillFunctor<int>, std::array<char*, 1ul>)",2259,2850418611587213,2850418611784495,0,0,8,0,16,256,1,1,16777216,1,1
"KERNEL_DISPATCH","Agent 4",1,0,5908,2260,224,"gemm_kernel_v2",2260,2850418611794095,2850418613838279,0,0,8,128,48,512,1,1,352256,1,1
"KERNEL_DISPATCH","Agent 4",1,0,5908,2261,120,"void at::native::vectorized_elementwise_kernel<4, at::native::FillFunctor<int>, std::array<char*, 1ul> >(int, at::native::FillFunctor<int>, std::array<char*, 1ul>)",2261,2850418613847719,2850418614047722,0,0,8,0,16,256,1,1,16777216,1,1
"KERNEL_DISPATCH","Agent 4",1,0,5908,2262,224,"gemm_kernel_v2",2262,2850418614057482,2850418616103906,0,0,8,128,48,512,1,1,352256,1,1
"KERNEL_DISPATCH","Agent 4",1,0,5908,2263,120,"void at::native::vectorized_elementwise_kernel<4, at::native::FillFunctor<int>, std::array<char*, 1ul> >(int, at::native::FillFunctor<int>, std::array<char*, 1ul>)",2263,2850418616113026,2850418616312228,0,0,8,0,16,256,1,1,16777216,1,1
"KERNEL_DISPATCH","Agent 4",1,0,5908,2264,224,"gemm_kernel_v2",2264,2850418616321829,2850418618366333,0,0,8,128,48,512,1,1,352256,1,1
"KERNEL_DISPATCH","Agent 4",1,0,5908,2265,120,"void at::native::vectorized_elementwise_kernel<4, at::native::FillFunctor<int>, std::array<char*, 1ul> >(int, at::native::FillFunctor<int>, std::array<char*, 1ul>)",2265,2850418618375613,2850418618574815,0,0,8,0,16,256,1,1,16777216,1,1
"KERNEL_DISPATCH","Agent 4",1,0,5908,2266,224,"gemm_kernel_v2",2266,2850418618584255,2850418620629240,0,0,8,128,48,512,1,1,352256,1,1
"KERNEL_DISPATCH","Agent 4",1,0,5908,2267,120,"void at::native::vectorized_elementwise_kernel<4, at::native::FillFunctor<int>, std::array<char*, 1ul> >(int, at::native::FillFunctor<int>, std::array<char*, 1ul>)",2267,2850418620638200,2850418620837562,0,0,8,0,16,256,1,1,16777216,1,1
"KERNEL_DISPATCH","Agent 4",1,0,5908,2268,224,"gemm_kernel_v2",2268,2850418620847162,2850418622886386,0,0,8,128,48,512,1,1,352256,1,1
"KERNEL_DISPATCH","Agent 4",1,0,5908,2269,120,"void at::native::vectorized_elementwise_kernel<4, at::native::FillFunctor<int>, std::array<char*, 1ul> >(int, at::native::FillFunctor<int>, std::array<char*, 1ul>)",2269,2850418622895666,2850418623095349,0,0,8,0,16,256,1,1,16777216,1,1
"KERNEL_DISPATCH","Agent 4",1,0,5908,2270,224,"gemm_kernel_v2",2270,2850418623104789,2850418625152013,0,0,8,128,48,512,1,1,352256,1,1
"KERNEL_DISPATCH","Agent 4",1,0,5908,2271,120,"void at::native::vectorized_elementwise_kernel<4, at::native::FillFunctor<int>, std::array<char*, 1ul> >(int, at::native::FillFunctor<int>, std::array<char*, 1ul>)",2271,2850418625161293,2850418625359376,0,0,8,0,16,256,1,1,16777216,1,1
"KERNEL_DISPATCH","Agent 4",1,0,5908,2272,224,"gemm_kernel_v2",2272,2850418625369776,2850418627411560,0,0,8,128,48,512,1,1,352256,1,1
"KERNEL_DISPATCH","Agent 4",1,0,5908,2273,120,"void at::native::vectorized_elementwise_kernel<4, at::native::FillFunctor<int>, std::array<char*, 1ul> >(int, at::native::FillFunctor<int>, std::array<char*, 1ul>)",2273,2850418627420840,2850418627621962,0,0,8,0,16,256,1,1,16777216,1,1
"KERNEL_DISPATCH","Agent 4",1,0,5908,2274,224,"gemm_kernel_v2",2274,2850418627631402,2850418629666147,0,0,8,128,48,512,1,1,352256,1,1
"KERNEL_DISPATCH","Agent 4",1,0,5908,2275,120,"void at::native::vectorized_elementwise_kernel<4, at::native::FillFunctor<int>, std::array<char*, 1ul> >(int, at::native::FillFunctor<int>, std::array<char*, 1ul>)",2275,2850418629675107,2850418629874309,0,0,8,0,16,256,1,1,16777216,1,1
"KERNEL_DISPATCH","Agent 4",1,0,5908,2276,224,"gemm_kernel_v2",2276,2850418629883909,2850418631923133,0,0,8,128,48,512,1,1,352256,1,1
"KERNEL_DISPATCH","Agent 4",1,0,5908,2277,120,"void at::native::vectorized_elementwise_kernel<4, at::native::FillFunctor<int>, std::array<char*, 1ul> >(int, at::native::FillFunctor<int>, std::array<char*, 1ul>)",2277,2850418631932413,2850418632132256,0,0,8,0,16,256,1,1,16777216,1,1
"KERNEL_DISPATCH","Agent 4",1,0,5908,2278,224,"gemm_kernel_v2",2278,2850418632141696,2850418634190360,0,0,8,128,48,512,1,1,352256,1,1
"KERNEL_DISPATCH","Agent 4",1,0,5908,2279,120,"void at::native::vectorized_elementwise_kernel<4, at::native::FillFunctor<int>, std::array<char*, 1ul> >(int, at::native::FillFunctor<int>, std::array<char*, 1ul>)",2279,2850418634199480,2850418634397403,0,0,8,0,16,256,1,1,16777216,1,1
"KERNEL_DISPATCH","Agent 4",1,0,5908,2280,224,"gemm_kernel_v2",2280,2850418634407323,2850418636452787,0,0,8,128,48,512,1,1,352256,1,1
"KERNEL_DISPATCH","Agent 4",1,0,5908,2281,120,"void at::native::vectorized_elementwise_kernel<4, at::native::FillFunctor<int>, std::array<char*, 1ul> >(int, at::native::FillFunctor<int>, std::array<char*, 1ul>)",2281,2850418636461907,2850418636663349,0,0,8,0,16,256,1,1,16777216,1,1
"KERNEL_DISPATCH","Agent 4",1,0,5908,2282,224,"gemm_kernel_v2",2282,2850418636672949,2850418638715214,0,0,8,128,48,512,1,1,352256,1,1
"KERNEL_DISPATCH","Agent 4",1,0,5908,2283,120,"void at::native::vectorized_elementwise_kernel<4, at::native::FillFunctor<int>, std::array<char*, 1ul> >(int, at::native::FillFunctor<int>, std::array<char*, 1ul>)",2283,2850418638724334,2850418638924496,0,0,8,0,16,256,1,1,16777216,1,1
"KERNEL_DISPATCH","Agent 4",1,0,5908,2284,224,"gemm_kernel_v2",2284,2850418638933936,2850418640979720,0,0,8,128,48,512,1,1,352256,1,1
"KERNEL_DISPATCH","Agent 4",1,0,5908,2285,120,"void at::native::vectorized_elementwise_kernel<4, at::native::FillFunctor<int>, std::array<char*, 1ul> >(int, at::native::FillFunctor<int>, std::array<char*, 1ul>)",2285,2850418640988681,2850418641187723,0,0,8,0,16,256,1,1,16777216,1,1
"KERNEL_DISPATCH","Agent 4",1,0,5908,2286,224,"gemm_kernel_v2",2286,2850418641197323,2850418643243907,0,0,8,128,48,512,1,1,352256,1,1
"KERNEL_DISPATCH","Agent 4",1,0,5908,2287,120,"void at::native::vectorized_elementwise_kernel<4, at::native::FillFunctor<int>, std::array<char*, 1ul> >(int, at::native::FillFunctor<int>, std::array<char*, 1ul>)",2287,2850418643253027,2850418643453830,0,0,8,0,16,256,1,1,16777216,1,1
"KERNEL_DISPATCH","Agent 4",1,0,5908,2288,224,"gemm_kernel_v2",2288,2850418643463750,2850418645504254,0,0,8,128,48,512,1,1,352256,1,1
"KERNEL_DISPATCH","Agent 4",1,0,5908,2289,120,"void at::native::vectorized_elementwise_kernel<4, at::native::FillFunctor<int>, std::array<char*, 1ul> >(int, at::native::FillFunctor<int>, std::array<char*, 1ul>)",2289,2850418645513214,2850418645713856,0,0,8,0,16,256,1,1,16777216,1,1
"KERNEL_DISPATCH","Agent 4",1,0,5908,2290,224,"gemm_kernel_v2",2290,2850418645723457,2850418647765401,0,0,8,128,48,512,1,1,352256,1,1
"KERNEL_DISPATCH","Agent 4",1,0,5908,2291,120,"void at::native::vectorized_elementwise_kernel<4, at::native::FillFunctor<int>, std::array<char*, 1ul> >(int, at::native::FillFunctor<int>, std::array<char*, 1ul>)",2291,2850418647774521,2850418647975163,0,0,8,0,16,256,1,1,16777216,1,1
"KERNEL_DISPATCH","Agent 4",1,0,5908,2292,224,"gemm_kernel_v2",2292,2850418647984603,2850418650025908,0,0,8,128,48,512,1,1,352256,1,1
"KERNEL_DISPATCH","Agent 4",1,0,5908,2293,120,"void at::native::vectorized_elementwise_kernel<4, at::native::FillFunctor<int>, std::array<char*, 1ul> >(int, at::native::FillFunctor<int>, std::array<char*, 1ul>)",2293,2850418650035028,2850418650233430,0,0,8,0,16,256,1,1,16777216,1,1
"KERNEL_DISPATCH","Agent 4",1,0,5908,2294,224,"gemm_kernel_v2",2294,2850418650243030,2850418652289294,0,0,8,128,48,512,1,1,352256,1,1
"KERNEL_DISPATCH","Agent 4",1,0,5908,2295,120,"void at::native::vectorized_elementwise_kernel<4, at::native::FillFunctor<int>, std::array<char*, 1ul> >(int, at::native::FillFunctor<int>, std::array<char*, 1ul>)",2295,2850418652298402,2850418652496164,0,0,8,0,16,256,1,1,16777216,1,1
"KERNEL_DISPATCH","Agent 4",1,0,5908,2296,224,"gemm_kernel_v2",2296,2850418652505764,2850418654545308,0,0,8,128,48,512,1,1,352256,1,1
"KERNEL_DISPATCH","Agent 4",1,0,5908,2297,120,"void at::native::vectorized_elementwise_kernel<4, at::native::FillFunctor<int>, std::array<char*, 1ul> >(int, at::native::FillFunctor<int>, std::array<char*, 1ul>)",2297,2850418654554268,2850418654753630,0,0,8,0,16,256,1,1,16777216,1,1
"KERNEL_DISPATCH","Agent 4",1,0,5908,2298,224,"gemm_kernel_v2",2298,2850418654763230,2850418656808054,0,0,8,128,48,512,1,1,352256,1,1
"KERNEL_DISPATCH","Agent 4",1,0,5908,2299,120,"void at::native::vectorized_elementwise_kernel<4, at::native::FillFunctor<int>, std::array<char*, 1ul> >(int, at::native::FillFunctor<int>, std::array<char*, 1ul>)",2299,2850418656817174,2850418657014617,0,0,8,0,16,256,1,1,16777216,1,1
"KERNEL_DISPATCH","Agent 4",1,0,5908,2300,224,"gemm_kernel_v2",2300,2850418657024377,2850418659064881,0,0,8,128,48,512,1,1,352256,1,1
"KERNEL_DISPATCH","Agent 4",1,0,5908,2301,120,"void at::native::vectorized_elementwise_kernel<4, at::native::FillFunctor<int>, std::array<char*, 1ul> >(int, at::native::FillFunctor<int>, std::array<char*, 1ul>)",2301,2850418659074161,2850418659272563,0,0,8,0,16,256,1,1,16777216,1,1
"KERNEL_DISPATCH","Agent 4",1,0,5908,2302,224,"gemm_kernel_v2",2302,2850418659282164,2850418661326348,0,0,8,128,48,512,1,1,352256,1,1
"KERNEL_DISPATCH","Agent 4",1,0,5908,2303,120,"void at::native::vectorized_elementwise_kernel<4, at::native::FillFunctor<int>, std::array<char*, 1ul> >(int, at::native::FillFunctor<int>, std::array<char*, 1ul>)",2303,2850418661335628,2850418661533550,0,0,8,0,16,256,1,1,16777216,1,1
"KERNEL_DISPATCH","Agent 4",1,0,5908,2304,224,"gemm_kernel_v2",2304,2850418661542990,2850418663582534,0,0,8,128,48,512,1,1,352256,1,1
"KERNEL_DISPATCH","Agent 4",1,0,5908,2305,120,"void at::native::vectorized_elementwise_kernel<4, at::native::FillFunctor<int>, std::array<char*, 1ul> >(int, at::native::FillFunctor<int>, std::array<char*, 1ul>)",2305,2850418663591974,2850418663792937,0,0,8,0,16,256,1,1,16777216,1,1
"KERNEL_DISPATCH","Agent 4",1,0,5908,2306,224,"gemm_kernel_v2",2306,2850418663802217,2850418665843841,0,0,8,128,48,512,1,1,352256,1,1
"KERNEL_DISPATCH","Agent 4",1,0,5908,2307,120,"void at::native::vectorized_elementwise_kernel<4, at::native::FillFunctor<int>, std::array<char*, 1ul> >(int, at::native::FillFunctor<int>, std::array<char*, 1ul>)",2307,2850418665852961,2850418666051844,0,0,8,0,16,256,1,1,16777216,1,1
"KERNEL_DISPATCH","Agent 4",1,0,5908,2308,224,"gemm_kernel_v2",2308,2850418666061764,2850418668099548,0,0,8,128,48,512,1,1,352256,1,1
"KERNEL_DISPATCH","Agent 4",1,0,5908,2309,120,"void at::native::vectorized_elementwise_kernel<4, at::native::FillFunctor<int>, std::array<char*, 1ul> >(int, at::native::FillFunctor<int>, std::array<char*, 1ul>)",2309,2850418668108668,2850418668311710,0,0,8,0,16,256,1,1,16777216,1,1
"KERNEL_DISPATCH","Agent 4",1,0,5908,2310,224,"gemm_kernel_v2",2310,2850418668321470,2850418670358614,0,0,8,128,48,512,1,1,352256,1,1
"KERNEL_DISPATCH","Agent 4",1,0,5908,2311,120,"void at::native::vectorized_elementwise_kernel<4, at::native::FillFunctor<int>, std::array<char*, 1ul> >(int, at::native::FillFunctor<int>, std::array<char*, 1ul>)",2311,2850418670367734,2850418670566457,0,0,8,0,16,256,1,1,16777216,1,1
"KERNEL_DISPATCH","Agent 4",1,0,5908,2312,224,"gemm_kernel_v2",2312,2850418670576057,2850418672615921,0,0,8,128,48,512,1,1,352256,1,1
"KERNEL_DISPATCH","Agent 4",1,0,5908,2313,120,"void at::native::vectorized_elementwise_kernel<4, at::native::FillFunctor<int>, std::array<char*, 1ul> >(int, at::native::FillFunctor<int>, std::array<char*, 1ul>)",2313,2850418672625361,2850418672826003,0,0,8,0,16,256,1,1,16777216,1,1
"KERNEL_DISPATCH","Agent 4",1,0,5908,2314,224,"gemm_kernel_v2",2314,2850418672835444,2850418674875788,0,0,8,128,48,512,1,1,352256,1,1
"KERNEL_DISPATCH","Agent 4",1,0,5908,2315,120,"void at::native::vectorized_elementwise_kernel<4, at::native::FillFunctor<int>, std::array<char*, 1ul> >(int, at::native::FillFunctor<int>, std::array<char*, 1ul>)",2315,2850418674884908,2850418675084110,0,0,8,0,16,256,1,1,16777216,1,1
"KERNEL_DISPATCH","Agent 4",1,0,5908,2316,224,"gemm_kernel_v2",2316,2850418675094030,2850418677132134,0,0,8,128,48,512,1,1,352256,1,1
"KERNEL_DISPATCH","Agent 4",1,0,5908,2317,120,"void at::native::vectorized_elementwise_kernel<4, at::native::FillFunctor<int>, std::array<char*, 1ul> >(int, at::native::FillFunctor<int>, std::array<char*, 1ul>)",2317,2850418677141414,2850418677341257,0,0,8,0,16,256,1,1,16777216,1,1
"KERNEL_DISPATCH","Agent 4",1,0,5908,2318,224,"gemm_kernel_v2",2318,2850418677350697,2850418679388801,0,0,8,128,48,512,1,1,352256,1,1
"KERNEL_DISPATCH","Agent 4",1,0,5908,2319,120,"void at::native::vectorized_elementwise_kernel<4, at::native::FillFunctor<int>, std::array<char*, 1ul> >(int, at::native::FillFunctor<int>, std::array<char*, 1ul>)",2319,2850418679398081,2850418679596483,0,0,8,0,16,256,1,1,16777216,1,1
"KERNEL_DISPATCH","Agent 4",1,0,5908,2320,224,"gemm_kernel_v2",2320,2850418679605764,2850418681644348,0,0,8,128,48,512,1,1,352256,1,1
"KERNEL_DISPATCH","Agent 4",1,0,5908,2321,120,"void at::native::vectorized_elementwise_kernel<4, at::native::FillFunctor<int>, std::array<char*, 1ul> >(int, at::native::FillFunctor<int>, std::array<char*, 1ul>)",2321,2850418681653468,2850418681851550,0,0,8,0,16,256,1,1,16777216,1,1
"KERNEL_DISPATCH","Agent 4",1,0,5908,2322,224,"gemm_kernel_v2",2322,2850418681861150,2850418683899894,0,0,8,128,48,512,1,1,352256,1,1
"KERNEL_DISPATCH","Agent 4",1,0,5908,2323,120,"void at::native::vectorized_elementwise_kernel<4, at::native::FillFunctor<int>, std::array<char*, 1ul> >(int, at::native::FillFunctor<int>, std::array<char*, 1ul>)",2323,2850418683909174,2850418684109017,0,0,8,0,16,256,1,1,16777216,1,1
"KERNEL_DISPATCH","Agent 4",1,0,5908,2324,224,"gemm_kernel_v2",2324,2850418684118457,2850418686157681,0,0,8,128,48,512,1,1,352256,1,1
"KERNEL_DISPATCH","Agent 4",1,0,5908,2325,120,"void at::native::vectorized_elementwise_kernel<4, at::native::FillFunctor<int>, std::array<char*, 1ul> >(int, at::native::FillFunctor<int>, std::array<char*, 1ul>)",2325,2850418686166801,2850418686366163,0,0,8,0,16,256,1,1,16777216,1,1
"KERNEL_DISPATCH","Agent 4",1,0,5908,2326,224,"gemm_kernel_v2",2326,2850418686375763,2850418688418668,0,0,8,128,48,512,1,1,352256,1,1
"KERNEL_DISPATCH","Agent 4",1,0,5908,2327,120,"void at::native::vectorized_elementwise_kernel<4, at::native::FillFunctor<int>, std::array<char*, 1ul> >(int, at::native::FillFunctor<int>, std::array<char*, 1ul>)",2327,2850418688427788,2850418688626990,0,0,8,0,16,256,1,1,16777216,1,1
"KERNEL_DISPATCH","Agent 4",1,0,5908,2328,224,"gemm_kernel_v2",2328,2850418688636590,2850418690673254,0,0,8,128,48,512,1,1,352256,1,1
"KERNEL_DISPATCH","Agent 4",1,0,5908,2329,120,"void at::native::vectorized_elementwise_kernel<4, at::native::FillFunctor<int>, std::array<char*, 1ul> >(int, at::native::FillFunctor<int>, std::array<char*, 1ul>)",2329,2850418690682214,2850418690881577,0,0,8,0,16,256,1,1,16777216,1,1
"KERNEL_DISPATCH","Agent 4",1,0,5908,2330,224,"gemm_kernel_v2",2330,2850418690891497,2850418692930241,0,0,8,128,48,512,1,1,352256,1,1
"KERNEL_DISPATCH","Agent 4",1,0,5908,2331,120,"void at::native::vectorized_elementwise_kernel<4, at::native::FillFunctor<int>, std::array<char*, 1ul> >(int, at::native::FillFunctor<int>, std::array<char*, 1ul>)",2331,2850418692939521,2850418693138083,0,0,8,0,16,256,1,1,16777216,1,1
"KERNEL_DISPATCH","Agent 4",1,0,5908,2332,224,"gemm_kernel_v2",2332,2850418693147683,2850418695193788,0,0,8,128,48,512,1,1,352256,1,1
"KERNEL_DISPATCH","Agent 4",1,0,5908,2333,120,"void at::native::vectorized_elementwise_kernel<4, at::native::FillFunctor<int>, std::array<char*, 1ul> >(int, at::native::FillFunctor<int>, std::array<char*, 1ul>)",2333,2850418695203228,2850418695402270,0,0,8,0,16,256,1,1,16777216,1,1
"KERNEL_DISPATCH","Agent 4",1,0,5908,2334,224,"gemm_kernel_v2",2334,2850418695411550,2850418697454294,0,0,8,128,48,512,1,1,352256,1,1
"KERNEL_DISPATCH","Agent 4",1,0,5908,2335,214,"gemm_kernel_v2",2335,2850418697692537,2850418699512399,0,0,68,4,32,512,1,1,704512,1,1
"KERNEL_DISPATCH","Agent 4",1,0,5908,2336,214,"gemm_kernel_v2",2336,2850418699512399,2850418701328100,0,0,68,4,32,512,1,1,704512,1,1
"KERNEL_DISPATCH","Agent 4",1,0,5908,2337,214,"gemm_kernel_v2",2337,2850418701328100,2850418703146841,0,0,68,4,32,512,1,1,704512,1,1
"KERNEL_DISPATCH","Agent 4",1,0,5908,2338,214,"gemm_kernel_v2",2338,2850418703146841,2850418704963503,0,0,68,4,32,512,1,1,704512,1,1
"KERNEL_DISPATCH","Agent 4",1,0,5908,2339,214,"gemm_kernel_v2",2339,2850418704963503,2850418706780964,0,0,68,4,32,512,1,1,704512,1,1
"KERNEL_DISPATCH","Agent 4",1,0,5908,2340,214,"gemm_kernel_v2",2340,2850418706780964,2850418708600186,0,0,68,4,32,512,1,1,704512,1,1
"KERNEL_DISPATCH","Agent 4",1,0,5908,2341,214,"gemm_kernel_v2",2341,2850418708600186,2850418710417487,0,0,68,4,32,512,1,1,704512,1,1
"KERNEL_DISPATCH","Agent 4",1,0,5908,2342,214,"gemm_kernel_v2",2342,2850418710417487,2850418712237029,0,0,68,4,32,512,1,1,704512,1,1
"KERNEL_DISPATCH","Agent 4",1,0,5908,2343,214,"gemm_kernel_v2",2343,2850418712237029,2850418714056410,0,0,68,4,32,512,1,1,704512,1,1
"KERNEL_DISPATCH","Agent 4",1,0,5908,2344,214,"gemm_kernel_v2",2344,2850418714056561,2850418715878502,0,0,68,4,32,512,1,1,704512,1,1
"KERNEL_DISPATCH","Agent 4",1,0,5908,2345,214,"gemm_kernel_v2",2345,2850418715969063,2850418717788764,0,0,68,4,32,512,1,1,704512,1,1
"KERNEL_DISPATCH","Agent 4",1,0,5908,2346,214,"gemm_kernel_v2",2346,2850418717788764,2850418719608466,0,0,68,4,32,512,1,1,704512,1,1
"KERNEL_DISPATCH","Agent 4",1,0,5908,2347,214,"gemm_kernel_v2",2347,2850418719608466,2850418721429127,0,0,68,4,32,512,1,1,704512,1,1
"KERNEL_DISPATCH","Agent 4",1,0,5908,2348,214,"gemm_kernel_v2",2348,2850418721429127,2850418723253469,0,0,68,4,32,512,1,1,704512,1,1
"KERNEL_DISPATCH","Agent 4",1,0,5908,2349,214,"gemm_kernel_v2",2349,2850418723253469,2850418725078770,0,0,68,4,32,512,1,1,704512,1,1
"KERNEL_DISPATCH","Agent 4",1,0,5908,2350,214,"gemm_kernel_v2",2350,2850418725078770,2850418726899912,0,0,68,4,32,512,1,1,704512,1,1
"KERNEL_DISPATCH","Agent 4",1,0,5908,2351,214,"gemm_kernel_v2",2351,2850418726899912,2850418728721693,0,0,68,4,32,512,1,1,704512,1,1
"KERNEL_DISPATCH","Agent 4",1,0,5908,2352,214,"gemm_kernel_v2",2352,2850418728721693,2850418730541715,0,0,68,4,32,512,1,1,704512,1,1
"KERNEL_DISPATCH","Agent 4",1,0,5908,2353,214,"gemm_kernel_v2",2353,2850418730541715,2850418732361417,0,0,68,4,32,512,1,1,704512,1,1
"KERNEL_DISPATCH","Agent 4",1,0,5908,2354,214,"gemm_kernel_v2",2354,2850418732361417,2850418734182238,0,0,68,4,32,512,1,1,704512,1,1
"KERNEL_DISPATCH","Agent 4",1,0,5908,2355,214,"gemm_kernel_v2",2355,2850418734182238,2850418736000500,0,0,68,4,32,512,1,1,704512,1,1
"KERNEL_DISPATCH","Agent 4",1,0,5908,2356,214,"gemm_kernel_v2",2356,2850418736000500,2850418737818601,0,0,68,4,32,512,1,1,704512,1,1
"KERNEL_DISPATCH","Agent 4",1,0,5908,2357,214,"gemm_kernel_v2",2357,2850418737818601,2850418739637023,0,0,68,4,32,512,1,1,704512,1,1
"KERNEL_DISPATCH","Agent 4",1,0,5908,2358,214,"gemm_kernel_v2",2358,2850418739637023,2850418741459284,0,0,68,4,32,512,1,1,704512,1,1
"KERNEL_DISPATCH","Agent 4",1,0,5908,2359,214,"gemm_kernel_v2",2359,2850418741459284,2850418743277866,0,0,68,4,32,512,1,1,704512,1,1
"KERNEL_DISPATCH","Agent 4",1,0,5908,2360,214,"gemm_kernel_v2",2360,2850418743277866,2850418745095807,0,0,68,4,32,512,1,1,704512,1,1
"KERNEL_DISPATCH","Agent 4",1,0,5908,2361,214,"gemm_kernel_v2",2361,2850418745095807,2850418746912629,0,0,68,4,32,512,1,1,704512,1,1
"KERNEL_DISPATCH","Agent 4",1,0,5908,2362,214,"gemm_kernel_v2",2362,2850418746912629,2850418748732970,0,0,68,4,32,512,1,1,704512,1,1
"KERNEL_DISPATCH","Agent 4",1,0,5908,2363,214,"gemm_kernel_v2",2363,2850418748732970,2850418750548672,0,0,68,4,32,512,1,1,704512,1,1
"KERNEL_DISPATCH","Agent 4",1,0,5908,2364,214,"gemm_kernel_v2",2364,2850418750548672,2850418752367733,0,0,68,4,32,512,1,1,704512,1,1
"KERNEL_DISPATCH","Agent 4",1,0,5908,2365,214,"gemm_kernel_v2",2365,2850418752367733,2850418754187115,0,0,68,4,32,512,1,1,704512,1,1
"KERNEL_DISPATCH","Agent 4",1,0,5908,2366,214,"gemm_kernel_v2",2366,2850418754187115,2850418756006336,0,0,68,4,32,512,1,1,704512,1,1
"KERNEL_DISPATCH","Agent 4",1,0,5908,2367,214,"gemm_kernel_v2",2367,2850418756006336,2850418757824918,0,0,68,4,32,512,1,1,704512,1,1
"KERNEL_DISPATCH","Agent 4",1,0,5908,2368,214,"gemm_kernel_v2",2368,2850418757824918,2850418759646059,0,0,68,4,32,512,1,1,704512,1,1
"KERNEL_DISPATCH","Agent 4",1,0,5908,2369,214,"gemm_kernel_v2",2369,2850418759646059,2850418761463201,0,0,68,4,32,512,1,1,704512,1,1
"KERNEL_DISPATCH","Agent 4",1,0,5908,2370,214,"gemm_kernel_v2",2370,2850418761463201,2850418763280982,0,0,68,4,32,512,1,1,704512,1,1
"KERNEL_DISPATCH","Agent 4",1,0,5908,2371,214,"gemm_kernel_v2",2371,2850418763280982,2850418765103564,0,0,68,4,32,512,1,1,704512,1,1
"KERNEL_DISPATCH","Agent 4",1,0,5908,2372,214,"gemm_kernel_v2",2372,2850418765103564,2850418766922785,0,0,68,4,32,512,1,1,704512,1,1
"KERNEL_DISPATCH","Agent 4",1,0,5908,2373,214,"gemm_kernel_v2",2373,2850418766922785,2850418768742327,0,0,68,4,32,512,1,1,704512,1,1
"KERNEL_DISPATCH","Agent 4",1,0,5908,2374,214,"gemm_kernel_v2",2374,2850418768742327,2850418770565229,0,0,68,4,32,512,1,1,704512,1,1
"KERNEL_DISPATCH","Agent 4",1,0,5908,2375,214,"gemm_kernel_v2",2375,2850418770565229,2850418772383650,0,0,68,4,32,512,1,1,704512,1,1
"KERNEL_DISPATCH","Agent 4",1,0,5908,2376,214,"gemm_kernel_v2",2376,2850418772383650,2850418774205112,0,0,68,4,32,512,1,1,704512,1,1
"KERNEL_DISPATCH","Agent 4",1,0,5908,2377,214,"gemm_kernel_v2",2377,2850418774205112,2850418776025933,0,0,68,4,32,512,1,1,704512,1,1
"KERNEL_DISPATCH","Agent 4",1,0,5908,2378,214,"gemm_kernel_v2",2378,2850418776025933,2850418777845955,0,0,68,4,32,512,1,1,704512,1,1
"KERNEL_DISPATCH","Agent 4",1,0,5908,2379,214,"gemm_kernel_v2",2379,2850418777846029,2850418779668130,0,0,68,4,32,512,1,1,704512,1,1
"KERNEL_DISPATCH","Agent 4",1,0,5908,2380,214,"gemm_kernel_v2",2380,2850418779668130,2850418781490391,0,0,68,4,32,512,1,1,704512,1,1
"KERNEL_DISPATCH","Agent 4",1,0,5908,2381,214,"gemm_kernel_v2",2381,2850418781490391,2850418783309293,0,0,68,4,32,512,1,1,704512,1,1
"KERNEL_DISPATCH","Agent 4",1,0,5908,2382,214,"gemm_kernel_v2",2382,2850418783309293,2850418785129314,0,0,68,4,32,512,1,1,704512,1,1
"KERNEL_DISPATCH","Agent 4",1,0,5908,2383,214,"gemm_kernel_v2",2383,2850418785129314,2850418786953656,0,0,68,4,32,512,1,1,704512,1,1
"KERNEL_DISPATCH","Agent 4",1,0,5908,2384,214,"gemm_kernel_v2",2384,2850418786953656,2850418788774317,0,0,68,4,32,512,1,1,704512,1,1
"KERNEL_DISPATCH","Agent 4",1,0,5908,2385,214,"gemm_kernel_v2",2385,2850418788774317,2850418790594659,0,0,68,4,32,512,1,1,704512,1,1
"KERNEL_DISPATCH","Agent 4",1,0,5908,2386,214,"gemm_kernel_v2",2386,2850418790594659,2850418792415160,0,0,68,4,32,512,1,1,704512,1,1
"KERNEL_DISPATCH","Agent 4",1,0,5908,2387,214,"gemm_kernel_v2",2387,2850418792415160,2850418794234862,0,0,68,4,32,512,1,1,704512,1,1
"KERNEL_DISPATCH","Agent 4",1,0,5908,2388,214,"gemm_kernel_v2",2388,2850418794234862,2850418796055684,0,0,68,4,32,512,1,1,704512,1,1
"KERNEL_DISPATCH","Agent 4",1,0,5908,2389,214,"gemm_kernel_v2",2389,2850418796055684,2850418797873625,0,0,68,4,32,512,1,1,704512,1,1
"KERNEL_DISPATCH","Agent 4",1,0,5908,2390,214,"gemm_kernel_v2",2390,2850418797873625,2850418799694447,0,0,68,4,32,512,1,1,704512,1,1
"KERNEL_DISPATCH","Agent 4",1,0,5908,2391,214,"gemm_kernel_v2",2391,2850418799694447,2850418801512068,0,0,68,4,32,512,1,1,704512,1,1
"KERNEL_DISPATCH","Agent 4",1,0,5908,2392,214,"gemm_kernel_v2",2392,2850418801512068,2850418803332090,0,0,68,4,32,512,1,1,704512,1,1
"KERNEL_DISPATCH","Agent 4",1,0,5908,2393,214,"gemm_kernel_v2",2393,2850418803332090,2850418805151791,0,0,68,4,32,512,1,1,704512,1,1
"KERNEL_DISPATCH","Agent 4",1,0,5908,2394,214,"gemm_kernel_v2",2394,2850418805151791,2850418806973093,0,0,68,4,32,512,1,1,704512,1,1
